Generating optimized solution for gdn_decode_qk4_v8_d128_k_last
Using workloads for optimization feedback: abec5d32-2409-4412-8683-472f3a091a54, b1931bc6-b8b6-44da-a83b-aa6cc4d4c275, f0507025-1db0-48de-b3d6-4faad5632558, 3daa0974-293c-4414-b3c2-1f04368c1189, 9a92acbc-6104-48c6-8176-601feee30001

[STAGE] init SolutionDB

[STAGE] initialize world model
WM status: nodes=4 attached_solutions=0 active_leaf_id=independent_row_closed_form depth=1
  last_trace: status=not_benchmarked speedup=- latency=-
  active_path: root:<root> | independent_row_closed_form:Select the state-row ownership and algebraic decomposition->independent_row_closed_form
  nodes_preview: root:<root> | independent_row_closed_form:Select t ... ecomposition→independent_row_closed_form | whole_head_closed_form:Select t ... ecomposition→whole_head_closed_form | materialized_dual_projection:Select t ... ecomposition→materialized_dual_projection
[STAGE] world model init latency: 89.87s

[STAGE] world model: select next action (cycle start @ round 1)
WM status: nodes=4 attached_solutions=0 active_leaf_id=independent_row_closed_form depth=1
  last_trace: status=not_benchmarked speedup=- latency=-
  active_path: root:<root> | independent_row_closed_form:Select the state-row ownership and algebraic decomposition->independent_row_closed_form
  nodes_preview: root:<root> | independent_row_closed_form:Select t ... ecomposition→independent_row_closed_form | whole_head_closed_form:Select t ... ecomposition→whole_head_closed_form | materialized_dual_projection:Select t ... ecomposition→materialized_dual_projection
World Model: Open Action Nodes (candidates) frontier=3 total_open=3
1. rating=9.0/10 score=0.87 diff=3/5 conf=0.84 vs_base~0.62x | node_id=independent_row_closed_form parent_id=root | Implement independent-row closed-form evaluation — Implement the algebraically simplified fused kernel with independent groups of V rows per batch/value-head. Compute FP32 r=S*k and z=S*q while retaining each row fragment, then directly write S_new and the BF16 output without rereading state.
2. rating=7.0/10 score=0.73 diff=3/5 conf=0.72 vs_base~0.69x | node_id=whole_head_closed_form parent_id=root | Implement whole-head closed-form evaluation — Implement one fused program unit per batch/value-head that reuses q, k, g, beta, and k dot q while iterating over all V rows, retaining only the currently processed row fragments.
3. rating=6.0/10 score=0.55 diff=3/5 conf=0.78 vs_base~0.90x | node_id=materialized_dual_projection parent_id=root | Implement materialized dual-projection decomposition — Implement a first pass that materializes FP32 r=S*k and z=S*q for every state row, followed by a low-register update pass that rereads state, writes S_new, and emits output using the stored projections.
World Model: Chosen Next Action (from decision tree node)
- node_id: independent_row_closed_form
- base_node_id: root
- title: Implement independent-row closed-form evaluation
- difficulty_1_to_5: 3
- description: Implement the algebraically simplified fused kernel with independent groups of V rows per batch/value-head. Compute FP32 r=S*k and z=S*q while retaining each row fragment, then directly write S_new and the BF16 output without rereading state.
- expected_vs_baseline_factor: 0.62x
- rationale: This reaches the minimum mandatory state traffic while exposing more independent work than a whole-head mapping, which is especially important when batch size is small.

=== Optimization Round 1/100 ===
[CYCLE] action_node=1 action_node_id=independent_row_closed_form attempt=1 parent_is_root=yes base_code=no

[STAGE] codegen: attempt 1 (round 1) no_improve_streak=0/5 no_improve_over_base=0/5

[STAGE] create Solution object from current code (round 1)

[STAGE] evaluate solution (round 1)
Round summary: passed 5/5 | mean_vs_baseline=- | mean_speedup=329.29x | mean_latency=0.0788 ms

=== Optimization Round 2/100 ===
[CYCLE] action_node=1 action_node_id=independent_row_closed_form attempt=2 parent_is_root=yes base_code=no

[STAGE] codegen: attempt 2 (round 2) no_improve_streak=0/5 no_improve_over_base=0/5

[STAGE] create Solution object from current code (round 2)

[STAGE] evaluate solution (round 2)
Round summary: passed 5/5 | mean_vs_baseline=- | mean_speedup=298.35x | mean_latency=0.0904 ms

=== Optimization Round 3/100 ===
[CYCLE] action_node=1 action_node_id=independent_row_closed_form attempt=3 parent_is_root=yes base_code=no

[STAGE] codegen: attempt 3 (round 3) no_improve_streak=1/5 no_improve_over_base=0/5

[STAGE] create Solution object from current code (round 3)

[STAGE] evaluate solution (round 3)
Round summary: passed 5/5 | mean_vs_baseline=- | mean_speedup=286.61x | mean_latency=0.0932 ms

=== Optimization Round 4/100 ===
[CYCLE] action_node=1 action_node_id=independent_row_closed_form attempt=4 parent_is_root=yes base_code=no

[STAGE] codegen: attempt 4 (round 4) no_improve_streak=2/5 no_improve_over_base=0/5

[STAGE] create Solution object from current code (round 4)

[STAGE] evaluate solution (round 4)
Round summary: passed 5/5 | mean_vs_baseline=- | mean_speedup=314.76x | mean_latency=0.0833 ms

=== Optimization Round 5/100 ===
[CYCLE] action_node=1 action_node_id=independent_row_closed_form attempt=5 parent_is_root=yes base_code=no

[STAGE] codegen: attempt 5 (round 5) no_improve_streak=3/5 no_improve_over_base=0/5

[STAGE] create Solution object from current code (round 5)

[STAGE] evaluate solution (round 5)
Round summary: passed 5/5 | mean_vs_baseline=- | mean_speedup=324.29x | mean_latency=0.0799 ms

[STAGE] cycle end: attach+refine best PASSED (round 1, score=329.294)
WM status: nodes=4 attached_solutions=1 active_leaf_id=independent_row_closed_form depth=1
  last_trace: status=not_benchmarked speedup=- latency=-
  active_path: root:<root> | independent_row_closed_form:Select the state-row ownership and algebraic decomposition->independent_row_closed_form
  nodes_preview: root:<root> | independent_row_closed_form:Select t ... ecomposition→independent_row_closed_form | whole_head_closed_form:Select t ... ecomposition→whole_head_closed_form | materialized_dual_projection:Select t ... ecomposition→materialized_dual_projection
[WM] apply_edit_ops: ops=5 updates=4 inserts=1 split_children=0 deletes=0 new_nodes_added=1/3 skipped_cap=0 skipped_missing_parent=0 skipped_parent_solution_id_mismatch=0 skipped_update_missing_node=0 skipped_insert_invalid_node=0 skipped_split_invalid_children=0 skipped_delete_not_allowed=0
WM status: nodes=5 attached_solutions=1 active_leaf_id=batch_adaptive_row_tiling depth=2
  last_trace: status=passed speedup=329.29x latency=0.0788ms
  active_path: root:<root> | independent_row_closed_form:Select the state-row ownership and algebraic decomposition->independent_row_closed_form | batch_adaptive_row_tiling:Choose row-tile size and warp configuration by batch regime->batch_adaptive_block_v
  nodes_preview: root:<root> | independent_row_closed_form:Select t ... ecomposition→independent_row_closed_form | whole_head_closed_form:Select t ... ecomposition→whole_head_closed_form | materialized_dual_projection:Select t ... ecomposition→materialized_dual_projection | batch_adaptive_row_tiling:Choose r ... batch regime→batch_adaptive_block_v

[STAGE] world model: select next action (cycle start @ round 6)
WM status: nodes=5 attached_solutions=1 active_leaf_id=batch_adaptive_row_tiling depth=2
  last_trace: status=passed speedup=329.29x latency=0.0788ms
  active_path: root:<root> | independent_row_closed_form:Select the state-row ownership and algebraic decomposition->independent_row_closed_form | batch_adaptive_row_tiling:Choose row-tile size and warp configuration by batch regime->batch_adaptive_block_v
  nodes_preview: root:<root> | independent_row_closed_form:Select t ... ecomposition→independent_row_closed_form | whole_head_closed_form:Select t ... ecomposition→whole_head_closed_form | materialized_dual_projection:Select t ... ecomposition→materialized_dual_projection | batch_adaptive_row_tiling:Choose r ... batch regime→batch_adaptive_block_v
World Model: Open Action Nodes (candidates) frontier=3 total_open=3
1. rating=8.1/10 score=0.79 diff=2/5 conf=0.70 vs_base~0.92x | node_id=batch_adaptive_row_tiling parent_id=independent_row_closed_form | Tune BLOCK_V and num_warps with batch-adaptive dispatch
2. rating=6.4/10 score=0.58 diff=4/5 conf=0.78 vs_base~0.76x | node_id=whole_head_closed_form parent_id=root | Evaluate whole-head closed-form ownership for large batches — Implement one fused program unit per batch/value-head that reuses q, k, g, beta, and k dot q while iterating over all V rows, retaining only the currently processed row fragments.
3. rating=4.6/10 score=0.34 diff=3/5 conf=0.84 vs_base~0.90x | node_id=materialized_dual_projection parent_id=root | Retain materialized dual projection only as a fallback — Implement a first pass that materializes FP32 r=S*k and z=S*q for every state row, followed by a low-register update pass that rereads state, writes S_new, and emits output using the stored projections.
World Model: Chosen Next Action (from decision tree node)
- node_id: batch_adaptive_row_tiling
- base_node_id: independent_row_closed_form
- title: Tune BLOCK_V and num_warps with batch-adaptive dispatch
- difficulty_1_to_5: 2
- expected_vs_baseline_factor: 0.92x

=== Optimization Round 6/100 ===
[CYCLE] action_node=2 action_node_id=batch_adaptive_row_tiling attempt=1 parent_is_root=no base_code=yes

[STAGE] codegen: attempt 1 (round 6) no_improve_streak=0/5 no_improve_over_base=0/5

[STAGE] create Solution object from current code (round 6)

[STAGE] evaluate solution (round 6)
Round summary: passed 5/5 | mean_vs_baseline=- | mean_speedup=327.59x | mean_latency=0.0802 ms

=== Optimization Round 7/100 ===
[CYCLE] action_node=2 action_node_id=batch_adaptive_row_tiling attempt=2 parent_is_root=no base_code=yes

[STAGE] codegen: attempt 2 (round 7) no_improve_streak=0/5 no_improve_over_base=1/5

[STAGE] create Solution object from current code (round 7)

[STAGE] evaluate solution (round 7)
Round summary: passed 5/5 | mean_vs_baseline=- | mean_speedup=326.59x | mean_latency=0.0792 ms

=== Optimization Round 8/100 ===
[CYCLE] action_node=2 action_node_id=batch_adaptive_row_tiling attempt=3 parent_is_root=no base_code=yes

[STAGE] codegen: attempt 3 (round 8) no_improve_streak=1/5 no_improve_over_base=2/5

[STAGE] create Solution object from current code (round 8)

[STAGE] evaluate solution (round 8)
Round summary: passed 5/5 | mean_vs_baseline=- | mean_speedup=328.52x | mean_latency=0.0790 ms

=== Optimization Round 9/100 ===
[CYCLE] action_node=2 action_node_id=batch_adaptive_row_tiling attempt=4 parent_is_root=no base_code=yes

[STAGE] codegen: attempt 4 (round 9) no_improve_streak=0/5 no_improve_over_base=3/5

[STAGE] create Solution object from current code (round 9)

[STAGE] evaluate solution (round 9)
Round summary: passed 5/5 | mean_vs_baseline=- | mean_speedup=310.23x | mean_latency=0.0810 ms

=== Optimization Round 10/100 ===
[CYCLE] action_node=2 action_node_id=batch_adaptive_row_tiling attempt=5 parent_is_root=no base_code=yes

[STAGE] codegen: attempt 5 (round 10) no_improve_streak=1/5 no_improve_over_base=4/5

[STAGE] create Solution object from current code (round 10)

[STAGE] evaluate solution (round 10)
Round summary: passed 5/5 | mean_vs_baseline=- | mean_speedup=325.07x | mean_latency=0.0795 ms

[STAGE] cycle end: attach+refine best PASSED (round 8, score=328.522)
WM status: nodes=5 attached_solutions=2 active_leaf_id=batch_adaptive_row_tiling depth=2
  last_trace: status=passed speedup=329.29x latency=0.0788ms
  active_path: root:<root> | independent_row_closed_form:Select the state-row ownership and algebraic decomposition->independent_row_closed_form | batch_adaptive_row_tiling:Choose row-tile size and warp configuration by batch regime->batch_adaptive_block_v
  nodes_preview: root:<root> | independent_row_closed_form:Select t ... ecomposition→independent_row_closed_form | whole_head_closed_form:Select t ... ecomposition→whole_head_closed_form | materialized_dual_projection:Select t ... ecomposition→materialized_dual_projection | batch_adaptive_row_tiling:Choose r ... batch regime→batch_adaptive_block_v
[WM] apply_edit_ops: ops=5 updates=4 inserts=0 split_children=0 deletes=0 new_nodes_added=0/3 skipped_cap=0 skipped_missing_parent=0 skipped_parent_solution_id_mismatch=1 skipped_update_missing_node=0 skipped_insert_invalid_node=0 skipped_split_invalid_children=0 skipped_delete_not_allowed=0
[WM][WARN] edit-ops had skipped operations; refine will retry if this was a refine call.
[WM] apply_edit_ops: ops=3 updates=2 inserts=0 split_children=0 deletes=0 new_nodes_added=0/3 skipped_cap=0 skipped_missing_parent=0 skipped_parent_solution_id_mismatch=1 skipped_update_missing_node=0 skipped_insert_invalid_node=0 skipped_split_invalid_children=0 skipped_delete_not_allowed=0
[WM][WARN] edit-ops had skipped operations; refine will retry if this was a refine call.
[WM] apply_edit_ops: ops=4 updates=2 inserts=0 split_children=0 deletes=1 new_nodes_added=0/3 skipped_cap=0 skipped_missing_parent=0 skipped_parent_solution_id_mismatch=1 skipped_update_missing_node=0 skipped_insert_invalid_node=0 skipped_split_invalid_children=0 skipped_delete_not_allowed=0
[WM][WARN] edit-ops had skipped operations; refine will retry if this was a refine call.
WM status: nodes=5 attached_solutions=2 active_leaf_id=batch_adaptive_row_tiling depth=2
  last_trace: status=passed speedup=328.52x latency=0.0790ms
  active_path: root:<root> | independent_row_closed_form:Select the state-row ownership and algebraic decomposition->independent_row_closed_form | batch_adaptive_row_tiling:Choose row-tile size and warp configuration by batch regime->batch_adaptive_block_v
  nodes_preview: root:<root> | independent_row_closed_form:Select t ... ecomposition→independent_row_closed_form | whole_head_closed_form:Select t ... ecomposition→whole_head_closed_form | batch_adaptive_row_tiling:Choose r ... batch regime→batch_adaptive_block_v | node_gdn_decode_qk4_v8_d128_k_last_r8_cont_1:Continue→Next-step refinement

[STAGE] world model: select next action (cycle start @ round 11)
[WM] apply_edit_ops: ops=4 updates=3 inserts=1 split_children=0 deletes=0 new_nodes_added=1/3 skipped_cap=0 skipped_missing_parent=0 skipped_parent_solution_id_mismatch=0 skipped_update_missing_node=0 skipped_insert_invalid_node=0 skipped_split_invalid_children=0 skipped_delete_not_allowed=0
WM status: nodes=6 attached_solutions=2 active_leaf_id=two_stage_gate_precompute depth=2
  last_trace: status=passed speedup=328.52x latency=0.0790ms
  active_path: root:<root> | independent_row_closed_form:Select the state-row ownership and algebraic decomposition->independent_row_closed_form | two_stage_gate_precompute:Choose fused versus precomputed gate evaluation->two_stage_gate_precompute
  nodes_preview: root:<root> | independent_row_closed_form:Select t ... ecomposition→independent_row_closed_form | whole_head_closed_form:Select t ... ecomposition→whole_head_closed_form | batch_adaptive_row_tiling:Choose r ... batch regime→batch_adaptive_block_v | node_gdn_decode_qk4_v8_d128_k_last_r8_cont_1:Reduce r ...  closed form→benchmark_block_v16_warp4 | two_stage_gate_precompute:Choose f ... e evaluation→two_stage_gate_precompute
World Model: Open Action Nodes (candidates) frontier=3 total_open=3
1. rating=6.7/10 score=0.67 diff=2/5 conf=0.72 vs_base~1.01x | node_id=node_gdn_decode_qk4_v8_d128_k_last_r8_cont_1 parent_id=batch_adaptive_row_tiling | Benchmark BLOCK_V=16 with four warps against fixed BLOCK_V=8 — Propose one small change that targets the primary bottleneck operation indicated by the latest eval (e.g., reduce sync, reduce redundant loads, or improve locality), without changing the overall mapping plan.
2. rating=6.2/10 score=0.61 diff=3/5 conf=0.62 vs_base~1.01x | node_id=two_stage_gate_precompute parent_id=independent_row_closed_form | Precompute decay and beta once per batch-value-head before row updates
3. rating=4.4/10 score=0.31 diff=4/5 conf=0.80 vs_base~1.08x | node_id=whole_head_closed_form parent_id=root | Evaluate whole-head closed-form ownership — Implement one fused program unit per batch/value-head that reuses q, k, g, beta, and k dot q while iterating over all V rows, retaining only the currently processed row fragments.
World Model: Chosen Next Action (from decision tree node)
- node_id: node_gdn_decode_qk4_v8_d128_k_last_r8_cont_1
- base_node_id: batch_adaptive_row_tiling
- title: Benchmark BLOCK_V=16 with four warps against fixed BLOCK_V=8
- difficulty_1_to_5: 2
- description: Propose one small change that targets the primary bottleneck operation indicated by the latest eval (e.g., reduce sync, reduce redundant loads, or improve locality), without changing the overall mapping plan.
- expected_vs_baseline_factor: 1.01x
- rationale: The parent design is working; this creates a clear single-iteration follow-up to improve it.

=== Optimization Round 11/100 ===
[CYCLE] action_node=3 action_node_id=node_gdn_decode_qk4_v8_d128_k_last_r8_cont_1 attempt=1 parent_is_root=no base_code=yes

[STAGE] codegen: attempt 1 (round 11) no_improve_streak=0/5 no_improve_over_base=0/5

[STAGE] create Solution object from current code (round 11)

[STAGE] evaluate solution (round 11)
Round summary: passed 5/5 | mean_vs_baseline=- | mean_speedup=327.76x | mean_latency=0.0792 ms

=== Optimization Round 12/100 ===
[CYCLE] action_node=3 action_node_id=node_gdn_decode_qk4_v8_d128_k_last_r8_cont_1 attempt=2 parent_is_root=no base_code=yes

[STAGE] codegen: attempt 2 (round 12) no_improve_streak=0/5 no_improve_over_base=1/5

[STAGE] create Solution object from current code (round 12)

[STAGE] evaluate solution (round 12)
Round summary: passed 5/5 | mean_vs_baseline=- | mean_speedup=322.83x | mean_latency=0.0795 ms

=== Optimization Round 13/100 ===
[CYCLE] action_node=3 action_node_id=node_gdn_decode_qk4_v8_d128_k_last_r8_cont_1 attempt=3 parent_is_root=no base_code=yes

[STAGE] codegen: attempt 3 (round 13) no_improve_streak=1/5 no_improve_over_base=2/5

[STAGE] create Solution object from current code (round 13)

[STAGE] evaluate solution (round 13)
Round summary: passed 5/5 | mean_vs_baseline=- | mean_speedup=320.54x | mean_latency=0.0824 ms

=== Optimization Round 14/100 ===
[CYCLE] action_node=3 action_node_id=node_gdn_decode_qk4_v8_d128_k_last_r8_cont_1 attempt=4 parent_is_root=no base_code=yes

[STAGE] codegen: attempt 4 (round 14) no_improve_streak=2/5 no_improve_over_base=3/5

[STAGE] create Solution object from current code (round 14)

[STAGE] evaluate solution (round 14)
Round summary: passed 5/5 | mean_vs_baseline=- | mean_speedup=319.69x | mean_latency=0.0803 ms

=== Optimization Round 15/100 ===
[CYCLE] action_node=3 action_node_id=node_gdn_decode_qk4_v8_d128_k_last_r8_cont_1 attempt=5 parent_is_root=no base_code=yes

[STAGE] codegen: attempt 5 (round 15) no_improve_streak=3/5 no_improve_over_base=4/5

[STAGE] create Solution object from current code (round 15)

[STAGE] evaluate solution (round 15)
Round summary: passed 5/5 | mean_vs_baseline=- | mean_speedup=312.68x | mean_latency=0.0842 ms

[STAGE] cycle end: attach+refine best PASSED (round 11, score=327.757)
WM status: nodes=6 attached_solutions=3 active_leaf_id=node_gdn_decode_qk4_v8_d128_k_last_r8_cont_1 depth=3
  last_trace: status=passed speedup=328.52x latency=0.0790ms
  active_path: root:<root> | independent_row_closed_form:Select the state-row ownership and algebraic decomposition->independent_row_closed_form | batch_adaptive_row_tiling:Choose row-tile size and warp configuration by batch regime->batch_adaptive_block_v | node_gdn_decode_qk4_v8_d128_k_last_r8_cont_1:Reduce row-program count while preserving the closed form->benchmark_block_v16_warp4
  nodes_preview: root:<root> | independent_row_closed_form:Select t ... ecomposition→independent_row_closed_form | whole_head_closed_form:Select t ... ecomposition→whole_head_closed_form | batch_adaptive_row_tiling:Choose r ... batch regime→batch_adaptive_block_v | node_gdn_decode_qk4_v8_d128_k_last_r8_cont_1:Reduce r ...  closed form→benchmark_block_v16_warp4 | two_stage_gate_precompute:Choose f ... e evaluation→two_stage_gate_precompute
[WM] apply_edit_ops: ops=3 updates=2 inserts=0 split_children=0 deletes=0 new_nodes_added=0/3 skipped_cap=0 skipped_missing_parent=0 skipped_parent_solution_id_mismatch=1 skipped_update_missing_node=0 skipped_insert_invalid_node=0 skipped_split_invalid_children=0 skipped_delete_not_allowed=0
[WM][WARN] edit-ops had skipped operations; refine will retry if this was a refine call.
[WM] apply_edit_ops: ops=4 updates=3 inserts=0 split_children=0 deletes=0 new_nodes_added=0/3 skipped_cap=0 skipped_missing_parent=0 skipped_parent_solution_id_mismatch=1 skipped_update_missing_node=0 skipped_insert_invalid_node=0 skipped_split_invalid_children=0 skipped_delete_not_allowed=0
[WM][WARN] edit-ops had skipped operations; refine will retry if this was a refine call.
[WM] apply_edit_ops: ops=4 updates=2 inserts=0 split_children=0 deletes=1 new_nodes_added=0/3 skipped_cap=0 skipped_missing_parent=0 skipped_parent_solution_id_mismatch=1 skipped_update_missing_node=0 skipped_insert_invalid_node=0 skipped_split_invalid_children=0 skipped_delete_not_allowed=0
[WM][WARN] edit-ops had skipped operations; refine will retry if this was a refine call.
WM status: nodes=6 attached_solutions=3 active_leaf_id=node_gdn_decode_qk4_v8_d128_k_last_r8_cont_1 depth=3
  last_trace: status=passed speedup=327.76x latency=0.0792ms
  active_path: root:<root> | independent_row_closed_form:Select the state-row ownership and algebraic decomposition->independent_row_closed_form | batch_adaptive_row_tiling:Choose row-tile size and warp configuration by batch regime->batch_adaptive_block_v | node_gdn_decode_qk4_v8_d128_k_last_r8_cont_1:Reduce row-program count while preserving the closed form->benchmark_block_v16_warp4
  nodes_preview: root:<root> | independent_row_closed_form:Select t ... ecomposition→independent_row_closed_form | whole_head_closed_form:Select t ... ecomposition→whole_head_closed_form | batch_adaptive_row_tiling:Choose r ... batch regime→batch_adaptive_block_v | node_gdn_decode_qk4_v8_d128_k_last_r8_cont_1:Reduce r ...  closed form→benchmark_block_v16_warp4 | node_gdn_decode_qk4_v8_d128_k_last_r11_cont_1:Continue→Next-step refinement

[STAGE] world model: select next action (cycle start @ round 16)
[WM] apply_edit_ops: ops=5 updates=4 inserts=1 split_children=0 deletes=0 new_nodes_added=1/3 skipped_cap=0 skipped_missing_parent=0 skipped_parent_solution_id_mismatch=0 skipped_update_missing_node=0 skipped_insert_invalid_node=0 skipped_split_invalid_children=0 skipped_delete_not_allowed=0
WM status: nodes=7 attached_solutions=3 active_leaf_id=node_gdn_decode_qk4_v8_d128_k_last_r11_cont_1 depth=4
  last_trace: status=passed speedup=327.76x latency=0.0792ms
  active_path: root:<root> | independent_row_closed_form:Select the state-row ownership and algebraic decomposition->independent_row_closed_form | batch_adaptive_row_tiling:Choose row-tile size and warp configuration by batch regime->batch_adaptive_block_v | node_gdn_decode_qk4_v8_d128_k_last_r8_cont_1:Reduce row-program count while preserving the closed form->benchmark_block_v16_warp4 | node_gdn_decode_qk4_v8_d128_k_last_r11_cont_1:Choose warp count for the fixed 16-row state tile->block_v16_num_warps8
  nodes_preview: root:<root> | independent_row_closed_form:Select t ... ecomposition→independent_row_closed_form | whole_head_closed_form:Select t ... ecomposition→whole_head_closed_form | batch_adaptive_row_tiling:Choose r ... batch regime→batch_adaptive_block_v | node_gdn_decode_qk4_v8_d128_k_last_r8_cont_1:Reduce r ...  closed form→benchmark_block_v16_warp4 | node_gdn_decode_qk4_v8_d128_k_last_r11_cont_1:Choose w ... w state tile→block_v16_num_warps8 | uniform_static_block_v32:Choose a ... f batch size→uniform_block_v32_warp4
World Model: Open Action Nodes (candidates) frontier=3 total_open=3
1. rating=6.4/10 score=0.61 diff=1/5 conf=0.68 vs_base~0.99x | node_id=node_gdn_decode_qk4_v8_d128_k_last_r11_cont_1 parent_id=node_gdn_decode_qk4_v8_d128_k_last_r8_cont_1 | Benchmark eight warps for the existing BLOCK_V=16 tile — Propose one small change that targets the primary bottleneck operation indicated by the latest eval (e.g., reduce sync, reduce redundant loads, or improve locality), without changing the overall mapping plan.
2. rating=6.1/10 score=0.56 diff=2/5 conf=0.58 vs_base~0.99x | node_id=uniform_static_block_v32 parent_id=independent_row_closed_form | Benchmark a uniform BLOCK_V=32, four-warp configuration
3. rating=4.4/10 score=0.31 diff=4/5 conf=0.80 vs_base~1.08x | node_id=whole_head_closed_form parent_id=root | Evaluate whole-head closed-form ownership — Implement one fused program unit per batch/value-head that reuses q, k, g, beta, and k dot q while iterating over all V rows, retaining only the currently processed row fragments.
World Model: Chosen Next Action (from decision tree node)
- node_id: node_gdn_decode_qk4_v8_d128_k_last_r11_cont_1
- base_node_id: node_gdn_decode_qk4_v8_d128_k_last_r8_cont_1
- title: Benchmark eight warps for the existing BLOCK_V=16 tile
- difficulty_1_to_5: 1
- description: Propose one small change that targets the primary bottleneck operation indicated by the latest eval (e.g., reduce sync, reduce redundant loads, or improve locality), without changing the overall mapping plan.
- expected_vs_baseline_factor: 0.99x
- rationale: The parent design is working; this creates a clear single-iteration follow-up to improve it.

=== Optimization Round 16/100 ===
[CYCLE] action_node=4 action_node_id=node_gdn_decode_qk4_v8_d128_k_last_r11_cont_1 attempt=1 parent_is_root=no base_code=yes

[STAGE] codegen: attempt 1 (round 16) no_improve_streak=0/5 no_improve_over_base=0/5

[STAGE] create Solution object from current code (round 16)

[STAGE] evaluate solution (round 16)
Round summary: passed 5/5 | mean_vs_baseline=- | mean_speedup=319.68x | mean_latency=0.0808 ms

=== Optimization Round 17/100 ===
[CYCLE] action_node=4 action_node_id=node_gdn_decode_qk4_v8_d128_k_last_r11_cont_1 attempt=2 parent_is_root=no base_code=yes

[STAGE] codegen: attempt 2 (round 17) no_improve_streak=0/5 no_improve_over_base=1/5

[STAGE] create Solution object from current code (round 17)

[STAGE] evaluate solution (round 17)
Round summary: passed 5/5 | mean_vs_baseline=- | mean_speedup=291.61x | mean_latency=0.0948 ms

=== Optimization Round 18/100 ===
[CYCLE] action_node=4 action_node_id=node_gdn_decode_qk4_v8_d128_k_last_r11_cont_1 attempt=3 parent_is_root=no base_code=yes

[STAGE] codegen: attempt 3 (round 18) no_improve_streak=1/5 no_improve_over_base=2/5

[STAGE] create Solution object from current code (round 18)

[STAGE] evaluate solution (round 18)
Round summary: passed 5/5 | mean_vs_baseline=- | mean_speedup=326.41x | mean_latency=0.0801 ms

=== Optimization Round 19/100 ===
[CYCLE] action_node=4 action_node_id=node_gdn_decode_qk4_v8_d128_k_last_r11_cont_1 attempt=4 parent_is_root=no base_code=yes

[STAGE] codegen: attempt 4 (round 19) no_improve_streak=0/5 no_improve_over_base=3/5

[STAGE] create Solution object from current code (round 19)

[STAGE] evaluate solution (round 19)
Round summary: passed 5/5 | mean_vs_baseline=- | mean_speedup=320.49x | mean_latency=0.0832 ms

=== Optimization Round 20/100 ===
[CYCLE] action_node=4 action_node_id=node_gdn_decode_qk4_v8_d128_k_last_r11_cont_1 attempt=5 parent_is_root=no base_code=yes

[STAGE] codegen: attempt 5 (round 20) no_improve_streak=1/5 no_improve_over_base=4/5

[STAGE] create Solution object from current code (round 20)

[STAGE] evaluate solution (round 20)
Round summary: passed 5/5 | mean_vs_baseline=- | mean_speedup=315.10x | mean_latency=0.0831 ms

[STAGE] cycle end: attach+refine best PASSED (round 18, score=326.414)
WM status: nodes=7 attached_solutions=4 active_leaf_id=node_gdn_decode_qk4_v8_d128_k_last_r11_cont_1 depth=4
  last_trace: status=passed speedup=327.76x latency=0.0792ms
  active_path: root:<root> | independent_row_closed_form:Select the state-row ownership and algebraic decomposition->independent_row_closed_form | batch_adaptive_row_tiling:Choose row-tile size and warp configuration by batch regime->batch_adaptive_block_v | node_gdn_decode_qk4_v8_d128_k_last_r8_cont_1:Reduce row-program count while preserving the closed form->benchmark_block_v16_warp4 | node_gdn_decode_qk4_v8_d128_k_last_r11_cont_1:Choose warp count for the fixed 16-row state tile->block_v16_num_warps8
  nodes_preview: root:<root> | independent_row_closed_form:Select t ... ecomposition→independent_row_closed_form | whole_head_closed_form:Select t ... ecomposition→whole_head_closed_form | batch_adaptive_row_tiling:Choose r ... batch regime→batch_adaptive_block_v | node_gdn_decode_qk4_v8_d128_k_last_r8_cont_1:Reduce r ...  closed form→benchmark_block_v16_warp4 | node_gdn_decode_qk4_v8_d128_k_last_r11_cont_1:Choose w ... w state tile→block_v16_num_warps8 | uniform_static_block_v32:Choose a ... f batch size→uniform_block_v32_warp4
[WM] apply_edit_ops: ops=4 updates=3 inserts=0 split_children=1 deletes=0 new_nodes_added=1/3 skipped_cap=0 skipped_missing_parent=0 skipped_parent_solution_id_mismatch=0 skipped_update_missing_node=0 skipped_insert_invalid_node=0 skipped_split_invalid_children=0 skipped_delete_not_allowed=0
WM status: nodes=8 attached_solutions=4 active_leaf_id=uniform_static_block_v32 depth=2
  last_trace: status=passed speedup=326.41x latency=0.0801ms
  active_path: root:<root> | independent_row_closed_form:Select the state-row ownership and algebraic decomposition->independent_row_closed_form | uniform_static_block_v32:Choose a uniform row-tile policy independent of batch size->uniform_block_v32_warp4
  nodes_preview: root:<root> | independent_row_closed_form:Select t ... ecomposition→independent_row_closed_form | whole_head_closed_form:Select t ... ecomposition→whole_head_closed_form | batch_adaptive_row_tiling:Choose r ... batch regime→batch_adaptive_block_v | node_gdn_decode_qk4_v8_d128_k_last_r8_cont_1:Reduce r ...  closed form→benchmark_block_v16_warp4 | node_gdn_decode_qk4_v8_d128_k_last_r11_cont_1:Choose w ... w state tile→block_v16_num_warps8 | uniform_static_block_v32:Choose a ... f batch size→uniform_block_v32_warp4 | node_gdn_decode_qk4_v8_d128_k_last_r12_stage2:Choose w ... ht-warp tile→block_v16_warp8_num_stages2

[STAGE] world model: select next action (cycle start @ round 21)
WM status: nodes=8 attached_solutions=4 active_leaf_id=uniform_static_block_v32 depth=2
  last_trace: status=passed speedup=326.41x latency=0.0801ms
  active_path: root:<root> | independent_row_closed_form:Select the state-row ownership and algebraic decomposition->independent_row_closed_form | uniform_static_block_v32:Choose a uniform row-tile policy independent of batch size->uniform_block_v32_warp4
  nodes_preview: root:<root> | independent_row_closed_form:Select t ... ecomposition→independent_row_closed_form | whole_head_closed_form:Select t ... ecomposition→whole_head_closed_form | batch_adaptive_row_tiling:Choose r ... batch regime→batch_adaptive_block_v | node_gdn_decode_qk4_v8_d128_k_last_r8_cont_1:Reduce r ...  closed form→benchmark_block_v16_warp4 | node_gdn_decode_qk4_v8_d128_k_last_r11_cont_1:Choose w ... w state tile→block_v16_num_warps8 | uniform_static_block_v32:Choose a ... f batch size→uniform_block_v32_warp4 | node_gdn_decode_qk4_v8_d128_k_last_r12_stage2:Choose w ... ht-warp tile→block_v16_warp8_num_stages2
World Model: Open Action Nodes (candidates) frontier=3 total_open=3
1. rating=7.4/10 score=0.71 diff=2/5 conf=0.72 vs_base~0.98x | node_id=uniform_static_block_v32 parent_id=independent_row_closed_form | Benchmark uniform BLOCK_V=32 with four warps
2. rating=4.6/10 score=0.27 diff=1/5 conf=0.48 vs_base~1.00x | node_id=node_gdn_decode_qk4_v8_d128_k_last_r12_stage2 parent_id=node_gdn_decode_qk4_v8_d128_k_last_r11_cont_1 | Test num_stages=2 for the existing eight-warp tile
3. rating=4.4/10 score=0.31 diff=4/5 conf=0.80 vs_base~1.08x | node_id=whole_head_closed_form parent_id=root | Evaluate whole-head closed-form ownership — Implement one fused program unit per batch/value-head that reuses q, k, g, beta, and k dot q while iterating over all V rows, retaining only the currently processed row fragments.
World Model: Chosen Next Action (from decision tree node)
- node_id: uniform_static_block_v32
- base_node_id: independent_row_closed_form
- title: Benchmark uniform BLOCK_V=32 with four warps
- difficulty_1_to_5: 2
- expected_vs_baseline_factor: 0.98x

=== Optimization Round 21/100 ===
[CYCLE] action_node=5 action_node_id=uniform_static_block_v32 attempt=1 parent_is_root=no base_code=yes

[STAGE] codegen: attempt 1 (round 21) no_improve_streak=0/5 no_improve_over_base=0/5

[STAGE] create Solution object from current code (round 21)

[STAGE] evaluate solution (round 21)
Round summary: passed 5/5 | mean_vs_baseline=- | mean_speedup=327.07x | mean_latency=0.0798 ms

=== Optimization Round 22/100 ===
[CYCLE] action_node=5 action_node_id=uniform_static_block_v32 attempt=2 parent_is_root=no base_code=yes

[STAGE] codegen: attempt 2 (round 22) no_improve_streak=0/5 no_improve_over_base=1/5

[STAGE] create Solution object from current code (round 22)

[STAGE] evaluate solution (round 22)
Round summary: passed 5/5 | mean_vs_baseline=- | mean_speedup=314.92x | mean_latency=0.0814 ms

=== Optimization Round 23/100 ===
[CYCLE] action_node=5 action_node_id=uniform_static_block_v32 attempt=3 parent_is_root=no base_code=yes

[STAGE] codegen: attempt 3 (round 23) no_improve_streak=1/5 no_improve_over_base=2/5

[STAGE] create Solution object from current code (round 23)

[STAGE] evaluate solution (round 23)
Round summary: passed 5/5 | mean_vs_baseline=- | mean_speedup=330.27x | mean_latency=0.0791 ms

=== Optimization Round 24/100 ===
[CYCLE] action_node=5 action_node_id=uniform_static_block_v32 attempt=4 parent_is_root=no base_code=yes

[STAGE] codegen: attempt 4 (round 24) no_improve_streak=0/5 no_improve_over_base=0/5

[STAGE] create Solution object from current code (round 24)

[STAGE] evaluate solution (round 24)
Round summary: passed 5/5 | mean_vs_baseline=- | mean_speedup=322.47x | mean_latency=0.0826 ms

=== Optimization Round 25/100 ===
[CYCLE] action_node=5 action_node_id=uniform_static_block_v32 attempt=5 parent_is_root=no base_code=yes

[STAGE] codegen: attempt 5 (round 25) no_improve_streak=1/5 no_improve_over_base=0/5

[STAGE] create Solution object from current code (round 25)

[STAGE] evaluate solution (round 25)
Round summary: passed 5/5 | mean_vs_baseline=- | mean_speedup=318.41x | mean_latency=0.0838 ms

[STAGE] cycle end: attach+refine best PASSED (round 23, score=330.273)
WM status: nodes=8 attached_solutions=5 active_leaf_id=uniform_static_block_v32 depth=2
  last_trace: status=passed speedup=326.41x latency=0.0801ms
  active_path: root:<root> | independent_row_closed_form:Select the state-row ownership and algebraic decomposition->independent_row_closed_form | uniform_static_block_v32:Choose a uniform row-tile policy independent of batch size->uniform_block_v32_warp4
  nodes_preview: root:<root> | independent_row_closed_form:Select t ... ecomposition→independent_row_closed_form | whole_head_closed_form:Select t ... ecomposition→whole_head_closed_form | batch_adaptive_row_tiling:Choose r ... batch regime→batch_adaptive_block_v | node_gdn_decode_qk4_v8_d128_k_last_r8_cont_1:Reduce r ...  closed form→benchmark_block_v16_warp4 | node_gdn_decode_qk4_v8_d128_k_last_r11_cont_1:Choose w ... w state tile→block_v16_num_warps8 | uniform_static_block_v32:Choose a ... f batch size→uniform_block_v32_warp4 | node_gdn_decode_qk4_v8_d128_k_last_r12_stage2:Choose w ... ht-warp tile→block_v16_warp8_num_stages2
[WM] apply_edit_ops: ops=4 updates=3 inserts=0 split_children=0 deletes=0 new_nodes_added=0/3 skipped_cap=0 skipped_missing_parent=0 skipped_parent_solution_id_mismatch=1 skipped_update_missing_node=0 skipped_insert_invalid_node=0 skipped_split_invalid_children=0 skipped_delete_not_allowed=0
[WM][WARN] edit-ops had skipped operations; refine will retry if this was a refine call.
[WM] apply_edit_ops: ops=2 updates=1 inserts=0 split_children=0 deletes=0 new_nodes_added=0/3 skipped_cap=0 skipped_missing_parent=0 skipped_parent_solution_id_mismatch=1 skipped_update_missing_node=0 skipped_insert_invalid_node=0 skipped_split_invalid_children=0 skipped_delete_not_allowed=0
[WM][WARN] edit-ops had skipped operations; refine will retry if this was a refine call.
[WM] apply_edit_ops: ops=3 updates=2 inserts=0 split_children=1 deletes=0 new_nodes_added=1/3 skipped_cap=0 skipped_missing_parent=0 skipped_parent_solution_id_mismatch=0 skipped_update_missing_node=0 skipped_insert_invalid_node=0 skipped_split_invalid_children=0 skipped_delete_not_allowed=0
WM status: nodes=9 attached_solutions=5 active_leaf_id=uniform_static_block_v32_stages2 depth=3
  last_trace: status=passed speedup=330.27x latency=0.0791ms
  active_path: root:<root> | independent_row_closed_form:Select the state-row ownership and algebraic decomposition->independent_row_closed_form | uniform_static_block_v32:Choose a uniform row-tile policy independent of batch size->uniform_block_v32_warp4 | uniform_static_block_v32_stages2:Choose whether limited software pipelining improves the proven uniform tile->block_v32_warp4_num_stages2
  nodes_preview: root:<root> | independent_row_closed_form:Select t ... ecomposition→independent_row_closed_form | whole_head_closed_form:Select t ... ecomposition→whole_head_closed_form | batch_adaptive_row_tiling:Choose r ... batch regime→batch_adaptive_block_v | node_gdn_decode_qk4_v8_d128_k_last_r8_cont_1:Reduce r ...  closed form→benchmark_block_v16_warp4 | node_gdn_decode_qk4_v8_d128_k_last_r11_cont_1:Choose w ... w state tile→block_v16_num_warps8 | uniform_static_block_v32:Choose a ... f batch size→uniform_block_v32_warp4 | node_gdn_decode_qk4_v8_d128_k_last_r12_stage2:Choose w ... ht-warp tile→block_v16_warp8_num_stages2 | ...

[STAGE] world model: select next action (cycle start @ round 26)
WM status: nodes=9 attached_solutions=5 active_leaf_id=uniform_static_block_v32_stages2 depth=3
  last_trace: status=passed speedup=330.27x latency=0.0791ms
  active_path: root:<root> | independent_row_closed_form:Select the state-row ownership and algebraic decomposition->independent_row_closed_form | uniform_static_block_v32:Choose a uniform row-tile policy independent of batch size->uniform_block_v32_warp4 | uniform_static_block_v32_stages2:Choose whether limited software pipelining improves the proven uniform tile->block_v32_warp4_num_stages2
  nodes_preview: root:<root> | independent_row_closed_form:Select t ... ecomposition→independent_row_closed_form | whole_head_closed_form:Select t ... ecomposition→whole_head_closed_form | batch_adaptive_row_tiling:Choose r ... batch regime→batch_adaptive_block_v | node_gdn_decode_qk4_v8_d128_k_last_r8_cont_1:Reduce r ...  closed form→benchmark_block_v16_warp4 | node_gdn_decode_qk4_v8_d128_k_last_r11_cont_1:Choose w ... w state tile→block_v16_num_warps8 | uniform_static_block_v32:Choose a ... f batch size→uniform_block_v32_warp4 | node_gdn_decode_qk4_v8_d128_k_last_r12_stage2:Choose w ... ht-warp tile→block_v16_warp8_num_stages2 | ...
World Model: Open Action Nodes (candidates) frontier=3 total_open=3
1. rating=6.2/10 score=0.58 diff=1/5 conf=0.62 vs_base~1.00x | node_id=uniform_static_block_v32_stages2 parent_id=uniform_static_block_v32 | Test num_stages=2 for BLOCK_V=32 with four warps
2. rating=4.6/10 score=0.27 diff=1/5 conf=0.48 vs_base~1.00x | node_id=node_gdn_decode_qk4_v8_d128_k_last_r12_stage2 parent_id=node_gdn_decode_qk4_v8_d128_k_last_r11_cont_1 | Test num_stages=2 for the existing eight-warp tile
3. rating=3.2/10 score=0.18 diff=4/5 conf=0.78 vs_base~1.08x | node_id=whole_head_closed_form parent_id=root | Evaluate whole-head closed-form ownership — Implement one fused program unit per batch/value-head that reuses q, k, g, beta, and k dot q while iterating over all V rows, retaining only the currently processed row fragments.
World Model: Chosen Next Action (from decision tree node)
- node_id: uniform_static_block_v32_stages2
- base_node_id: uniform_static_block_v32
- title: Test num_stages=2 for BLOCK_V=32 with four warps
- difficulty_1_to_5: 1
- expected_vs_baseline_factor: 1.00x

=== Optimization Round 26/100 ===
[CYCLE] action_node=6 action_node_id=uniform_static_block_v32_stages2 attempt=1 parent_is_root=no base_code=yes

[STAGE] codegen: attempt 1 (round 26) no_improve_streak=0/5 no_improve_over_base=0/5

[STAGE] create Solution object from current code (round 26)

[STAGE] evaluate solution (round 26)
Round summary: passed 5/5 | mean_vs_baseline=- | mean_speedup=328.05x | mean_latency=0.0793 ms

=== Optimization Round 27/100 ===
[CYCLE] action_node=6 action_node_id=uniform_static_block_v32_stages2 attempt=2 parent_is_root=no base_code=yes

[STAGE] codegen: attempt 2 (round 27) no_improve_streak=0/5 no_improve_over_base=1/5

[STAGE] create Solution object from current code (round 27)

[STAGE] evaluate solution (round 27)
Round summary: passed 5/5 | mean_vs_baseline=- | mean_speedup=319.21x | mean_latency=0.0834 ms

=== Optimization Round 28/100 ===
[CYCLE] action_node=6 action_node_id=uniform_static_block_v32_stages2 attempt=3 parent_is_root=no base_code=yes

[STAGE] codegen: attempt 3 (round 28) no_improve_streak=1/5 no_improve_over_base=2/5

[STAGE] create Solution object from current code (round 28)

[STAGE] evaluate solution (round 28)
Round summary: passed 5/5 | mean_vs_baseline=- | mean_speedup=320.90x | mean_latency=0.0814 ms

=== Optimization Round 29/100 ===
[CYCLE] action_node=6 action_node_id=uniform_static_block_v32_stages2 attempt=4 parent_is_root=no base_code=yes

[STAGE] codegen: attempt 4 (round 29) no_improve_streak=2/5 no_improve_over_base=3/5

[STAGE] create Solution object from current code (round 29)

[STAGE] evaluate solution (round 29)
Round summary: passed 5/5 | mean_vs_baseline=- | mean_speedup=327.25x | mean_latency=0.0803 ms

=== Optimization Round 30/100 ===
[CYCLE] action_node=6 action_node_id=uniform_static_block_v32_stages2 attempt=5 parent_is_root=no base_code=yes

[STAGE] codegen: attempt 5 (round 30) no_improve_streak=3/5 no_improve_over_base=4/5

[STAGE] create Solution object from current code (round 30)

[STAGE] evaluate solution (round 30)
Round summary: passed 5/5 | mean_vs_baseline=- | mean_speedup=322.04x | mean_latency=0.0798 ms

[STAGE] cycle end: attach+refine best PASSED (round 26, score=328.053)
WM status: nodes=9 attached_solutions=6 active_leaf_id=uniform_static_block_v32_stages2 depth=3
  last_trace: status=passed speedup=330.27x latency=0.0791ms
  active_path: root:<root> | independent_row_closed_form:Select the state-row ownership and algebraic decomposition->independent_row_closed_form | uniform_static_block_v32:Choose a uniform row-tile policy independent of batch size->uniform_block_v32_warp4 | uniform_static_block_v32_stages2:Choose whether limited software pipelining improves the proven uniform tile->block_v32_warp4_num_stages2
  nodes_preview: root:<root> | independent_row_closed_form:Select t ... ecomposition→independent_row_closed_form | whole_head_closed_form:Select t ... ecomposition→whole_head_closed_form | batch_adaptive_row_tiling:Choose r ... batch regime→batch_adaptive_block_v | node_gdn_decode_qk4_v8_d128_k_last_r8_cont_1:Reduce r ...  closed form→benchmark_block_v16_warp4 | node_gdn_decode_qk4_v8_d128_k_last_r11_cont_1:Choose w ... w state tile→block_v16_num_warps8 | uniform_static_block_v32:Choose a ... f batch size→uniform_block_v32_warp4 | node_gdn_decode_qk4_v8_d128_k_last_r12_stage2:Choose w ... ht-warp tile→block_v16_warp8_num_stages2 | ...
[WM] apply_edit_ops: ops=4 updates=2 inserts=0 split_children=1 deletes=1 new_nodes_added=1/3 skipped_cap=0 skipped_missing_parent=0 skipped_parent_solution_id_mismatch=0 skipped_update_missing_node=0 skipped_insert_invalid_node=0 skipped_split_invalid_children=0 skipped_delete_not_allowed=0
WM status: nodes=9 attached_solutions=6 active_leaf_id=whole_head_closed_form depth=1
  last_trace: status=passed speedup=328.05x latency=0.0793ms
  active_path: root:<root> | whole_head_closed_form:Select the state-row ownership and algebraic decomposition->whole_head_closed_form
  nodes_preview: root:<root> | independent_row_closed_form:Select t ... ecomposition→independent_row_closed_form | whole_head_closed_form:Select t ... ecomposition→whole_head_closed_form | batch_adaptive_row_tiling:Choose r ... batch regime→batch_adaptive_block_v | node_gdn_decode_qk4_v8_d128_k_last_r8_cont_1:Reduce r ...  closed form→benchmark_block_v16_warp4 | node_gdn_decode_qk4_v8_d128_k_last_r11_cont_1:Choose w ... w state tile→block_v16_num_warps8 | uniform_static_block_v32:Choose a ... f batch size→uniform_block_v32_warp4 | uniform_static_block_v32_stages2:Choose w ... uniform tile→block_v32_warp4_num_stages2 | ...

[STAGE] world model: select next action (cycle start @ round 31)
[WM] apply_edit_ops: ops=4 updates=3 inserts=1 split_children=0 deletes=0 new_nodes_added=1/3 skipped_cap=0 skipped_missing_parent=0 skipped_parent_solution_id_mismatch=0 skipped_update_missing_node=0 skipped_insert_invalid_node=0 skipped_split_invalid_children=0 skipped_delete_not_allowed=0
WM status: nodes=10 attached_solutions=6 active_leaf_id=uniform_static_block_v32_warp8 depth=3
  last_trace: status=passed speedup=328.05x latency=0.0793ms
  active_path: root:<root> | independent_row_closed_form:Select the state-row ownership and algebraic decomposition->independent_row_closed_form | uniform_static_block_v32:Choose a uniform row-tile policy independent of batch size->uniform_block_v32_warp4 | uniform_static_block_v32_warp8:Choose the warp count for the fixed BLOCK_V=32 independent-row tile->block_v32_warp8_num_stages2
  nodes_preview: root:<root> | independent_row_closed_form:Select t ... ecomposition→independent_row_closed_form | whole_head_closed_form:Select t ... ecomposition→whole_head_closed_form | batch_adaptive_row_tiling:Choose r ... batch regime→batch_adaptive_block_v | node_gdn_decode_qk4_v8_d128_k_last_r8_cont_1:Reduce r ...  closed form→benchmark_block_v16_warp4 | node_gdn_decode_qk4_v8_d128_k_last_r11_cont_1:Choose w ... w state tile→block_v16_num_warps8 | uniform_static_block_v32:Choose a ... f batch size→uniform_block_v32_warp4 | uniform_static_block_v32_stages2:Choose w ... uniform tile→block_v32_warp4_num_stages2 | ...
World Model: Open Action Nodes (candidates) frontier=3 total_open=3
1. rating=6.8/10 score=0.61 diff=1/5 conf=0.58 vs_base~0.98x | node_id=uniform_static_block_v32_warp8 parent_id=uniform_static_block_v32 | Benchmark BLOCK_V=32 with eight warps and num_stages=2
2. rating=4.2/10 score=0.28 diff=4/5 conf=0.91 vs_base~1.01x | node_id=whole_head_closed_form parent_id=root | Evaluate whole-head ownership with shared head-level work — Implement one fused program unit per batch/value-head that reuses q, k, g, beta, and k dot q while iterating over all V rows, retaining only the currently processed row fragments.
3. rating=4.1/10 score=0.22 diff=1/5 conf=0.82 vs_base~0.99x | node_id=uniform_static_block_v32_stages3 parent_id=uniform_static_block_v32_stages2 | Run a low-priority num_stages=3 sensitivity check
World Model: Chosen Next Action (from decision tree node)
- node_id: uniform_static_block_v32_warp8
- base_node_id: uniform_static_block_v32
- title: Benchmark BLOCK_V=32 with eight warps and num_stages=2
- difficulty_1_to_5: 1
- expected_vs_baseline_factor: 0.98x

=== Optimization Round 31/100 ===
[CYCLE] action_node=7 action_node_id=uniform_static_block_v32_warp8 attempt=1 parent_is_root=no base_code=yes

[STAGE] codegen: attempt 1 (round 31) no_improve_streak=0/5 no_improve_over_base=0/5

[STAGE] create Solution object from current code (round 31)

[STAGE] evaluate solution (round 31)
Round summary: passed 5/5 | mean_vs_baseline=- | mean_speedup=307.32x | mean_latency=0.0819 ms

=== Optimization Round 32/100 ===
[CYCLE] action_node=7 action_node_id=uniform_static_block_v32_warp8 attempt=2 parent_is_root=no base_code=yes

[STAGE] codegen: attempt 2 (round 32) no_improve_streak=0/5 no_improve_over_base=1/5

[STAGE] create Solution object from current code (round 32)

[STAGE] evaluate solution (round 32)
Round summary: passed 5/5 | mean_vs_baseline=- | mean_speedup=322.52x | mean_latency=0.0819 ms

=== Optimization Round 33/100 ===
[CYCLE] action_node=7 action_node_id=uniform_static_block_v32_warp8 attempt=3 parent_is_root=no base_code=yes

[STAGE] codegen: attempt 3 (round 33) no_improve_streak=0/5 no_improve_over_base=2/5

[STAGE] create Solution object from current code (round 33)

[STAGE] evaluate solution (round 33)
Round summary: passed 5/5 | mean_vs_baseline=- | mean_speedup=318.59x | mean_latency=0.0851 ms

=== Optimization Round 34/100 ===
[CYCLE] action_node=7 action_node_id=uniform_static_block_v32_warp8 attempt=4 parent_is_root=no base_code=yes

[STAGE] codegen: attempt 4 (round 34) no_improve_streak=1/5 no_improve_over_base=3/5

[STAGE] create Solution object from current code (round 34)

[STAGE] evaluate solution (round 34)
Round summary: passed 5/5 | mean_vs_baseline=- | mean_speedup=327.73x | mean_latency=0.0806 ms

=== Optimization Round 35/100 ===
[CYCLE] action_node=7 action_node_id=uniform_static_block_v32_warp8 attempt=5 parent_is_root=no base_code=yes

[STAGE] codegen: attempt 5 (round 35) no_improve_streak=0/5 no_improve_over_base=4/5

[STAGE] create Solution object from current code (round 35)

[STAGE] evaluate solution (round 35)
Round summary: passed 5/5 | mean_vs_baseline=- | mean_speedup=326.53x | mean_latency=0.0798 ms

[STAGE] cycle end: attach+refine best PASSED (round 34, score=327.731)
WM status: nodes=10 attached_solutions=7 active_leaf_id=uniform_static_block_v32_warp8 depth=3
  last_trace: status=passed speedup=328.05x latency=0.0793ms
  active_path: root:<root> | independent_row_closed_form:Select the state-row ownership and algebraic decomposition->independent_row_closed_form | uniform_static_block_v32:Choose a uniform row-tile policy independent of batch size->uniform_block_v32_warp4 | uniform_static_block_v32_warp8:Choose the warp count for the fixed BLOCK_V=32 independent-row tile->block_v32_warp8_num_stages2
  nodes_preview: root:<root> | independent_row_closed_form:Select t ... ecomposition→independent_row_closed_form | whole_head_closed_form:Select t ... ecomposition→whole_head_closed_form | batch_adaptive_row_tiling:Choose r ... batch regime→batch_adaptive_block_v | node_gdn_decode_qk4_v8_d128_k_last_r8_cont_1:Reduce r ...  closed form→benchmark_block_v16_warp4 | node_gdn_decode_qk4_v8_d128_k_last_r11_cont_1:Choose w ... w state tile→block_v16_num_warps8 | uniform_static_block_v32:Choose a ... f batch size→uniform_block_v32_warp4 | uniform_static_block_v32_stages2:Choose w ... uniform tile→block_v32_warp4_num_stages2 | ...
[WM] apply_edit_ops: ops=3 updates=2 inserts=0 split_children=0 deletes=0 new_nodes_added=0/3 skipped_cap=0 skipped_missing_parent=0 skipped_parent_solution_id_mismatch=1 skipped_update_missing_node=0 skipped_insert_invalid_node=0 skipped_split_invalid_children=0 skipped_delete_not_allowed=0
[WM][WARN] edit-ops had skipped operations; refine will retry if this was a refine call.
[WM] apply_edit_ops: ops=3 updates=2 inserts=0 split_children=0 deletes=0 new_nodes_added=0/3 skipped_cap=0 skipped_missing_parent=0 skipped_parent_solution_id_mismatch=1 skipped_update_missing_node=0 skipped_insert_invalid_node=0 skipped_split_invalid_children=0 skipped_delete_not_allowed=0
[WM][WARN] edit-ops had skipped operations; refine will retry if this was a refine call.
[WM] apply_edit_ops: ops=3 updates=2 inserts=0 split_children=1 deletes=0 new_nodes_added=1/3 skipped_cap=0 skipped_missing_parent=0 skipped_parent_solution_id_mismatch=0 skipped_update_missing_node=0 skipped_insert_invalid_node=0 skipped_split_invalid_children=0 skipped_delete_not_allowed=0
WM status: nodes=11 attached_solutions=7 active_leaf_id=uniform_static_block_v32_warp8_corrected_launch depth=4
  last_trace: status=passed speedup=327.73x latency=0.0806ms
  active_path: root:<root> | independent_row_closed_form:Select the state-row ownership and algebraic decomposition->independent_row_closed_form | uniform_static_block_v32:Choose a uniform row-tile policy independent of batch size->uniform_block_v32_warp4 | uniform_static_block_v32_warp8:Choose the warp count for the fixed BLOCK_V=32 independent-row tile->block_v32_warp8_num_stages2 | uniform_static_block_v32_warp8_corrected_launch:Correct and benchmark the intended eight-warp launch while preserving the fixed BLOCK_V=32 row mapping->block_v32_warp8_num_stages2_corrected
  nodes_preview: root:<root> | independent_row_closed_form:Select t ... ecomposition→independent_row_closed_form | whole_head_closed_form:Select t ... ecomposition→whole_head_closed_form | batch_adaptive_row_tiling:Choose r ... batch regime→batch_adaptive_block_v | node_gdn_decode_qk4_v8_d128_k_last_r8_cont_1:Reduce r ...  closed form→benchmark_block_v16_warp4 | node_gdn_decode_qk4_v8_d128_k_last_r11_cont_1:Choose w ... w state tile→block_v16_num_warps8 | uniform_static_block_v32:Choose a ... f batch size→uniform_block_v32_warp4 | uniform_static_block_v32_stages2:Choose w ... uniform tile→block_v32_warp4_num_stages2 | ...

[STAGE] world model: select next action (cycle start @ round 36)
[WM] apply_edit_ops: ops=5 updates=3 inserts=1 split_children=0 deletes=0 new_nodes_added=1/3 skipped_cap=0 skipped_missing_parent=0 skipped_parent_solution_id_mismatch=1 skipped_update_missing_node=0 skipped_insert_invalid_node=0 skipped_split_invalid_children=0 skipped_delete_not_allowed=0
[WM][WARN] edit-ops had skipped operations; refine will retry if this was a refine call.
WM status: nodes=13 attached_solutions=7 active_leaf_id=uniform_static_block_v32_warp8_corrected_launch_stages1 depth=5
  last_trace: status=passed speedup=327.73x latency=0.0806ms
  active_path: root:<root> | independent_row_closed_form:Select the state-row ownership and algebraic decomposition->independent_row_closed_form | uniform_static_block_v32:Choose a uniform row-tile policy independent of batch size->uniform_block_v32_warp4 | uniform_static_block_v32_warp8:Choose the warp count for the fixed BLOCK_V=32 independent-row tile->block_v32_warp8_num_stages2 | uniform_static_block_v32_warp8_corrected_launch:Correct and benchmark the intended eight-warp launch while preserving the fixed BLOCK_V=32 row mapping->block_v32_warp8_num_stages2_corrected | uniform_static_block_v32_warp8_corrected_launch_stages1:Choose whether one pipeline stage improves the corrected eight-warp launch->block_v32_warp8_num_stages1
  nodes_preview: root:<root> | independent_row_closed_form:Select t ... ecomposition→independent_row_closed_form | whole_head_closed_form:Select t ... ecomposition→whole_head_closed_form | batch_adaptive_row_tiling:Choose r ... batch regime→batch_adaptive_block_v | node_gdn_decode_qk4_v8_d128_k_last_r8_cont_1:Reduce r ...  closed form→benchmark_block_v16_warp4 | node_gdn_decode_qk4_v8_d128_k_last_r11_cont_1:Choose w ... w state tile→block_v16_num_warps8 | uniform_static_block_v32:Choose a ... f batch size→uniform_block_v32_warp4 | uniform_static_block_v32_stages2:Choose w ... uniform tile→block_v32_warp4_num_stages2 | ...
World Model: Open Action Nodes (candidates) frontier=4 total_open=5
1. rating=10.0/10 score=0.60 diff=2/5 conf=1.00 vs_base~? | node_id=node_best_cont_r36_1 parent_id=uniform_static_block_v32 | Refine best solution: target the top bottleneck — Propose one small change that targets the primary bottleneck indicated by the latest eval on the best solution, without changing the overall mapping plan.
2. rating=7.6/10 score=0.59 diff=1/5 conf=0.98 vs_base~1.01x | node_id=uniform_static_block_v32_warp8_corrected_launch parent_id=uniform_static_block_v32_warp8 | Benchmark the corrected BLOCK_V=32 eight-warp launch
3. rating=4.2/10 score=0.28 diff=4/5 conf=0.91 vs_base~1.01x | node_id=whole_head_closed_form parent_id=root | Evaluate whole-head ownership with shared head-level work — Implement one fused program unit per batch/value-head that reuses q, k, g, beta, and k dot q while iterating over all V rows, retaining only the currently processed row fragments.
4. rating=4.1/10 score=0.22 diff=1/5 conf=0.82 vs_base~0.99x | node_id=uniform_static_block_v32_stages3 parent_id=uniform_static_block_v32_stages2 | Run a low-priority num_stages=3 sensitivity check
World Model: Chosen Next Action (from decision tree node)
- node_id: node_best_cont_r36_1
- base_node_id: uniform_static_block_v32
- title: Refine best solution: target the top bottleneck
- difficulty_1_to_5: 2
- description: Propose one small change that targets the primary bottleneck indicated by the latest eval on the best solution, without changing the overall mapping plan.
- rationale: The best solution should always have a continuation path for further improvement.

=== Optimization Round 36/100 ===
[CYCLE] action_node=8 action_node_id=node_best_cont_r36_1 attempt=1 parent_is_root=no base_code=yes

[STAGE] codegen: attempt 1 (round 36) no_improve_streak=0/5 no_improve_over_base=0/5

[STAGE] create Solution object from current code (round 36)

[STAGE] evaluate solution (round 36)
Round summary: passed 5/5 | mean_vs_baseline=- | mean_speedup=331.40x | mean_latency=0.0803 ms

=== Optimization Round 37/100 ===
[CYCLE] action_node=8 action_node_id=node_best_cont_r36_1 attempt=2 parent_is_root=no base_code=yes

[STAGE] codegen: attempt 2 (round 37) no_improve_streak=0/5 no_improve_over_base=0/5

[STAGE] create Solution object from current code (round 37)

[STAGE] evaluate solution (round 37)
Round summary: passed 5/5 | mean_vs_baseline=- | mean_speedup=312.89x | mean_latency=0.0961 ms

=== Optimization Round 38/100 ===
[CYCLE] action_node=8 action_node_id=node_best_cont_r36_1 attempt=3 parent_is_root=no base_code=yes

[STAGE] codegen: attempt 3 (round 38) no_improve_streak=1/5 no_improve_over_base=0/5

[STAGE] create Solution object from current code (round 38)

[STAGE] evaluate solution (round 38)
Round summary: passed 5/5 | mean_vs_baseline=- | mean_speedup=326.98x | mean_latency=0.0794 ms

=== Optimization Round 39/100 ===
[CYCLE] action_node=8 action_node_id=node_best_cont_r36_1 attempt=4 parent_is_root=no base_code=yes

[STAGE] codegen: attempt 4 (round 39) no_improve_streak=2/5 no_improve_over_base=0/5

[STAGE] create Solution object from current code (round 39)

[STAGE] evaluate solution (round 39)
Round summary: passed 5/5 | mean_vs_baseline=- | mean_speedup=313.41x | mean_latency=0.0807 ms

=== Optimization Round 40/100 ===
[CYCLE] action_node=8 action_node_id=node_best_cont_r36_1 attempt=5 parent_is_root=no base_code=yes

[STAGE] codegen: attempt 5 (round 40) no_improve_streak=3/5 no_improve_over_base=0/5

[STAGE] create Solution object from current code (round 40)

[STAGE] evaluate solution (round 40)
Round summary: passed 5/5 | mean_vs_baseline=- | mean_speedup=332.75x | mean_latency=0.0792 ms

[STAGE] cycle end: attach+refine best PASSED (round 40, score=332.749)
WM status: nodes=13 attached_solutions=8 active_leaf_id=node_best_cont_r36_1 depth=3
  last_trace: status=passed speedup=327.73x latency=0.0806ms
  active_path: root:<root> | independent_row_closed_form:Select the state-row ownership and algebraic decomposition->independent_row_closed_form | uniform_static_block_v32:Choose a uniform row-tile policy independent of batch size->uniform_block_v32_warp4 | node_best_cont_r36_1:Continue from best->Next-step refinement of best solution
  nodes_preview: root:<root> | independent_row_closed_form:Select t ... ecomposition→independent_row_closed_form | whole_head_closed_form:Select t ... ecomposition→whole_head_closed_form | batch_adaptive_row_tiling:Choose r ... batch regime→batch_adaptive_block_v | node_gdn_decode_qk4_v8_d128_k_last_r8_cont_1:Reduce r ...  closed form→benchmark_block_v16_warp4 | node_gdn_decode_qk4_v8_d128_k_last_r11_cont_1:Choose w ... w state tile→block_v16_num_warps8 | uniform_static_block_v32:Choose a ... f batch size→uniform_block_v32_warp4 | uniform_static_block_v32_stages2:Choose w ... uniform tile→block_v32_warp4_num_stages2 | ...
[WM] apply_edit_ops: ops=3 updates=2 inserts=1 split_children=0 deletes=0 new_nodes_added=1/3 skipped_cap=0 skipped_missing_parent=0 skipped_parent_solution_id_mismatch=0 skipped_update_missing_node=0 skipped_insert_invalid_node=0 skipped_split_invalid_children=0 skipped_delete_not_allowed=0
WM status: nodes=14 attached_solutions=8 active_leaf_id=node_best_cont_r36_alignment_hints depth=4
  last_trace: status=passed speedup=332.75x latency=0.0792ms
  active_path: root:<root> | independent_row_closed_form:Select the state-row ownership and algebraic decomposition->independent_row_closed_form | uniform_static_block_v32:Choose a uniform row-tile policy independent of batch size->uniform_block_v32_warp4 | node_best_cont_r36_1:Continue from best->Next-step refinement of best solution | node_best_cont_r36_alignment_hints:Choose whether explicit alignment and contiguity hints improve code generation while preserving the best BLOCK_V=32 mapping->add_state_row_alignment_hints
  nodes_preview: root:<root> | independent_row_closed_form:Select t ... ecomposition→independent_row_closed_form | whole_head_closed_form:Select t ... ecomposition→whole_head_closed_form | batch_adaptive_row_tiling:Choose r ... batch regime→batch_adaptive_block_v | node_gdn_decode_qk4_v8_d128_k_last_r8_cont_1:Reduce r ...  closed form→benchmark_block_v16_warp4 | node_gdn_decode_qk4_v8_d128_k_last_r11_cont_1:Choose w ... w state tile→block_v16_num_warps8 | uniform_static_block_v32:Choose a ... f batch size→uniform_block_v32_warp4 | uniform_static_block_v32_stages2:Choose w ... uniform tile→block_v32_warp4_num_stages2 | ...

[STAGE] world model: select next action (cycle start @ round 41)
WM status: nodes=14 attached_solutions=8 active_leaf_id=node_best_cont_r36_alignment_hints depth=4
  last_trace: status=passed speedup=332.75x latency=0.0792ms
  active_path: root:<root> | independent_row_closed_form:Select the state-row ownership and algebraic decomposition->independent_row_closed_form | uniform_static_block_v32:Choose a uniform row-tile policy independent of batch size->uniform_block_v32_warp4 | node_best_cont_r36_1:Continue from best->Next-step refinement of best solution | node_best_cont_r36_alignment_hints:Choose whether explicit alignment and contiguity hints improve code generation while preserving the best BLOCK_V=32 mapping->add_state_row_alignment_hints
  nodes_preview: root:<root> | independent_row_closed_form:Select t ... ecomposition→independent_row_closed_form | whole_head_closed_form:Select t ... ecomposition→whole_head_closed_form | batch_adaptive_row_tiling:Choose r ... batch regime→batch_adaptive_block_v | node_gdn_decode_qk4_v8_d128_k_last_r8_cont_1:Reduce r ...  closed form→benchmark_block_v16_warp4 | node_gdn_decode_qk4_v8_d128_k_last_r11_cont_1:Choose w ... w state tile→block_v16_num_warps8 | uniform_static_block_v32:Choose a ... f batch size→uniform_block_v32_warp4 | uniform_static_block_v32_stages2:Choose w ... uniform tile→block_v32_warp4_num_stages2 | ...
World Model: Open Action Nodes (candidates) frontier=4 total_open=5
1. rating=7.6/10 score=0.59 diff=1/5 conf=0.98 vs_base~1.01x | node_id=uniform_static_block_v32_warp8_corrected_launch parent_id=uniform_static_block_v32_warp8 | Benchmark the corrected BLOCK_V=32 eight-warp launch
2. rating=7.2/10 score=0.62 diff=1/5 conf=0.56 vs_base~0.99x | node_id=node_best_cont_r36_alignment_hints parent_id=node_best_cont_r36_1 | Add alignment and contiguity hints to the fixed row tile
3. rating=4.2/10 score=0.28 diff=4/5 conf=0.91 vs_base~1.01x | node_id=whole_head_closed_form parent_id=root | Evaluate whole-head ownership with shared head-level work — Implement one fused program unit per batch/value-head that reuses q, k, g, beta, and k dot q while iterating over all V rows, retaining only the currently processed row fragments.
4. rating=4.1/10 score=0.22 diff=1/5 conf=0.82 vs_base~0.99x | node_id=uniform_static_block_v32_stages3 parent_id=uniform_static_block_v32_stages2 | Run a low-priority num_stages=3 sensitivity check
World Model: Chosen Next Action (from decision tree node)
- node_id: node_best_cont_r36_alignment_hints
- base_node_id: node_best_cont_r36_1
- title: Add alignment and contiguity hints to the fixed row tile
- difficulty_1_to_5: 1
- expected_vs_baseline_factor: 0.99x

=== Optimization Round 41/100 ===
[CYCLE] action_node=9 action_node_id=node_best_cont_r36_alignment_hints attempt=1 parent_is_root=no base_code=yes

[STAGE] codegen: attempt 1 (round 41) no_improve_streak=0/5 no_improve_over_base=0/5

[STAGE] create Solution object from current code (round 41)

[STAGE] evaluate solution (round 41)
Round summary: passed 5/5 | mean_vs_baseline=- | mean_speedup=322.42x | mean_latency=0.0809 ms

=== Optimization Round 42/100 ===
[CYCLE] action_node=9 action_node_id=node_best_cont_r36_alignment_hints attempt=2 parent_is_root=no base_code=yes

[STAGE] codegen: attempt 2 (round 42) no_improve_streak=0/5 no_improve_over_base=1/5

[STAGE] create Solution object from current code (round 42)

[STAGE] evaluate solution (round 42)
Round summary: passed 5/5 | mean_vs_baseline=- | mean_speedup=331.82x | mean_latency=0.0790 ms

=== Optimization Round 43/100 ===
[CYCLE] action_node=9 action_node_id=node_best_cont_r36_alignment_hints attempt=3 parent_is_root=no base_code=yes

[STAGE] codegen: attempt 3 (round 43) no_improve_streak=0/5 no_improve_over_base=2/5

[STAGE] create Solution object from current code (round 43)

[STAGE] evaluate solution (round 43)
Solution 'AWS-GPT-5.6-Sol_gdn_decode_qk4_v8_d128_k_last_triton_optimized_r43' for workload abec5d32-2409-4412-8683-472f3a091a54: RUNTIME_ERROR
Solution 'AWS-GPT-5.6-Sol_gdn_decode_qk4_v8_d128_k_last_triton_optimized_r43' for workload b1931bc6-b8b6-44da-a83b-aa6cc4d4c275: RUNTIME_ERROR
Solution 'AWS-GPT-5.6-Sol_gdn_decode_qk4_v8_d128_k_last_triton_optimized_r43' for workload f0507025-1db0-48de-b3d6-4faad5632558: RUNTIME_ERROR
Solution 'AWS-GPT-5.6-Sol_gdn_decode_qk4_v8_d128_k_last_triton_optimized_r43' for workload 3daa0974-293c-4414-b3c2-1f04368c1189: RUNTIME_ERROR
Solution 'AWS-GPT-5.6-Sol_gdn_decode_qk4_v8_d128_k_last_triton_optimized_r43' for workload 9a92acbc-6104-48c6-8176-601feee30001: RUNTIME_ERROR
Status: RUNTIME_ERROR
Timestamp: 2026-09-14T23:09:21.842123

Execution Log:
Traceback (most recent call last):
  File "/data1/workspace/ziming/miniconda3/envs/mtmc/lib/python3.11/site-packages/triton/language/core.py", line 43, in wrapper
    return fn(*args, **kwargs)
           ^^^^^^^^^^^^^^^^^^^
  File "/data1/workspace/ziming/miniconda3/envs/mtmc/lib/python3.11/site-packages/triton/language/core.py", line 2948, in multiple_of
    return _semantic.multiple_of(input, values)
           ^^^^^^^^^^^^^^^^^^^^^^^^^^^^^^^^^^^^
  File "/data1/workspace/ziming/miniconda3/envs/mtmc/lib/python3.11/site-packages/triton/language/semantic.py", line 1817, in multiple_of
    raise ValueError("Shape of input to multiple_of does not match the length of values")
ValueError: Shape of input to multiple_of does not match the length of values

The above exception was the direct cause of the following exception:

Traceback (most recent call last):
  File "/data1/workspace/ziming/miniconda3/envs/mtmc/lib/python3.11/site-packages/flashinfer_bench/bench/evaluators/default.py", line 116, in check_correctness
    result = sol_runnable(*inp)
             ^^^^^^^^^^^^^^^^^^
  File "/data1/workspace/ziming/miniconda3/envs/mtmc/lib/python3.11/site-packages/flashinfer_bench/compile/runnable.py", line 95, in __call__
    ret = self._callable(*args)
          ^^^^^^^^^^^^^^^^^^^^^
  File "/data1/workspace/ziming/miniconda3/envs/mtmc/lib/python3.11/site-packages/torch/utils/_contextlib.py", line 124, in decorate_context
    return func(*args, **kwargs)
           ^^^^^^^^^^^^^^^^^^^^^
  File "/data1/workspace/weihongren/.cache/flashinfer_bench/triton/fib_triton_AWS_GPT_5_6_Sol_gdn_decode_qk4_v8_d128_k_last_triton_optimized_r43_5b102f/fib_triton_AWS_GPT_5_6_Sol_gdn_decode_qk4_v8_d128_k_last_triton_optimized_r43_5b102f/main.py", line 308, in run
    _gdn_decode_independent_rows_kernel[grid](
  File "/data1/workspace/ziming/miniconda3/envs/mtmc/lib/python3.11/site-packages/triton/runtime/jit.py", line 370, in <lambda>
    return lambda *args, **kwargs: self.run(grid=grid, warmup=False, *args, **kwargs)
                                   ^^^^^^^^^^^^^^^^^^^^^^^^^^^^^^^^^^^^^^^^^^^^^^^^^^
  File "/data1/workspace/ziming/miniconda3/envs/mtmc/lib/python3.11/site-packages/triton/runtime/jit.py", line 739, in run
    kernel = self._do_compile(key, signature, device, constexprs, options, attrs, warmup)
             ^^^^^^^^^^^^^^^^^^^^^^^^^^^^^^^^^^^^^^^^^^^^^^^^^^^^^^^^^^^^^^^^^^^^^^^^^^^^
  File "/data1/workspace/ziming/miniconda3/envs/mtmc/lib/python3.11/site-packages/triton/runtime/jit.py", line 884, in _do_compile
    kernel = self.compile(src, target=target, options=options.__dict__)
             ^^^^^^^^^^^^^^^^^^^^^^^^^^^^^^^^^^^^^^^^^^^^^^^^^^^^^^^^^^
  File "/data1/workspace/ziming/miniconda3/envs/mtmc/lib/python3.11/site-packages/triton/compiler/compiler.py", line 307, in compile
    module = src.make_ir(target, options, codegen_fns, module_map, context)
             ^^^^^^^^^^^^^^^^^^^^^^^^^^^^^^^^^^^^^^^^^^^^^^^^^^^^^^^^^^^^^^
  File "/data1/workspace/ziming/miniconda3/envs/mtmc/lib/python3.11/site-packages/triton/compiler/compiler.py", line 80, in make_ir
    return ast_to_ttir(self.fn, self, context=context, options=options, codegen_fns=codegen_fns,
           ^^^^^^^^^^^^^^^^^^^^^^^^^^^^^^^^^^^^^^^^^^^^^^^^^^^^^^^^^^^^^^^^^^^^^^^^^^^^^^^^^^^^^
triton.compiler.errors.CompilationError: at 59:17:

    q_values = tl.load(q_ptrs).to(tl.float32)
    k_values = tl.load(k_ptrs).to(tl.float32)
    v_values = tl.load(v_ptrs).to(tl.float32)

    state_offsets = (
        state_base
        + row_offsets[:, None] * 128
        + key_offsets[None, :]
    )
    state_ptrs = state_ptr + state_offsets
    state_ptrs = tl.multiple_of(state_ptrs, 16)
                 ^
Shape of input to multiple_of does not match the length of values


Round summary: passed 0/5 | mean_vs_baseline=- | mean_speedup=- | mean_latency=-

=== Optimization Round 44/100 ===
[CYCLE] action_node=9 action_node_id=node_best_cont_r36_alignment_hints attempt=4 parent_is_root=no base_code=yes

[STAGE] codegen: attempt 4 (round 44) no_improve_streak=1/5 no_improve_over_base=3/5

[STAGE] create Solution object from current code (round 44)

[STAGE] evaluate solution (round 44)
Round summary: passed 5/5 | mean_vs_baseline=- | mean_speedup=331.01x | mean_latency=0.0798 ms

=== Optimization Round 45/100 ===
[CYCLE] action_node=9 action_node_id=node_best_cont_r36_alignment_hints attempt=5 parent_is_root=no base_code=yes

[STAGE] codegen: attempt 5 (round 45) no_improve_streak=2/5 no_improve_over_base=4/5

[STAGE] create Solution object from current code (round 45)

[STAGE] evaluate solution (round 45)
Round summary: passed 5/5 | mean_vs_baseline=- | mean_speedup=331.68x | mean_latency=0.0800 ms

[STAGE] cycle end: attach+refine best PASSED (round 42, score=331.820)
WM status: nodes=14 attached_solutions=9 active_leaf_id=node_best_cont_r36_alignment_hints depth=4
  last_trace: status=passed speedup=332.75x latency=0.0792ms
  active_path: root:<root> | independent_row_closed_form:Select the state-row ownership and algebraic decomposition->independent_row_closed_form | uniform_static_block_v32:Choose a uniform row-tile policy independent of batch size->uniform_block_v32_warp4 | node_best_cont_r36_1:Continue from best->Next-step refinement of best solution | node_best_cont_r36_alignment_hints:Choose whether explicit alignment and contiguity hints improve code generation while preserving the best BLOCK_V=32 mapping->add_state_row_alignment_hints
  nodes_preview: root:<root> | independent_row_closed_form:Select t ... ecomposition→independent_row_closed_form | whole_head_closed_form:Select t ... ecomposition→whole_head_closed_form | batch_adaptive_row_tiling:Choose r ... batch regime→batch_adaptive_block_v | node_gdn_decode_qk4_v8_d128_k_last_r8_cont_1:Reduce r ...  closed form→benchmark_block_v16_warp4 | node_gdn_decode_qk4_v8_d128_k_last_r11_cont_1:Choose w ... w state tile→block_v16_num_warps8 | uniform_static_block_v32:Choose a ... f batch size→uniform_block_v32_warp4 | uniform_static_block_v32_stages2:Choose w ... uniform tile→block_v32_warp4_num_stages2 | ...
[WM] apply_edit_ops: ops=2 updates=1 inserts=1 split_children=0 deletes=0 new_nodes_added=1/3 skipped_cap=0 skipped_missing_parent=0 skipped_parent_solution_id_mismatch=0 skipped_update_missing_node=0 skipped_insert_invalid_node=0 skipped_split_invalid_children=0 skipped_delete_not_allowed=0
WM status: nodes=15 attached_solutions=9 active_leaf_id=node_best_cont_r41_real_alignment_hints depth=5
  last_trace: status=passed speedup=331.82x latency=0.0790ms
  active_path: root:<root> | independent_row_closed_form:Select the state-row ownership and algebraic decomposition->independent_row_closed_form | uniform_static_block_v32:Choose a uniform row-tile policy independent of batch size->uniform_block_v32_warp4 | node_best_cont_r36_1:Continue from best->Next-step refinement of best solution | node_best_cont_r36_alignment_hints:Choose whether explicit alignment and contiguity hints improve code generation while preserving the best BLOCK_V=32 mapping->add_state_row_alignment_hints | node_best_cont_r41_real_alignment_hints:Implement the previously intended alignment experiment without changing the fixed row-tile mapping->apply_explicit_state_alignment_hints
  nodes_preview: root:<root> | independent_row_closed_form:Select t ... ecomposition→independent_row_closed_form | whole_head_closed_form:Select t ... ecomposition→whole_head_closed_form | batch_adaptive_row_tiling:Choose r ... batch regime→batch_adaptive_block_v | node_gdn_decode_qk4_v8_d128_k_last_r8_cont_1:Reduce r ...  closed form→benchmark_block_v16_warp4 | node_gdn_decode_qk4_v8_d128_k_last_r11_cont_1:Choose w ... w state tile→block_v16_num_warps8 | uniform_static_block_v32:Choose a ... f batch size→uniform_block_v32_warp4 | uniform_static_block_v32_stages2:Choose w ... uniform tile→block_v32_warp4_num_stages2 | ...

[STAGE] world model: select next action (cycle start @ round 46)
[WM] apply_edit_ops: ops=5 updates=3 inserts=1 split_children=0 deletes=0 new_nodes_added=1/3 skipped_cap=0 skipped_missing_parent=0 skipped_parent_solution_id_mismatch=1 skipped_update_missing_node=0 skipped_insert_invalid_node=0 skipped_split_invalid_children=0 skipped_delete_not_allowed=0
[WM][WARN] edit-ops had skipped operations; refine will retry if this was a refine call.
WM status: nodes=17 attached_solutions=9 active_leaf_id=node_best_cont_r42_alignment_default_store depth=6
  last_trace: status=passed speedup=331.82x latency=0.0790ms
  active_path: root:<root> | independent_row_closed_form:Select the state-row ownership and algebraic decomposition->independent_row_closed_form | uniform_static_block_v32:Choose a uniform row-tile policy independent of batch size->uniform_block_v32_warp4 | node_best_cont_r36_1:Continue from best->Next-step refinement of best solution | node_best_cont_r36_alignment_hints:Choose whether explicit alignment and contiguity hints improve code generation while preserving the best BLOCK_V=32 mapping->add_state_row_alignment_hints | ... | node_best_cont_r42_alignment_default_store:Choose whether the successful aligned mapping benefits from ordinary write-back state stores->replace_state_store_cs_with_default
  nodes_preview: root:<root> | independent_row_closed_form:Select t ... ecomposition→independent_row_closed_form | whole_head_closed_form:Select t ... ecomposition→whole_head_closed_form | batch_adaptive_row_tiling:Choose r ... batch regime→batch_adaptive_block_v | node_gdn_decode_qk4_v8_d128_k_last_r8_cont_1:Reduce r ...  closed form→benchmark_block_v16_warp4 | node_gdn_decode_qk4_v8_d128_k_last_r11_cont_1:Choose w ... w state tile→block_v16_num_warps8 | uniform_static_block_v32:Choose a ... f batch size→uniform_block_v32_warp4 | uniform_static_block_v32_stages2:Choose w ... uniform tile→block_v32_warp4_num_stages2 | ...
World Model: Open Action Nodes (candidates) frontier=5 total_open=7
1. rating=10.0/10 score=0.60 diff=2/5 conf=0.99 vs_base~? | node_id=node_best_cont_r46_1 parent_id=node_best_cont_r36_1 | Refine best solution: target the top bottleneck — Propose one small change that targets the primary bottleneck indicated by the latest eval on the best solution, without changing the overall mapping plan.
2. rating=9.8/10 score=0.96 diff=1/5 conf=0.97 vs_base~0.99x | node_id=node_best_cont_r41_real_alignment_hints parent_id=node_best_cont_r36_alignment_hints | Apply explicit state-row alignment hints
3. rating=7.6/10 score=0.59 diff=1/5 conf=0.98 vs_base~1.01x | node_id=uniform_static_block_v32_warp8_corrected_launch parent_id=uniform_static_block_v32_warp8 | Benchmark the corrected BLOCK_V=32 eight-warp launch
4. rating=4.2/10 score=0.28 diff=4/5 conf=0.91 vs_base~1.01x | node_id=whole_head_closed_form parent_id=root | Evaluate whole-head ownership with shared head-level work — Implement one fused program unit per batch/value-head that reuses q, k, g, beta, and k dot q while iterating over all V rows, retaining only the currently processed row fragments.
5. rating=4.2/10 score=0.24 diff=1/5 conf=0.78 vs_base~1.00x | node_id=uniform_static_block_v32_stages3 parent_id=uniform_static_block_v32_stages2 | Test num_stages=3 after the regressed stages=2 result
World Model: Chosen Next Action (from decision tree node)
- node_id: node_best_cont_r41_real_alignment_hints
- base_node_id: node_best_cont_r36_alignment_hints
- title: Apply explicit state-row alignment hints
- difficulty_1_to_5: 1
- expected_vs_baseline_factor: 0.99x

=== Optimization Round 46/100 ===
[CYCLE] action_node=10 action_node_id=node_best_cont_r41_real_alignment_hints attempt=1 parent_is_root=no base_code=yes

[STAGE] codegen: attempt 1 (round 46) no_improve_streak=0/5 no_improve_over_base=0/5

[STAGE] create Solution object from current code (round 46)

[STAGE] evaluate solution (round 46)
Round summary: passed 5/5 | mean_vs_baseline=- | mean_speedup=305.76x | mean_latency=0.0821 ms

=== Optimization Round 47/100 ===
[CYCLE] action_node=10 action_node_id=node_best_cont_r41_real_alignment_hints attempt=2 parent_is_root=no base_code=yes

[STAGE] codegen: attempt 2 (round 47) no_improve_streak=0/5 no_improve_over_base=1/5

[STAGE] create Solution object from current code (round 47)

[STAGE] evaluate solution (round 47)
Round summary: passed 5/5 | mean_vs_baseline=- | mean_speedup=329.87x | mean_latency=0.0812 ms

=== Optimization Round 48/100 ===
[CYCLE] action_node=10 action_node_id=node_best_cont_r41_real_alignment_hints attempt=3 parent_is_root=no base_code=yes

[STAGE] codegen: attempt 3 (round 48) no_improve_streak=0/5 no_improve_over_base=2/5

[STAGE] create Solution object from current code (round 48)

[STAGE] evaluate solution (round 48)
Solution 'AWS-GPT-5.6-Sol_gdn_decode_qk4_v8_d128_k_last_triton_optimized_r48' for workload abec5d32-2409-4412-8683-472f3a091a54: RUNTIME_ERROR
Solution 'AWS-GPT-5.6-Sol_gdn_decode_qk4_v8_d128_k_last_triton_optimized_r48' for workload b1931bc6-b8b6-44da-a83b-aa6cc4d4c275: RUNTIME_ERROR
Solution 'AWS-GPT-5.6-Sol_gdn_decode_qk4_v8_d128_k_last_triton_optimized_r48' for workload f0507025-1db0-48de-b3d6-4faad5632558: RUNTIME_ERROR
Solution 'AWS-GPT-5.6-Sol_gdn_decode_qk4_v8_d128_k_last_triton_optimized_r48' for workload 3daa0974-293c-4414-b3c2-1f04368c1189: RUNTIME_ERROR
Solution 'AWS-GPT-5.6-Sol_gdn_decode_qk4_v8_d128_k_last_triton_optimized_r48' for workload 9a92acbc-6104-48c6-8176-601feee30001: RUNTIME_ERROR
Status: RUNTIME_ERROR
Timestamp: 2026-09-14T23:14:23.214198

Execution Log:
Traceback (most recent call last):
  File "/data1/workspace/ziming/miniconda3/envs/mtmc/lib/python3.11/site-packages/triton/language/core.py", line 43, in wrapper
    return fn(*args, **kwargs)
           ^^^^^^^^^^^^^^^^^^^
  File "/data1/workspace/ziming/miniconda3/envs/mtmc/lib/python3.11/site-packages/triton/language/core.py", line 2948, in multiple_of
    return _semantic.multiple_of(input, values)
           ^^^^^^^^^^^^^^^^^^^^^^^^^^^^^^^^^^^^
  File "/data1/workspace/ziming/miniconda3/envs/mtmc/lib/python3.11/site-packages/triton/language/semantic.py", line 1817, in multiple_of
    raise ValueError("Shape of input to multiple_of does not match the length of values")
ValueError: Shape of input to multiple_of does not match the length of values

The above exception was the direct cause of the following exception:

Traceback (most recent call last):
  File "/data1/workspace/ziming/miniconda3/envs/mtmc/lib/python3.11/site-packages/flashinfer_bench/bench/evaluators/default.py", line 116, in check_correctness
    result = sol_runnable(*inp)
             ^^^^^^^^^^^^^^^^^^
  File "/data1/workspace/ziming/miniconda3/envs/mtmc/lib/python3.11/site-packages/flashinfer_bench/compile/runnable.py", line 95, in __call__
    ret = self._callable(*args)
          ^^^^^^^^^^^^^^^^^^^^^
  File "/data1/workspace/ziming/miniconda3/envs/mtmc/lib/python3.11/site-packages/torch/utils/_contextlib.py", line 124, in decorate_context
    return func(*args, **kwargs)
           ^^^^^^^^^^^^^^^^^^^^^
  File "/data1/workspace/weihongren/.cache/flashinfer_bench/triton/fib_triton_AWS_GPT_5_6_Sol_gdn_decode_qk4_v8_d128_k_last_triton_optimized_r48_072993/fib_triton_AWS_GPT_5_6_Sol_gdn_decode_qk4_v8_d128_k_last_triton_optimized_r48_072993/main.py", line 224, in run
    _gdn_decode_independent_rows_kernel[grid](
  File "/data1/workspace/ziming/miniconda3/envs/mtmc/lib/python3.11/site-packages/triton/runtime/jit.py", line 370, in <lambda>
    return lambda *args, **kwargs: self.run(grid=grid, warmup=False, *args, **kwargs)
                                   ^^^^^^^^^^^^^^^^^^^^^^^^^^^^^^^^^^^^^^^^^^^^^^^^^^
  File "/data1/workspace/ziming/miniconda3/envs/mtmc/lib/python3.11/site-packages/triton/runtime/jit.py", line 739, in run
    kernel = self._do_compile(key, signature, device, constexprs, options, attrs, warmup)
             ^^^^^^^^^^^^^^^^^^^^^^^^^^^^^^^^^^^^^^^^^^^^^^^^^^^^^^^^^^^^^^^^^^^^^^^^^^^^
  File "/data1/workspace/ziming/miniconda3/envs/mtmc/lib/python3.11/site-packages/triton/runtime/jit.py", line 884, in _do_compile
    kernel = self.compile(src, target=target, options=options.__dict__)
             ^^^^^^^^^^^^^^^^^^^^^^^^^^^^^^^^^^^^^^^^^^^^^^^^^^^^^^^^^^
  File "/data1/workspace/ziming/miniconda3/envs/mtmc/lib/python3.11/site-packages/triton/compiler/compiler.py", line 307, in compile
    module = src.make_ir(target, options, codegen_fns, module_map, context)
             ^^^^^^^^^^^^^^^^^^^^^^^^^^^^^^^^^^^^^^^^^^^^^^^^^^^^^^^^^^^^^^
  File "/data1/workspace/ziming/miniconda3/envs/mtmc/lib/python3.11/site-packages/triton/compiler/compiler.py", line 80, in make_ir
    return ast_to_ttir(self.fn, self, context=context, options=options, codegen_fns=codegen_fns,
           ^^^^^^^^^^^^^^^^^^^^^^^^^^^^^^^^^^^^^^^^^^^^^^^^^^^^^^^^^^^^^^^^^^^^^^^^^^^^^^^^^^^^^
triton.compiler.errors.CompilationError: at 46:21:

    row_offsets = tl.max_contiguous(
        tl.multiple_of(row_offsets, BLOCK_V),
        BLOCK_V,
    )
    key_offsets = tl.max_contiguous(
        tl.multiple_of(key_offsets, 128),
        128,
    )

    state_row_ptrs = state_ptr + state_base + row_offsets[:, None] * 128
    state_row_ptrs = tl.multiple_of(state_row_ptrs, 128)
                     ^
Shape of input to multiple_of does not match the length of values


Round summary: passed 0/5 | mean_vs_baseline=- | mean_speedup=- | mean_latency=-

=== Optimization Round 49/100 ===
[CYCLE] action_node=10 action_node_id=node_best_cont_r41_real_alignment_hints attempt=4 parent_is_root=no base_code=yes

[STAGE] codegen: attempt 4 (round 49) no_improve_streak=1/5 no_improve_over_base=3/5

[STAGE] create Solution object from current code (round 49)

[STAGE] evaluate solution (round 49)
Round summary: passed 5/5 | mean_vs_baseline=- | mean_speedup=323.78x | mean_latency=0.0832 ms

=== Optimization Round 50/100 ===
[CYCLE] action_node=10 action_node_id=node_best_cont_r41_real_alignment_hints attempt=5 parent_is_root=no base_code=yes

[STAGE] codegen: attempt 5 (round 50) no_improve_streak=2/5 no_improve_over_base=4/5

[STAGE] create Solution object from current code (round 50)

[STAGE] evaluate solution (round 50)
Round summary: passed 5/5 | mean_vs_baseline=- | mean_speedup=276.13x | mean_latency=0.0891 ms

[STAGE] cycle end: attach+refine best PASSED (round 47, score=329.870)
WM status: nodes=17 attached_solutions=10 active_leaf_id=node_best_cont_r41_real_alignment_hints depth=5
  last_trace: status=passed speedup=331.82x latency=0.0790ms
  active_path: root:<root> | independent_row_closed_form:Select the state-row ownership and algebraic decomposition->independent_row_closed_form | uniform_static_block_v32:Choose a uniform row-tile policy independent of batch size->uniform_block_v32_warp4 | node_best_cont_r36_1:Continue from best->Next-step refinement of best solution | node_best_cont_r36_alignment_hints:Choose whether explicit alignment and contiguity hints improve code generation while preserving the best BLOCK_V=32 mapping->add_state_row_alignment_hints | node_best_cont_r41_real_alignment_hints:Implement the previously intended alignment experiment without changing the fixed row-tile mapping->apply_explicit_state_alignment_hints
  nodes_preview: root:<root> | independent_row_closed_form:Select t ... ecomposition→independent_row_closed_form | whole_head_closed_form:Select t ... ecomposition→whole_head_closed_form | batch_adaptive_row_tiling:Choose r ... batch regime→batch_adaptive_block_v | node_gdn_decode_qk4_v8_d128_k_last_r8_cont_1:Reduce r ...  closed form→benchmark_block_v16_warp4 | node_gdn_decode_qk4_v8_d128_k_last_r11_cont_1:Choose w ... w state tile→block_v16_num_warps8 | uniform_static_block_v32:Choose a ... f batch size→uniform_block_v32_warp4 | uniform_static_block_v32_stages2:Choose w ... uniform tile→block_v32_warp4_num_stages2 | ...
[WM] apply_edit_ops: ops=3 updates=2 inserts=1 split_children=0 deletes=0 new_nodes_added=1/3 skipped_cap=0 skipped_missing_parent=0 skipped_parent_solution_id_mismatch=0 skipped_update_missing_node=0 skipped_insert_invalid_node=0 skipped_split_invalid_children=0 skipped_delete_not_allowed=0
WM status: nodes=18 attached_solutions=10 active_leaf_id=node_best_cont_r42_actual_state_alignment_hints depth=6
  last_trace: status=passed speedup=329.87x latency=0.0812ms
  active_path: root:<root> | independent_row_closed_form:Select the state-row ownership and algebraic decomposition->independent_row_closed_form | uniform_static_block_v32:Choose a uniform row-tile policy independent of batch size->uniform_block_v32_warp4 | node_best_cont_r36_1:Continue from best->Next-step refinement of best solution | node_best_cont_r36_alignment_hints:Choose whether explicit alignment and contiguity hints improve code generation while preserving the best BLOCK_V=32 mapping->add_state_row_alignment_hints | ... | node_best_cont_r42_actual_state_alignment_hints:Correct the implementation mismatch and isolate explicit state-row compiler assumptions->add_multiple_of_and_max_contiguous_to_state_rows
  nodes_preview: root:<root> | independent_row_closed_form:Select t ... ecomposition→independent_row_closed_form | whole_head_closed_form:Select t ... ecomposition→whole_head_closed_form | batch_adaptive_row_tiling:Choose r ... batch regime→batch_adaptive_block_v | node_gdn_decode_qk4_v8_d128_k_last_r8_cont_1:Reduce r ...  closed form→benchmark_block_v16_warp4 | node_gdn_decode_qk4_v8_d128_k_last_r11_cont_1:Choose w ... w state tile→block_v16_num_warps8 | uniform_static_block_v32:Choose a ... f batch size→uniform_block_v32_warp4 | uniform_static_block_v32_stages2:Choose w ... uniform tile→block_v32_warp4_num_stages2 | ...

[STAGE] world model: select next action (cycle start @ round 51)
WM status: nodes=18 attached_solutions=10 active_leaf_id=node_best_cont_r42_actual_state_alignment_hints depth=6
  last_trace: status=passed speedup=329.87x latency=0.0812ms
  active_path: root:<root> | independent_row_closed_form:Select the state-row ownership and algebraic decomposition->independent_row_closed_form | uniform_static_block_v32:Choose a uniform row-tile policy independent of batch size->uniform_block_v32_warp4 | node_best_cont_r36_1:Continue from best->Next-step refinement of best solution | node_best_cont_r36_alignment_hints:Choose whether explicit alignment and contiguity hints improve code generation while preserving the best BLOCK_V=32 mapping->add_state_row_alignment_hints | ... | node_best_cont_r42_actual_state_alignment_hints:Correct the implementation mismatch and isolate explicit state-row compiler assumptions->add_multiple_of_and_max_contiguous_to_state_rows
  nodes_preview: root:<root> | independent_row_closed_form:Select t ... ecomposition→independent_row_closed_form | whole_head_closed_form:Select t ... ecomposition→whole_head_closed_form | batch_adaptive_row_tiling:Choose r ... batch regime→batch_adaptive_block_v | node_gdn_decode_qk4_v8_d128_k_last_r8_cont_1:Reduce r ...  closed form→benchmark_block_v16_warp4 | node_gdn_decode_qk4_v8_d128_k_last_r11_cont_1:Choose w ... w state tile→block_v16_num_warps8 | uniform_static_block_v32:Choose a ... f batch size→uniform_block_v32_warp4 | uniform_static_block_v32_stages2:Choose w ... uniform tile→block_v32_warp4_num_stages2 | ...
World Model: Open Action Nodes (candidates) frontier=6 total_open=7
1. rating=10.0/10 score=0.60 diff=2/5 conf=0.99 vs_base~? | node_id=node_best_cont_r46_1 parent_id=node_best_cont_r36_1 | Refine best solution: target the top bottleneck — Propose one small change that targets the primary bottleneck indicated by the latest eval on the best solution, without changing the overall mapping plan.
2. rating=7.6/10 score=0.59 diff=1/5 conf=0.98 vs_base~1.01x | node_id=uniform_static_block_v32_warp8_corrected_launch parent_id=uniform_static_block_v32_warp8 | Benchmark the corrected BLOCK_V=32 eight-warp launch
3. rating=6.7/10 score=0.61 diff=1/5 conf=0.62 vs_base~0.99x | node_id=node_best_cont_r42_alignment_default_store parent_id=node_best_cont_r41_real_alignment_hints | Benchmark default state-store cache policy after alignment hints
4. rating=6.2/10 score=0.61 diff=1/5 conf=0.58 vs_base~0.99x | node_id=node_best_cont_r42_actual_state_alignment_hints parent_id=node_best_cont_r41_real_alignment_hints | Add actual Triton state-row alignment hints
5. rating=4.2/10 score=0.28 diff=4/5 conf=0.91 vs_base~1.01x | node_id=whole_head_closed_form parent_id=root | Evaluate whole-head ownership with shared head-level work — Implement one fused program unit per batch/value-head that reuses q, k, g, beta, and k dot q while iterating over all V rows, retaining only the currently processed row fragments.
6. rating=4.2/10 score=0.24 diff=1/5 conf=0.78 vs_base~1.00x | node_id=uniform_static_block_v32_stages3 parent_id=uniform_static_block_v32_stages2 | Test num_stages=3 after the regressed stages=2 result
World Model: Chosen Next Action (from decision tree node)
- node_id: node_best_cont_r42_alignment_default_store
- base_node_id: node_best_cont_r41_real_alignment_hints
- title: Benchmark default state-store cache policy after alignment hints
- difficulty_1_to_5: 1
- expected_vs_baseline_factor: 0.99x

=== Optimization Round 51/100 ===
[CYCLE] action_node=11 action_node_id=node_best_cont_r42_alignment_default_store attempt=1 parent_is_root=no base_code=yes

[STAGE] codegen: attempt 1 (round 51) no_improve_streak=0/5 no_improve_over_base=0/5

[STAGE] create Solution object from current code (round 51)

[STAGE] evaluate solution (round 51)
Round summary: passed 5/5 | mean_vs_baseline=- | mean_speedup=328.80x | mean_latency=0.0846 ms

=== Optimization Round 52/100 ===
[CYCLE] action_node=11 action_node_id=node_best_cont_r42_alignment_default_store attempt=2 parent_is_root=no base_code=yes

[STAGE] codegen: attempt 2 (round 52) no_improve_streak=0/5 no_improve_over_base=1/5

[STAGE] create Solution object from current code (round 52)

[STAGE] evaluate solution (round 52)
Round summary: passed 5/5 | mean_vs_baseline=- | mean_speedup=329.08x | mean_latency=0.0801 ms

=== Optimization Round 53/100 ===
[CYCLE] action_node=11 action_node_id=node_best_cont_r42_alignment_default_store attempt=3 parent_is_root=no base_code=yes

[STAGE] codegen: attempt 3 (round 53) no_improve_streak=0/5 no_improve_over_base=2/5

[STAGE] create Solution object from current code (round 53)

[STAGE] evaluate solution (round 53)
Round summary: passed 5/5 | mean_vs_baseline=- | mean_speedup=332.12x | mean_latency=0.0889 ms

=== Optimization Round 54/100 ===
[CYCLE] action_node=11 action_node_id=node_best_cont_r42_alignment_default_store attempt=4 parent_is_root=no base_code=yes

[STAGE] codegen: attempt 4 (round 54) no_improve_streak=0/5 no_improve_over_base=0/5

[STAGE] create Solution object from current code (round 54)

[STAGE] evaluate solution (round 54)
Round summary: passed 5/5 | mean_vs_baseline=- | mean_speedup=330.91x | mean_latency=0.0791 ms

=== Optimization Round 55/100 ===
[CYCLE] action_node=11 action_node_id=node_best_cont_r42_alignment_default_store attempt=5 parent_is_root=no base_code=yes

[STAGE] codegen: attempt 5 (round 55) no_improve_streak=1/5 no_improve_over_base=0/5

[STAGE] create Solution object from current code (round 55)

[STAGE] evaluate solution (round 55)
Round summary: passed 5/5 | mean_vs_baseline=- | mean_speedup=327.07x | mean_latency=0.0817 ms

[STAGE] cycle end: attach+refine best PASSED (round 53, score=332.119)
WM status: nodes=18 attached_solutions=11 active_leaf_id=node_best_cont_r42_alignment_default_store depth=6
  last_trace: status=passed speedup=329.87x latency=0.0812ms
  active_path: root:<root> | independent_row_closed_form:Select the state-row ownership and algebraic decomposition->independent_row_closed_form | uniform_static_block_v32:Choose a uniform row-tile policy independent of batch size->uniform_block_v32_warp4 | node_best_cont_r36_1:Continue from best->Next-step refinement of best solution | node_best_cont_r36_alignment_hints:Choose whether explicit alignment and contiguity hints improve code generation while preserving the best BLOCK_V=32 mapping->add_state_row_alignment_hints | ... | node_best_cont_r42_alignment_default_store:Choose whether the successful aligned mapping benefits from ordinary write-back state stores->replace_state_store_cs_with_default
  nodes_preview: root:<root> | independent_row_closed_form:Select t ... ecomposition→independent_row_closed_form | whole_head_closed_form:Select t ... ecomposition→whole_head_closed_form | batch_adaptive_row_tiling:Choose r ... batch regime→batch_adaptive_block_v | node_gdn_decode_qk4_v8_d128_k_last_r8_cont_1:Reduce r ...  closed form→benchmark_block_v16_warp4 | node_gdn_decode_qk4_v8_d128_k_last_r11_cont_1:Choose w ... w state tile→block_v16_num_warps8 | uniform_static_block_v32:Choose a ... f batch size→uniform_block_v32_warp4 | uniform_static_block_v32_stages2:Choose w ... uniform tile→block_v32_warp4_num_stages2 | ...
[WM] apply_edit_ops: ops=3 updates=2 inserts=0 split_children=0 deletes=0 new_nodes_added=0/3 skipped_cap=0 skipped_missing_parent=0 skipped_parent_solution_id_mismatch=1 skipped_update_missing_node=0 skipped_insert_invalid_node=0 skipped_split_invalid_children=0 skipped_delete_not_allowed=0
[WM][WARN] edit-ops had skipped operations; refine will retry if this was a refine call.
[WM] apply_edit_ops: ops=2 updates=1 inserts=1 split_children=0 deletes=0 new_nodes_added=1/3 skipped_cap=0 skipped_missing_parent=0 skipped_parent_solution_id_mismatch=0 skipped_update_missing_node=0 skipped_insert_invalid_node=0 skipped_split_invalid_children=0 skipped_delete_not_allowed=0
WM status: nodes=19 attached_solutions=11 active_leaf_id=node_best_cont_r48_restore_alignment_default_store depth=7
  last_trace: status=passed speedup=332.12x latency=0.0889ms
  active_path: root:<root> | independent_row_closed_form:Select the state-row ownership and algebraic decomposition->independent_row_closed_form | uniform_static_block_v32:Choose a uniform row-tile policy independent of batch size->uniform_block_v32_warp4 | node_best_cont_r36_1:Continue from best->Next-step refinement of best solution | node_best_cont_r36_alignment_hints:Choose whether explicit alignment and contiguity hints improve code generation while preserving the best BLOCK_V=32 mapping->add_state_row_alignment_hints | ... | node_best_cont_r48_restore_alignment_default_store:Restore the intended state-row alignment metadata while retaining the validated default state store->restore_state_alignment_keep_default_store
  nodes_preview: root:<root> | independent_row_closed_form:Select t ... ecomposition→independent_row_closed_form | whole_head_closed_form:Select t ... ecomposition→whole_head_closed_form | batch_adaptive_row_tiling:Choose r ... batch regime→batch_adaptive_block_v | node_gdn_decode_qk4_v8_d128_k_last_r8_cont_1:Reduce r ...  closed form→benchmark_block_v16_warp4 | node_gdn_decode_qk4_v8_d128_k_last_r11_cont_1:Choose w ... w state tile→block_v16_num_warps8 | uniform_static_block_v32:Choose a ... f batch size→uniform_block_v32_warp4 | uniform_static_block_v32_stages2:Choose w ... uniform tile→block_v32_warp4_num_stages2 | ...

[STAGE] world model: select next action (cycle start @ round 56)
WM status: nodes=19 attached_solutions=11 active_leaf_id=node_best_cont_r48_restore_alignment_default_store depth=7
  last_trace: status=passed speedup=332.12x latency=0.0889ms
  active_path: root:<root> | independent_row_closed_form:Select the state-row ownership and algebraic decomposition->independent_row_closed_form | uniform_static_block_v32:Choose a uniform row-tile policy independent of batch size->uniform_block_v32_warp4 | node_best_cont_r36_1:Continue from best->Next-step refinement of best solution | node_best_cont_r36_alignment_hints:Choose whether explicit alignment and contiguity hints improve code generation while preserving the best BLOCK_V=32 mapping->add_state_row_alignment_hints | ... | node_best_cont_r48_restore_alignment_default_store:Restore the intended state-row alignment metadata while retaining the validated default state store->restore_state_alignment_keep_default_store
  nodes_preview: root:<root> | independent_row_closed_form:Select t ... ecomposition→independent_row_closed_form | whole_head_closed_form:Select t ... ecomposition→whole_head_closed_form | batch_adaptive_row_tiling:Choose r ... batch regime→batch_adaptive_block_v | node_gdn_decode_qk4_v8_d128_k_last_r8_cont_1:Reduce r ...  closed form→benchmark_block_v16_warp4 | node_gdn_decode_qk4_v8_d128_k_last_r11_cont_1:Choose w ... w state tile→block_v16_num_warps8 | uniform_static_block_v32:Choose a ... f batch size→uniform_block_v32_warp4 | uniform_static_block_v32_stages2:Choose w ... uniform tile→block_v32_warp4_num_stages2 | ...
World Model: Open Action Nodes (candidates) frontier=6 total_open=7
1. rating=10.0/10 score=0.60 diff=2/5 conf=0.99 vs_base~? | node_id=node_best_cont_r46_1 parent_id=node_best_cont_r36_1 | Refine best solution: target the top bottleneck — Propose one small change that targets the primary bottleneck indicated by the latest eval on the best solution, without changing the overall mapping plan.
2. rating=8.7/10 score=0.90 diff=1/5 conf=0.86 vs_base~0.97x | node_id=node_best_cont_r48_restore_alignment_default_store parent_id=node_best_cont_r42_alignment_default_store | Restore explicit state alignment hints with default stores
3. rating=7.6/10 score=0.59 diff=1/5 conf=0.98 vs_base~1.01x | node_id=uniform_static_block_v32_warp8_corrected_launch parent_id=uniform_static_block_v32_warp8 | Benchmark the corrected BLOCK_V=32 eight-warp launch
4. rating=6.2/10 score=0.61 diff=1/5 conf=0.58 vs_base~0.99x | node_id=node_best_cont_r42_actual_state_alignment_hints parent_id=node_best_cont_r41_real_alignment_hints | Add actual Triton state-row alignment hints
5. rating=4.2/10 score=0.28 diff=4/5 conf=0.91 vs_base~1.01x | node_id=whole_head_closed_form parent_id=root | Evaluate whole-head ownership with shared head-level work — Implement one fused program unit per batch/value-head that reuses q, k, g, beta, and k dot q while iterating over all V rows, retaining only the currently processed row fragments.
6. rating=4.2/10 score=0.24 diff=1/5 conf=0.78 vs_base~1.00x | node_id=uniform_static_block_v32_stages3 parent_id=uniform_static_block_v32_stages2 | Test num_stages=3 after the regressed stages=2 result
World Model: Chosen Next Action (from decision tree node)
- node_id: node_best_cont_r48_restore_alignment_default_store
- base_node_id: node_best_cont_r42_alignment_default_store
- title: Restore explicit state alignment hints with default stores
- difficulty_1_to_5: 1
- expected_vs_baseline_factor: 0.97x

=== Optimization Round 56/100 ===
[CYCLE] action_node=12 action_node_id=node_best_cont_r48_restore_alignment_default_store attempt=1 parent_is_root=no base_code=yes

[STAGE] codegen: attempt 1 (round 56) no_improve_streak=0/5 no_improve_over_base=0/5

[STAGE] create Solution object from current code (round 56)

[STAGE] evaluate solution (round 56)
Round summary: passed 5/5 | mean_vs_baseline=- | mean_speedup=297.13x | mean_latency=0.0830 ms

=== Optimization Round 57/100 ===
[CYCLE] action_node=12 action_node_id=node_best_cont_r48_restore_alignment_default_store attempt=2 parent_is_root=no base_code=yes

[STAGE] codegen: attempt 2 (round 57) no_improve_streak=0/5 no_improve_over_base=1/5

[STAGE] create Solution object from current code (round 57)

[STAGE] evaluate solution (round 57)
Round summary: passed 5/5 | mean_vs_baseline=- | mean_speedup=328.49x | mean_latency=0.0797 ms

=== Optimization Round 58/100 ===
[CYCLE] action_node=12 action_node_id=node_best_cont_r48_restore_alignment_default_store attempt=3 parent_is_root=no base_code=yes

[STAGE] codegen: attempt 3 (round 58) no_improve_streak=0/5 no_improve_over_base=2/5

[STAGE] create Solution object from current code (round 58)

[STAGE] evaluate solution (round 58)
Round summary: passed 5/5 | mean_vs_baseline=- | mean_speedup=332.55x | mean_latency=0.0789 ms

=== Optimization Round 59/100 ===
[CYCLE] action_node=12 action_node_id=node_best_cont_r48_restore_alignment_default_store attempt=4 parent_is_root=no base_code=yes

[STAGE] codegen: attempt 4 (round 59) no_improve_streak=0/5 no_improve_over_base=0/5

[STAGE] create Solution object from current code (round 59)

[STAGE] evaluate solution (round 59)
Round summary: passed 5/5 | mean_vs_baseline=- | mean_speedup=326.38x | mean_latency=0.0795 ms

=== Optimization Round 60/100 ===
[CYCLE] action_node=12 action_node_id=node_best_cont_r48_restore_alignment_default_store attempt=5 parent_is_root=no base_code=yes

[STAGE] codegen: attempt 5 (round 60) no_improve_streak=1/5 no_improve_over_base=0/5

[STAGE] create Solution object from current code (round 60)

[STAGE] evaluate solution (round 60)
Round summary: passed 5/5 | mean_vs_baseline=- | mean_speedup=331.43x | mean_latency=0.0795 ms

[STAGE] cycle end: attach+refine best PASSED (round 58, score=332.550)
WM status: nodes=19 attached_solutions=12 active_leaf_id=node_best_cont_r48_restore_alignment_default_store depth=7
  last_trace: status=passed speedup=332.12x latency=0.0889ms
  active_path: root:<root> | independent_row_closed_form:Select the state-row ownership and algebraic decomposition->independent_row_closed_form | uniform_static_block_v32:Choose a uniform row-tile policy independent of batch size->uniform_block_v32_warp4 | node_best_cont_r36_1:Continue from best->Next-step refinement of best solution | node_best_cont_r36_alignment_hints:Choose whether explicit alignment and contiguity hints improve code generation while preserving the best BLOCK_V=32 mapping->add_state_row_alignment_hints | ... | node_best_cont_r48_restore_alignment_default_store:Restore the intended state-row alignment metadata while retaining the validated default state store->restore_state_alignment_keep_default_store
  nodes_preview: root:<root> | independent_row_closed_form:Select t ... ecomposition→independent_row_closed_form | whole_head_closed_form:Select t ... ecomposition→whole_head_closed_form | batch_adaptive_row_tiling:Choose r ... batch regime→batch_adaptive_block_v | node_gdn_decode_qk4_v8_d128_k_last_r8_cont_1:Reduce r ...  closed form→benchmark_block_v16_warp4 | node_gdn_decode_qk4_v8_d128_k_last_r11_cont_1:Choose w ... w state tile→block_v16_num_warps8 | uniform_static_block_v32:Choose a ... f batch size→uniform_block_v32_warp4 | uniform_static_block_v32_stages2:Choose w ... uniform tile→block_v32_warp4_num_stages2 | ...
[WM] apply_edit_ops: ops=4 updates=3 inserts=0 split_children=0 deletes=0 new_nodes_added=0/3 skipped_cap=0 skipped_missing_parent=0 skipped_parent_solution_id_mismatch=1 skipped_update_missing_node=0 skipped_insert_invalid_node=0 skipped_split_invalid_children=0 skipped_delete_not_allowed=0
[WM][WARN] edit-ops had skipped operations; refine will retry if this was a refine call.
[WM] apply_edit_ops: ops=2 updates=1 inserts=0 split_children=1 deletes=0 new_nodes_added=1/3 skipped_cap=0 skipped_missing_parent=0 skipped_parent_solution_id_mismatch=0 skipped_update_missing_node=0 skipped_insert_invalid_node=0 skipped_split_invalid_children=0 skipped_delete_not_allowed=0
WM status: nodes=20 attached_solutions=12 active_leaf_id=node_best_cont_r54_aligned_num_stages2 depth=8
  last_trace: status=passed speedup=332.55x latency=0.0789ms
  active_path: root:<root> | independent_row_closed_form:Select the state-row ownership and algebraic decomposition->independent_row_closed_form | uniform_static_block_v32:Choose a uniform row-tile policy independent of batch size->uniform_block_v32_warp4 | node_best_cont_r36_1:Continue from best->Next-step refinement of best solution | node_best_cont_r36_alignment_hints:Choose whether explicit alignment and contiguity hints improve code generation while preserving the best BLOCK_V=32 mapping->add_state_row_alignment_hints | ... | node_best_cont_r54_aligned_num_stages2:Choose whether one additional software-pipeline stage improves the restored aligned mapping->aligned_block_v32_warp4_num_stages2
  nodes_preview: root:<root> | independent_row_closed_form:Select t ... ecomposition→independent_row_closed_form | whole_head_closed_form:Select t ... ecomposition→whole_head_closed_form | batch_adaptive_row_tiling:Choose r ... batch regime→batch_adaptive_block_v | node_gdn_decode_qk4_v8_d128_k_last_r8_cont_1:Reduce r ...  closed form→benchmark_block_v16_warp4 | node_gdn_decode_qk4_v8_d128_k_last_r11_cont_1:Choose w ... w state tile→block_v16_num_warps8 | uniform_static_block_v32:Choose a ... f batch size→uniform_block_v32_warp4 | uniform_static_block_v32_stages2:Choose w ... uniform tile→block_v32_warp4_num_stages2 | ...

[STAGE] world model: select next action (cycle start @ round 61)
WM status: nodes=20 attached_solutions=12 active_leaf_id=node_best_cont_r54_aligned_num_stages2 depth=8
  last_trace: status=passed speedup=332.55x latency=0.0789ms
  active_path: root:<root> | independent_row_closed_form:Select the state-row ownership and algebraic decomposition->independent_row_closed_form | uniform_static_block_v32:Choose a uniform row-tile policy independent of batch size->uniform_block_v32_warp4 | node_best_cont_r36_1:Continue from best->Next-step refinement of best solution | node_best_cont_r36_alignment_hints:Choose whether explicit alignment and contiguity hints improve code generation while preserving the best BLOCK_V=32 mapping->add_state_row_alignment_hints | ... | node_best_cont_r54_aligned_num_stages2:Choose whether one additional software-pipeline stage improves the restored aligned mapping->aligned_block_v32_warp4_num_stages2
  nodes_preview: root:<root> | independent_row_closed_form:Select t ... ecomposition→independent_row_closed_form | whole_head_closed_form:Select t ... ecomposition→whole_head_closed_form | batch_adaptive_row_tiling:Choose r ... batch regime→batch_adaptive_block_v | node_gdn_decode_qk4_v8_d128_k_last_r8_cont_1:Reduce r ...  closed form→benchmark_block_v16_warp4 | node_gdn_decode_qk4_v8_d128_k_last_r11_cont_1:Choose w ... w state tile→block_v16_num_warps8 | uniform_static_block_v32:Choose a ... f batch size→uniform_block_v32_warp4 | uniform_static_block_v32_stages2:Choose w ... uniform tile→block_v32_warp4_num_stages2 | ...
World Model: Open Action Nodes (candidates) frontier=6 total_open=7
1. rating=10.0/10 score=0.60 diff=2/5 conf=0.99 vs_base~? | node_id=node_best_cont_r46_1 parent_id=node_best_cont_r36_1 | Refine best solution: target the top bottleneck — Propose one small change that targets the primary bottleneck indicated by the latest eval on the best solution, without changing the overall mapping plan.
2. rating=8.5/10 score=0.84 diff=1/5 conf=0.64 vs_base~0.99x | node_id=node_best_cont_r54_aligned_num_stages2 parent_id=node_best_cont_r48_restore_alignment_default_store | Benchmark num_stages=2 on the restored aligned kernel
3. rating=7.6/10 score=0.59 diff=1/5 conf=0.98 vs_base~1.01x | node_id=uniform_static_block_v32_warp8_corrected_launch parent_id=uniform_static_block_v32_warp8 | Benchmark the corrected BLOCK_V=32 eight-warp launch
4. rating=6.2/10 score=0.61 diff=1/5 conf=0.58 vs_base~0.99x | node_id=node_best_cont_r42_actual_state_alignment_hints parent_id=node_best_cont_r41_real_alignment_hints | Add actual Triton state-row alignment hints
5. rating=4.3/10 score=0.24 diff=1/5 conf=0.78 vs_base~0.98x | node_id=uniform_static_block_v32_stages3 parent_id=uniform_static_block_v32_stages2 | Test num_stages=3 only if lower-stage scheduling leaves an unresolved pipeline benefit
6. rating=4.2/10 score=0.28 diff=4/5 conf=0.91 vs_base~1.01x | node_id=whole_head_closed_form parent_id=root | Evaluate whole-head ownership with shared head-level work — Implement one fused program unit per batch/value-head that reuses q, k, g, beta, and k dot q while iterating over all V rows, retaining only the currently processed row fragments.
World Model: Chosen Next Action (from decision tree node)
- node_id: node_best_cont_r54_aligned_num_stages2
- base_node_id: node_best_cont_r48_restore_alignment_default_store
- title: Benchmark num_stages=2 on the restored aligned kernel
- difficulty_1_to_5: 1
- expected_vs_baseline_factor: 0.99x

=== Optimization Round 61/100 ===
[CYCLE] action_node=13 action_node_id=node_best_cont_r54_aligned_num_stages2 attempt=1 parent_is_root=no base_code=yes

[STAGE] codegen: attempt 1 (round 61) no_improve_streak=0/5 no_improve_over_base=0/5

[STAGE] create Solution object from current code (round 61)

[STAGE] evaluate solution (round 61)
Round summary: passed 5/5 | mean_vs_baseline=- | mean_speedup=321.30x | mean_latency=0.0827 ms

=== Optimization Round 62/100 ===
[CYCLE] action_node=13 action_node_id=node_best_cont_r54_aligned_num_stages2 attempt=2 parent_is_root=no base_code=yes

[STAGE] codegen: attempt 2 (round 62) no_improve_streak=0/5 no_improve_over_base=1/5

[STAGE] create Solution object from current code (round 62)

[STAGE] evaluate solution (round 62)
Round summary: passed 5/5 | mean_vs_baseline=- | mean_speedup=330.73x | mean_latency=0.0794 ms

=== Optimization Round 63/100 ===
[CYCLE] action_node=13 action_node_id=node_best_cont_r54_aligned_num_stages2 attempt=3 parent_is_root=no base_code=yes

[STAGE] codegen: attempt 3 (round 63) no_improve_streak=0/5 no_improve_over_base=2/5

[STAGE] create Solution object from current code (round 63)

[STAGE] evaluate solution (round 63)
Round summary: passed 5/5 | mean_vs_baseline=- | mean_speedup=332.87x | mean_latency=0.0787 ms

=== Optimization Round 64/100 ===
[CYCLE] action_node=13 action_node_id=node_best_cont_r54_aligned_num_stages2 attempt=4 parent_is_root=no base_code=yes

[STAGE] codegen: attempt 4 (round 64) no_improve_streak=0/5 no_improve_over_base=0/5

[STAGE] create Solution object from current code (round 64)

[STAGE] evaluate solution (round 64)
Round summary: passed 5/5 | mean_vs_baseline=- | mean_speedup=335.16x | mean_latency=0.0774 ms

=== Optimization Round 65/100 ===
[CYCLE] action_node=13 action_node_id=node_best_cont_r54_aligned_num_stages2 attempt=5 parent_is_root=no base_code=yes

[STAGE] codegen: attempt 5 (round 65) no_improve_streak=0/5 no_improve_over_base=0/5

[STAGE] create Solution object from current code (round 65)

[STAGE] evaluate solution (round 65)
Round summary: passed 5/5 | mean_vs_baseline=- | mean_speedup=317.44x | mean_latency=0.0963 ms

[STAGE] cycle end: attach+refine best PASSED (round 64, score=335.160)
WM status: nodes=20 attached_solutions=13 active_leaf_id=node_best_cont_r54_aligned_num_stages2 depth=8
  last_trace: status=passed speedup=332.55x latency=0.0789ms
  active_path: root:<root> | independent_row_closed_form:Select the state-row ownership and algebraic decomposition->independent_row_closed_form | uniform_static_block_v32:Choose a uniform row-tile policy independent of batch size->uniform_block_v32_warp4 | node_best_cont_r36_1:Continue from best->Next-step refinement of best solution | node_best_cont_r36_alignment_hints:Choose whether explicit alignment and contiguity hints improve code generation while preserving the best BLOCK_V=32 mapping->add_state_row_alignment_hints | ... | node_best_cont_r54_aligned_num_stages2:Choose whether one additional software-pipeline stage improves the restored aligned mapping->aligned_block_v32_warp4_num_stages2
  nodes_preview: root:<root> | independent_row_closed_form:Select t ... ecomposition→independent_row_closed_form | whole_head_closed_form:Select t ... ecomposition→whole_head_closed_form | batch_adaptive_row_tiling:Choose r ... batch regime→batch_adaptive_block_v | node_gdn_decode_qk4_v8_d128_k_last_r8_cont_1:Reduce r ...  closed form→benchmark_block_v16_warp4 | node_gdn_decode_qk4_v8_d128_k_last_r11_cont_1:Choose w ... w state tile→block_v16_num_warps8 | uniform_static_block_v32:Choose a ... f batch size→uniform_block_v32_warp4 | uniform_static_block_v32_stages2:Choose w ... uniform tile→block_v32_warp4_num_stages2 | ...
[WM] apply_edit_ops: ops=3 updates=1 inserts=0 split_children=0 deletes=1 new_nodes_added=0/3 skipped_cap=0 skipped_missing_parent=0 skipped_parent_solution_id_mismatch=1 skipped_update_missing_node=0 skipped_insert_invalid_node=0 skipped_split_invalid_children=0 skipped_delete_not_allowed=0
[WM][WARN] edit-ops had skipped operations; refine will retry if this was a refine call.
[WM] apply_edit_ops: ops=3 updates=2 inserts=1 split_children=0 deletes=0 new_nodes_added=1/3 skipped_cap=0 skipped_missing_parent=0 skipped_parent_solution_id_mismatch=0 skipped_update_missing_node=0 skipped_insert_invalid_node=0 skipped_split_invalid_children=0 skipped_delete_not_allowed=0
WM status: nodes=20 attached_solutions=13 active_leaf_id=node_best_cont_r59_maxnreg64 depth=9
  last_trace: status=passed speedup=335.16x latency=0.0774ms
  active_path: root:<root> | independent_row_closed_form:Select the state-row ownership and algebraic decomposition->independent_row_closed_form | uniform_static_block_v32:Choose a uniform row-tile policy independent of batch size->uniform_block_v32_warp4 | node_best_cont_r36_1:Continue from best->Next-step refinement of best solution | node_best_cont_r36_alignment_hints:Choose whether explicit alignment and contiguity hints improve code generation while preserving the best BLOCK_V=32 mapping->add_state_row_alignment_hints | ... | node_best_cont_r59_maxnreg64:Choose whether a conservative register cap improves occupancy without introducing harmful spills->aligned_block_v32_warp4_stages2_maxnreg64
  nodes_preview: root:<root> | independent_row_closed_form:Select t ... ecomposition→independent_row_closed_form | whole_head_closed_form:Select t ... ecomposition→whole_head_closed_form | batch_adaptive_row_tiling:Choose r ... batch regime→batch_adaptive_block_v | node_gdn_decode_qk4_v8_d128_k_last_r8_cont_1:Reduce r ...  closed form→benchmark_block_v16_warp4 | node_gdn_decode_qk4_v8_d128_k_last_r11_cont_1:Choose w ... w state tile→block_v16_num_warps8 | uniform_static_block_v32:Choose a ... f batch size→uniform_block_v32_warp4 | uniform_static_block_v32_stages2:Choose w ... uniform tile→block_v32_warp4_num_stages2 | ...

[STAGE] world model: select next action (cycle start @ round 66)
WM status: nodes=20 attached_solutions=13 active_leaf_id=node_best_cont_r59_maxnreg64 depth=9
  last_trace: status=passed speedup=335.16x latency=0.0774ms
  active_path: root:<root> | independent_row_closed_form:Select the state-row ownership and algebraic decomposition->independent_row_closed_form | uniform_static_block_v32:Choose a uniform row-tile policy independent of batch size->uniform_block_v32_warp4 | node_best_cont_r36_1:Continue from best->Next-step refinement of best solution | node_best_cont_r36_alignment_hints:Choose whether explicit alignment and contiguity hints improve code generation while preserving the best BLOCK_V=32 mapping->add_state_row_alignment_hints | ... | node_best_cont_r59_maxnreg64:Choose whether a conservative register cap improves occupancy without introducing harmful spills->aligned_block_v32_warp4_stages2_maxnreg64
  nodes_preview: root:<root> | independent_row_closed_form:Select t ... ecomposition→independent_row_closed_form | whole_head_closed_form:Select t ... ecomposition→whole_head_closed_form | batch_adaptive_row_tiling:Choose r ... batch regime→batch_adaptive_block_v | node_gdn_decode_qk4_v8_d128_k_last_r8_cont_1:Reduce r ...  closed form→benchmark_block_v16_warp4 | node_gdn_decode_qk4_v8_d128_k_last_r11_cont_1:Choose w ... w state tile→block_v16_num_warps8 | uniform_static_block_v32:Choose a ... f batch size→uniform_block_v32_warp4 | uniform_static_block_v32_stages2:Choose w ... uniform tile→block_v32_warp4_num_stages2 | ...
World Model: Open Action Nodes (candidates) frontier=5 total_open=6
1. rating=10.0/10 score=0.60 diff=2/5 conf=0.99 vs_base~? | node_id=node_best_cont_r46_1 parent_id=node_best_cont_r36_1 | Refine best solution: target the top bottleneck — Propose one small change that targets the primary bottleneck indicated by the latest eval on the best solution, without changing the overall mapping plan.
2. rating=7.6/10 score=0.59 diff=1/5 conf=0.98 vs_base~1.01x | node_id=uniform_static_block_v32_warp8_corrected_launch parent_id=uniform_static_block_v32_warp8 | Benchmark the corrected BLOCK_V=32 eight-warp launch
3. rating=7.4/10 score=0.64 diff=2/5 conf=0.58 vs_base~0.99x | node_id=node_best_cont_r59_maxnreg64 parent_id=node_best_cont_r54_aligned_num_stages2 | Benchmark maxnreg=64 on the aligned num_stages=2 kernel
4. rating=6.2/10 score=0.61 diff=1/5 conf=0.58 vs_base~0.99x | node_id=node_best_cont_r42_actual_state_alignment_hints parent_id=node_best_cont_r41_real_alignment_hints | Add actual Triton state-row alignment hints
5. rating=4.2/10 score=0.28 diff=4/5 conf=0.91 vs_base~1.01x | node_id=whole_head_closed_form parent_id=root | Evaluate whole-head ownership with shared head-level work — Implement one fused program unit per batch/value-head that reuses q, k, g, beta, and k dot q while iterating over all V rows, retaining only the currently processed row fragments.
World Model: Chosen Next Action (from decision tree node)
- node_id: node_best_cont_r59_maxnreg64
- base_node_id: node_best_cont_r54_aligned_num_stages2
- title: Benchmark maxnreg=64 on the aligned num_stages=2 kernel
- difficulty_1_to_5: 2
- expected_vs_baseline_factor: 0.99x

=== Optimization Round 66/100 ===
[CYCLE] action_node=14 action_node_id=node_best_cont_r59_maxnreg64 attempt=1 parent_is_root=no base_code=yes

[STAGE] codegen: attempt 1 (round 66) no_improve_streak=0/5 no_improve_over_base=0/5

[STAGE] create Solution object from current code (round 66)

[STAGE] evaluate solution (round 66)
Round summary: passed 5/5 | mean_vs_baseline=- | mean_speedup=333.05x | mean_latency=0.0783 ms

=== Optimization Round 67/100 ===
[CYCLE] action_node=14 action_node_id=node_best_cont_r59_maxnreg64 attempt=2 parent_is_root=no base_code=yes

[STAGE] codegen: attempt 2 (round 67) no_improve_streak=0/5 no_improve_over_base=0/5

[STAGE] create Solution object from current code (round 67)

[STAGE] evaluate solution (round 67)
Round summary: passed 5/5 | mean_vs_baseline=- | mean_speedup=321.77x | mean_latency=0.0830 ms

=== Optimization Round 68/100 ===
[CYCLE] action_node=14 action_node_id=node_best_cont_r59_maxnreg64 attempt=3 parent_is_root=no base_code=yes

[STAGE] codegen: attempt 3 (round 68) no_improve_streak=1/5 no_improve_over_base=0/5

[STAGE] create Solution object from current code (round 68)

[STAGE] evaluate solution (round 68)
Round summary: passed 5/5 | mean_vs_baseline=- | mean_speedup=259.84x | mean_latency=0.1123 ms

=== Optimization Round 69/100 ===
[CYCLE] action_node=14 action_node_id=node_best_cont_r59_maxnreg64 attempt=4 parent_is_root=no base_code=yes

[STAGE] codegen: attempt 4 (round 69) no_improve_streak=2/5 no_improve_over_base=0/5

[STAGE] create Solution object from current code (round 69)

[STAGE] evaluate solution (round 69)
Round summary: passed 5/5 | mean_vs_baseline=- | mean_speedup=216.09x | mean_latency=0.1007 ms

=== Optimization Round 70/100 ===
[CYCLE] action_node=14 action_node_id=node_best_cont_r59_maxnreg64 attempt=5 parent_is_root=no base_code=yes

[STAGE] codegen: attempt 5 (round 70) no_improve_streak=3/5 no_improve_over_base=0/5

[STAGE] create Solution object from current code (round 70)

[STAGE] evaluate solution (round 70)
Round summary: passed 5/5 | mean_vs_baseline=- | mean_speedup=308.32x | mean_latency=0.0799 ms

[STAGE] cycle end: attach+refine best PASSED (round 66, score=333.050)
WM status: nodes=20 attached_solutions=14 active_leaf_id=node_best_cont_r59_maxnreg64 depth=9
  last_trace: status=passed speedup=335.16x latency=0.0774ms
  active_path: root:<root> | independent_row_closed_form:Select the state-row ownership and algebraic decomposition->independent_row_closed_form | uniform_static_block_v32:Choose a uniform row-tile policy independent of batch size->uniform_block_v32_warp4 | node_best_cont_r36_1:Continue from best->Next-step refinement of best solution | node_best_cont_r36_alignment_hints:Choose whether explicit alignment and contiguity hints improve code generation while preserving the best BLOCK_V=32 mapping->add_state_row_alignment_hints | ... | node_best_cont_r59_maxnreg64:Choose whether a conservative register cap improves occupancy without introducing harmful spills->aligned_block_v32_warp4_stages2_maxnreg64
  nodes_preview: root:<root> | independent_row_closed_form:Select t ... ecomposition→independent_row_closed_form | whole_head_closed_form:Select t ... ecomposition→whole_head_closed_form | batch_adaptive_row_tiling:Choose r ... batch regime→batch_adaptive_block_v | node_gdn_decode_qk4_v8_d128_k_last_r8_cont_1:Reduce r ...  closed form→benchmark_block_v16_warp4 | node_gdn_decode_qk4_v8_d128_k_last_r11_cont_1:Choose w ... w state tile→block_v16_num_warps8 | uniform_static_block_v32:Choose a ... f batch size→uniform_block_v32_warp4 | uniform_static_block_v32_stages2:Choose w ... uniform tile→block_v32_warp4_num_stages2 | ...
[WM] apply_edit_ops: ops=3 updates=2 inserts=0 split_children=0 deletes=0 new_nodes_added=0/3 skipped_cap=0 skipped_missing_parent=0 skipped_parent_solution_id_mismatch=1 skipped_update_missing_node=0 skipped_insert_invalid_node=0 skipped_split_invalid_children=0 skipped_delete_not_allowed=0
[WM][WARN] edit-ops had skipped operations; refine will retry if this was a refine call.
[WM] apply_edit_ops: ops=3 updates=2 inserts=1 split_children=0 deletes=0 new_nodes_added=1/3 skipped_cap=0 skipped_missing_parent=0 skipped_parent_solution_id_mismatch=0 skipped_update_missing_node=0 skipped_insert_invalid_node=0 skipped_split_invalid_children=0 skipped_delete_not_allowed=0
WM status: nodes=21 attached_solutions=14 active_leaf_id=node_best_cont_r65_maxnreg80 depth=10
  last_trace: status=passed speedup=333.05x latency=0.0783ms
  active_path: root:<root> | independent_row_closed_form:Select the state-row ownership and algebraic decomposition->independent_row_closed_form | uniform_static_block_v32:Choose a uniform row-tile policy independent of batch size->uniform_block_v32_warp4 | node_best_cont_r36_1:Continue from best->Next-step refinement of best solution | node_best_cont_r36_alignment_hints:Choose whether explicit alignment and contiguity hints improve code generation while preserving the best BLOCK_V=32 mapping->add_state_row_alignment_hints | ... | node_best_cont_r65_maxnreg80:Determine whether a less restrictive register cap recovers the aligned kernel's baseline performance->aligned_block_v32_warp4_stages2_maxnreg80
  nodes_preview: root:<root> | independent_row_closed_form:Select t ... ecomposition→independent_row_closed_form | whole_head_closed_form:Select t ... ecomposition→whole_head_closed_form | batch_adaptive_row_tiling:Choose r ... batch regime→batch_adaptive_block_v | node_gdn_decode_qk4_v8_d128_k_last_r8_cont_1:Reduce r ...  closed form→benchmark_block_v16_warp4 | node_gdn_decode_qk4_v8_d128_k_last_r11_cont_1:Choose w ... w state tile→block_v16_num_warps8 | uniform_static_block_v32:Choose a ... f batch size→uniform_block_v32_warp4 | uniform_static_block_v32_stages2:Choose w ... uniform tile→block_v32_warp4_num_stages2 | ...

[STAGE] world model: select next action (cycle start @ round 71)
WM status: nodes=21 attached_solutions=14 active_leaf_id=node_best_cont_r65_maxnreg80 depth=10
  last_trace: status=passed speedup=333.05x latency=0.0783ms
  active_path: root:<root> | independent_row_closed_form:Select the state-row ownership and algebraic decomposition->independent_row_closed_form | uniform_static_block_v32:Choose a uniform row-tile policy independent of batch size->uniform_block_v32_warp4 | node_best_cont_r36_1:Continue from best->Next-step refinement of best solution | node_best_cont_r36_alignment_hints:Choose whether explicit alignment and contiguity hints improve code generation while preserving the best BLOCK_V=32 mapping->add_state_row_alignment_hints | ... | node_best_cont_r65_maxnreg80:Determine whether a less restrictive register cap recovers the aligned kernel's baseline performance->aligned_block_v32_warp4_stages2_maxnreg80
  nodes_preview: root:<root> | independent_row_closed_form:Select t ... ecomposition→independent_row_closed_form | whole_head_closed_form:Select t ... ecomposition→whole_head_closed_form | batch_adaptive_row_tiling:Choose r ... batch regime→batch_adaptive_block_v | node_gdn_decode_qk4_v8_d128_k_last_r8_cont_1:Reduce r ...  closed form→benchmark_block_v16_warp4 | node_gdn_decode_qk4_v8_d128_k_last_r11_cont_1:Choose w ... w state tile→block_v16_num_warps8 | uniform_static_block_v32:Choose a ... f batch size→uniform_block_v32_warp4 | uniform_static_block_v32_stages2:Choose w ... uniform tile→block_v32_warp4_num_stages2 | ...
World Model: Open Action Nodes (candidates) frontier=5 total_open=6
1. rating=10.0/10 score=0.60 diff=2/5 conf=0.99 vs_base~? | node_id=node_best_cont_r46_1 parent_id=node_best_cont_r36_1 | Refine best solution: target the top bottleneck — Propose one small change that targets the primary bottleneck indicated by the latest eval on the best solution, without changing the overall mapping plan.
2. rating=7.8/10 score=0.78 diff=1/5 conf=0.66 vs_base~0.99x | node_id=node_best_cont_r65_maxnreg80 parent_id=node_best_cont_r59_maxnreg64 | Benchmark maxnreg=80 on the aligned num_stages=2 kernel
3. rating=7.6/10 score=0.59 diff=1/5 conf=0.98 vs_base~1.01x | node_id=uniform_static_block_v32_warp8_corrected_launch parent_id=uniform_static_block_v32_warp8 | Benchmark the corrected BLOCK_V=32 eight-warp launch
4. rating=6.2/10 score=0.61 diff=1/5 conf=0.58 vs_base~0.99x | node_id=node_best_cont_r42_actual_state_alignment_hints parent_id=node_best_cont_r41_real_alignment_hints | Add actual Triton state-row alignment hints
5. rating=4.2/10 score=0.28 diff=4/5 conf=0.91 vs_base~1.01x | node_id=whole_head_closed_form parent_id=root | Evaluate whole-head ownership with shared head-level work — Implement one fused program unit per batch/value-head that reuses q, k, g, beta, and k dot q while iterating over all V rows, retaining only the currently processed row fragments.
World Model: Chosen Next Action (from decision tree node)
- node_id: node_best_cont_r65_maxnreg80
- base_node_id: node_best_cont_r59_maxnreg64
- title: Benchmark maxnreg=80 on the aligned num_stages=2 kernel
- difficulty_1_to_5: 1
- expected_vs_baseline_factor: 0.99x

=== Optimization Round 71/100 ===
[CYCLE] action_node=15 action_node_id=node_best_cont_r65_maxnreg80 attempt=1 parent_is_root=no base_code=yes

[STAGE] codegen: attempt 1 (round 71) no_improve_streak=0/5 no_improve_over_base=0/5

[STAGE] create Solution object from current code (round 71)

[STAGE] evaluate solution (round 71)
Round summary: passed 5/5 | mean_vs_baseline=- | mean_speedup=318.67x | mean_latency=0.0816 ms

=== Optimization Round 72/100 ===
[CYCLE] action_node=15 action_node_id=node_best_cont_r65_maxnreg80 attempt=2 parent_is_root=no base_code=yes

[STAGE] codegen: attempt 2 (round 72) no_improve_streak=0/5 no_improve_over_base=1/5

[STAGE] create Solution object from current code (round 72)

[STAGE] evaluate solution (round 72)
Round summary: passed 5/5 | mean_vs_baseline=- | mean_speedup=329.61x | mean_latency=0.0807 ms

=== Optimization Round 73/100 ===
[CYCLE] action_node=15 action_node_id=node_best_cont_r65_maxnreg80 attempt=3 parent_is_root=no base_code=yes

[STAGE] codegen: attempt 3 (round 73) no_improve_streak=0/5 no_improve_over_base=2/5

[STAGE] create Solution object from current code (round 73)

[STAGE] evaluate solution (round 73)
Round summary: passed 5/5 | mean_vs_baseline=- | mean_speedup=328.38x | mean_latency=0.0787 ms

=== Optimization Round 74/100 ===
[CYCLE] action_node=15 action_node_id=node_best_cont_r65_maxnreg80 attempt=4 parent_is_root=no base_code=yes

[STAGE] codegen: attempt 4 (round 74) no_improve_streak=1/5 no_improve_over_base=3/5

[STAGE] create Solution object from current code (round 74)

[STAGE] evaluate solution (round 74)
Round summary: passed 5/5 | mean_vs_baseline=- | mean_speedup=336.47x | mean_latency=0.0772 ms

=== Optimization Round 75/100 ===
[CYCLE] action_node=15 action_node_id=node_best_cont_r65_maxnreg80 attempt=5 parent_is_root=no base_code=yes

[STAGE] codegen: attempt 5 (round 75) no_improve_streak=0/5 no_improve_over_base=0/5

[STAGE] create Solution object from current code (round 75)

[STAGE] evaluate solution (round 75)
Round summary: passed 5/5 | mean_vs_baseline=- | mean_speedup=328.04x | mean_latency=0.0782 ms

[STAGE] cycle end: attach+refine best PASSED (round 74, score=336.468)
WM status: nodes=21 attached_solutions=15 active_leaf_id=node_best_cont_r65_maxnreg80 depth=10
  last_trace: status=passed speedup=333.05x latency=0.0783ms
  active_path: root:<root> | independent_row_closed_form:Select the state-row ownership and algebraic decomposition->independent_row_closed_form | uniform_static_block_v32:Choose a uniform row-tile policy independent of batch size->uniform_block_v32_warp4 | node_best_cont_r36_1:Continue from best->Next-step refinement of best solution | node_best_cont_r36_alignment_hints:Choose whether explicit alignment and contiguity hints improve code generation while preserving the best BLOCK_V=32 mapping->add_state_row_alignment_hints | ... | node_best_cont_r65_maxnreg80:Determine whether a less restrictive register cap recovers the aligned kernel's baseline performance->aligned_block_v32_warp4_stages2_maxnreg80
  nodes_preview: root:<root> | independent_row_closed_form:Select t ... ecomposition→independent_row_closed_form | whole_head_closed_form:Select t ... ecomposition→whole_head_closed_form | batch_adaptive_row_tiling:Choose r ... batch regime→batch_adaptive_block_v | node_gdn_decode_qk4_v8_d128_k_last_r8_cont_1:Reduce r ...  closed form→benchmark_block_v16_warp4 | node_gdn_decode_qk4_v8_d128_k_last_r11_cont_1:Choose w ... w state tile→block_v16_num_warps8 | uniform_static_block_v32:Choose a ... f batch size→uniform_block_v32_warp4 | uniform_static_block_v32_stages2:Choose w ... uniform tile→block_v32_warp4_num_stages2 | ...
[WM] apply_edit_ops: ops=2 updates=1 inserts=1 split_children=0 deletes=0 new_nodes_added=1/3 skipped_cap=0 skipped_missing_parent=0 skipped_parent_solution_id_mismatch=0 skipped_update_missing_node=0 skipped_insert_invalid_node=0 skipped_split_invalid_children=0 skipped_delete_not_allowed=0
WM status: nodes=22 attached_solutions=15 active_leaf_id=node_best_cont_r67_maxnreg80_corrected depth=11
  last_trace: status=passed speedup=336.47x latency=0.0772ms
  active_path: root:<root> | independent_row_closed_form:Select the state-row ownership and algebraic decomposition->independent_row_closed_form | uniform_static_block_v32:Choose a uniform row-tile policy independent of batch size->uniform_block_v32_warp4 | node_best_cont_r36_1:Continue from best->Next-step refinement of best solution | node_best_cont_r36_alignment_hints:Choose whether explicit alignment and contiguity hints improve code generation while preserving the best BLOCK_V=32 mapping->add_state_row_alignment_hints | ... | node_best_cont_r67_maxnreg80_corrected:Correctly execute the intended register-cap experiment without changing the proven row mapping->explicit_maxnreg80_warp4_stages2
  nodes_preview: root:<root> | independent_row_closed_form:Select t ... ecomposition→independent_row_closed_form | whole_head_closed_form:Select t ... ecomposition→whole_head_closed_form | batch_adaptive_row_tiling:Choose r ... batch regime→batch_adaptive_block_v | node_gdn_decode_qk4_v8_d128_k_last_r8_cont_1:Reduce r ...  closed form→benchmark_block_v16_warp4 | node_gdn_decode_qk4_v8_d128_k_last_r11_cont_1:Choose w ... w state tile→block_v16_num_warps8 | uniform_static_block_v32:Choose a ... f batch size→uniform_block_v32_warp4 | uniform_static_block_v32_stages2:Choose w ... uniform tile→block_v32_warp4_num_stages2 | ...

[STAGE] world model: select next action (cycle start @ round 76)
WM status: nodes=22 attached_solutions=15 active_leaf_id=node_best_cont_r67_maxnreg80_corrected depth=11
  last_trace: status=passed speedup=336.47x latency=0.0772ms
  active_path: root:<root> | independent_row_closed_form:Select the state-row ownership and algebraic decomposition->independent_row_closed_form | uniform_static_block_v32:Choose a uniform row-tile policy independent of batch size->uniform_block_v32_warp4 | node_best_cont_r36_1:Continue from best->Next-step refinement of best solution | node_best_cont_r36_alignment_hints:Choose whether explicit alignment and contiguity hints improve code generation while preserving the best BLOCK_V=32 mapping->add_state_row_alignment_hints | ... | node_best_cont_r67_maxnreg80_corrected:Correctly execute the intended register-cap experiment without changing the proven row mapping->explicit_maxnreg80_warp4_stages2
  nodes_preview: root:<root> | independent_row_closed_form:Select t ... ecomposition→independent_row_closed_form | whole_head_closed_form:Select t ... ecomposition→whole_head_closed_form | batch_adaptive_row_tiling:Choose r ... batch regime→batch_adaptive_block_v | node_gdn_decode_qk4_v8_d128_k_last_r8_cont_1:Reduce r ...  closed form→benchmark_block_v16_warp4 | node_gdn_decode_qk4_v8_d128_k_last_r11_cont_1:Choose w ... w state tile→block_v16_num_warps8 | uniform_static_block_v32:Choose a ... f batch size→uniform_block_v32_warp4 | uniform_static_block_v32_stages2:Choose w ... uniform tile→block_v32_warp4_num_stages2 | ...
World Model: Open Action Nodes (candidates) frontier=5 total_open=6
1. rating=10.0/10 score=0.60 diff=2/5 conf=0.99 vs_base~? | node_id=node_best_cont_r46_1 parent_id=node_best_cont_r36_1 | Refine best solution: target the top bottleneck — Propose one small change that targets the primary bottleneck indicated by the latest eval on the best solution, without changing the overall mapping plan.
2. rating=8.1/10 score=0.84 diff=1/5 conf=0.74 vs_base~0.99x | node_id=node_best_cont_r67_maxnreg80_corrected parent_id=node_best_cont_r65_maxnreg80 | Add explicit maxnreg=80 and benchmark the otherwise identical kernel
3. rating=7.6/10 score=0.59 diff=1/5 conf=0.98 vs_base~1.01x | node_id=uniform_static_block_v32_warp8_corrected_launch parent_id=uniform_static_block_v32_warp8 | Benchmark the corrected BLOCK_V=32 eight-warp launch
4. rating=6.2/10 score=0.61 diff=1/5 conf=0.58 vs_base~0.99x | node_id=node_best_cont_r42_actual_state_alignment_hints parent_id=node_best_cont_r41_real_alignment_hints | Add actual Triton state-row alignment hints
5. rating=4.2/10 score=0.28 diff=4/5 conf=0.91 vs_base~1.01x | node_id=whole_head_closed_form parent_id=root | Evaluate whole-head ownership with shared head-level work — Implement one fused program unit per batch/value-head that reuses q, k, g, beta, and k dot q while iterating over all V rows, retaining only the currently processed row fragments.
World Model: Chosen Next Action (from decision tree node)
- node_id: node_best_cont_r67_maxnreg80_corrected
- base_node_id: node_best_cont_r65_maxnreg80
- title: Add explicit maxnreg=80 and benchmark the otherwise identical kernel
- difficulty_1_to_5: 1
- expected_vs_baseline_factor: 0.99x

=== Optimization Round 76/100 ===
[CYCLE] action_node=16 action_node_id=node_best_cont_r67_maxnreg80_corrected attempt=1 parent_is_root=no base_code=yes

[STAGE] codegen: attempt 1 (round 76) no_improve_streak=0/5 no_improve_over_base=0/5

[STAGE] create Solution object from current code (round 76)

[STAGE] evaluate solution (round 76)
Round summary: passed 5/5 | mean_vs_baseline=- | mean_speedup=329.36x | mean_latency=0.0784 ms

=== Optimization Round 77/100 ===
[CYCLE] action_node=16 action_node_id=node_best_cont_r67_maxnreg80_corrected attempt=2 parent_is_root=no base_code=yes

[STAGE] codegen: attempt 2 (round 77) no_improve_streak=0/5 no_improve_over_base=1/5

[STAGE] create Solution object from current code (round 77)

[STAGE] evaluate solution (round 77)
Round summary: passed 5/5 | mean_vs_baseline=- | mean_speedup=332.82x | mean_latency=0.0779 ms

=== Optimization Round 78/100 ===
[CYCLE] action_node=16 action_node_id=node_best_cont_r67_maxnreg80_corrected attempt=3 parent_is_root=no base_code=yes

[STAGE] codegen: attempt 3 (round 78) no_improve_streak=0/5 no_improve_over_base=2/5

[STAGE] create Solution object from current code (round 78)

[STAGE] evaluate solution (round 78)
Round summary: passed 5/5 | mean_vs_baseline=- | mean_speedup=327.47x | mean_latency=0.0809 ms

=== Optimization Round 79/100 ===
[CYCLE] action_node=16 action_node_id=node_best_cont_r67_maxnreg80_corrected attempt=4 parent_is_root=no base_code=yes

[STAGE] codegen: attempt 4 (round 79) no_improve_streak=1/5 no_improve_over_base=3/5

[STAGE] create Solution object from current code (round 79)

[STAGE] evaluate solution (round 79)
Round summary: passed 5/5 | mean_vs_baseline=- | mean_speedup=286.83x | mean_latency=0.0836 ms

=== Optimization Round 80/100 ===
[CYCLE] action_node=16 action_node_id=node_best_cont_r67_maxnreg80_corrected attempt=5 parent_is_root=no base_code=yes

[STAGE] codegen: attempt 5 (round 80) no_improve_streak=2/5 no_improve_over_base=4/5

[STAGE] create Solution object from current code (round 80)

[STAGE] evaluate solution (round 80)
Round summary: passed 5/5 | mean_vs_baseline=- | mean_speedup=330.73x | mean_latency=0.0782 ms

[STAGE] cycle end: attach+refine best PASSED (round 77, score=332.822)
WM status: nodes=22 attached_solutions=16 active_leaf_id=node_best_cont_r67_maxnreg80_corrected depth=11
  last_trace: status=passed speedup=336.47x latency=0.0772ms
  active_path: root:<root> | independent_row_closed_form:Select the state-row ownership and algebraic decomposition->independent_row_closed_form | uniform_static_block_v32:Choose a uniform row-tile policy independent of batch size->uniform_block_v32_warp4 | node_best_cont_r36_1:Continue from best->Next-step refinement of best solution | node_best_cont_r36_alignment_hints:Choose whether explicit alignment and contiguity hints improve code generation while preserving the best BLOCK_V=32 mapping->add_state_row_alignment_hints | ... | node_best_cont_r67_maxnreg80_corrected:Correctly execute the intended register-cap experiment without changing the proven row mapping->explicit_maxnreg80_warp4_stages2
  nodes_preview: root:<root> | independent_row_closed_form:Select t ... ecomposition→independent_row_closed_form | whole_head_closed_form:Select t ... ecomposition→whole_head_closed_form | batch_adaptive_row_tiling:Choose r ... batch regime→batch_adaptive_block_v | node_gdn_decode_qk4_v8_d128_k_last_r8_cont_1:Reduce r ...  closed form→benchmark_block_v16_warp4 | node_gdn_decode_qk4_v8_d128_k_last_r11_cont_1:Choose w ... w state tile→block_v16_num_warps8 | uniform_static_block_v32:Choose a ... f batch size→uniform_block_v32_warp4 | uniform_static_block_v32_stages2:Choose w ... uniform tile→block_v32_warp4_num_stages2 | ...
[WM] apply_edit_ops: ops=2 updates=1 inserts=0 split_children=0 deletes=0 new_nodes_added=0/3 skipped_cap=0 skipped_missing_parent=0 skipped_parent_solution_id_mismatch=1 skipped_update_missing_node=0 skipped_insert_invalid_node=0 skipped_split_invalid_children=0 skipped_delete_not_allowed=0
[WM][WARN] edit-ops had skipped operations; refine will retry if this was a refine call.
[WM] apply_edit_ops: ops=1 updates=0 inserts=0 split_children=1 deletes=0 new_nodes_added=1/3 skipped_cap=0 skipped_missing_parent=0 skipped_parent_solution_id_mismatch=0 skipped_update_missing_node=0 skipped_insert_invalid_node=0 skipped_split_invalid_children=0 skipped_delete_not_allowed=0
WM status: nodes=23 attached_solutions=16 active_leaf_id=node_best_cont_r75_real_maxnreg80 depth=12
  last_trace: status=passed speedup=332.82x latency=0.0779ms
  active_path: root:<root> | independent_row_closed_form:Select the state-row ownership and algebraic decomposition->independent_row_closed_form | uniform_static_block_v32:Choose a uniform row-tile policy independent of batch size->uniform_block_v32_warp4 | node_best_cont_r36_1:Continue from best->Next-step refinement of best solution | node_best_cont_r36_alignment_hints:Choose whether explicit alignment and contiguity hints improve code generation while preserving the best BLOCK_V=32 mapping->add_state_row_alignment_hints | ... | node_best_cont_r75_real_maxnreg80:Implement the missing register-cap experiment as a strict one-variable continuation->apply_explicit_maxnreg80_warp4_stages2
  nodes_preview: root:<root> | independent_row_closed_form:Select t ... ecomposition→independent_row_closed_form | whole_head_closed_form:Select t ... ecomposition→whole_head_closed_form | batch_adaptive_row_tiling:Choose r ... batch regime→batch_adaptive_block_v | node_gdn_decode_qk4_v8_d128_k_last_r8_cont_1:Reduce r ...  closed form→benchmark_block_v16_warp4 | node_gdn_decode_qk4_v8_d128_k_last_r11_cont_1:Choose w ... w state tile→block_v16_num_warps8 | uniform_static_block_v32:Choose a ... f batch size→uniform_block_v32_warp4 | uniform_static_block_v32_stages2:Choose w ... uniform tile→block_v32_warp4_num_stages2 | ...

[STAGE] world model: select next action (cycle start @ round 81)
[WM] apply_edit_ops: ops=3 updates=2 inserts=1 split_children=0 deletes=0 new_nodes_added=1/3 skipped_cap=0 skipped_missing_parent=0 skipped_parent_solution_id_mismatch=0 skipped_update_missing_node=0 skipped_insert_invalid_node=0 skipped_split_invalid_children=0 skipped_delete_not_allowed=0
WM status: nodes=24 attached_solutions=16 active_leaf_id=node_best_cont_r65_streaming_state_store depth=11
  last_trace: status=passed speedup=332.82x latency=0.0779ms
  active_path: root:<root> | independent_row_closed_form:Select the state-row ownership and algebraic decomposition->independent_row_closed_form | uniform_static_block_v32:Choose a uniform row-tile policy independent of batch size->uniform_block_v32_warp4 | node_best_cont_r36_1:Continue from best->Next-step refinement of best solution | node_best_cont_r36_alignment_hints:Choose whether explicit alignment and contiguity hints improve code generation while preserving the best BLOCK_V=32 mapping->add_state_row_alignment_hints | ... | node_best_cont_r65_streaming_state_store:Choose whether the large write-only updated-state stream should bypass normal cache retention->add_cs_cache_modifier_to_new_state_store_only
  nodes_preview: root:<root> | independent_row_closed_form:Select t ... ecomposition→independent_row_closed_form | whole_head_closed_form:Select t ... ecomposition→whole_head_closed_form | batch_adaptive_row_tiling:Choose r ... batch regime→batch_adaptive_block_v | node_gdn_decode_qk4_v8_d128_k_last_r8_cont_1:Reduce r ...  closed form→benchmark_block_v16_warp4 | node_gdn_decode_qk4_v8_d128_k_last_r11_cont_1:Choose w ... w state tile→block_v16_num_warps8 | uniform_static_block_v32:Choose a ... f batch size→uniform_block_v32_warp4 | uniform_static_block_v32_stages2:Choose w ... uniform tile→block_v32_warp4_num_stages2 | ...
World Model: Open Action Nodes (candidates) frontier=6 total_open=7
1. rating=10.0/10 score=0.60 diff=2/5 conf=0.99 vs_base~? | node_id=node_best_cont_r46_1 parent_id=node_best_cont_r36_1 | Refine best solution: target the top bottleneck — Propose one small change that targets the primary bottleneck indicated by the latest eval on the best solution, without changing the overall mapping plan.
2. rating=9.9/10 score=1.00 diff=1/5 conf=0.99 vs_base~0.99x | node_id=node_best_cont_r75_real_maxnreg80 parent_id=node_best_cont_r67_maxnreg80_corrected | Retain the validated real maxnreg=80 launch
3. rating=7.6/10 score=0.59 diff=1/5 conf=0.98 vs_base~1.01x | node_id=uniform_static_block_v32_warp8_corrected_launch parent_id=uniform_static_block_v32_warp8 | Benchmark the corrected BLOCK_V=32 eight-warp launch
4. rating=7.4/10 score=0.68 diff=1/5 conf=0.61 vs_base~0.98x | node_id=node_best_cont_r65_streaming_state_store parent_id=node_best_cont_r65_maxnreg80 | Benchmark a streaming cache modifier on the new-state store
5. rating=6.2/10 score=0.61 diff=1/5 conf=0.58 vs_base~0.99x | node_id=node_best_cont_r42_actual_state_alignment_hints parent_id=node_best_cont_r41_real_alignment_hints | Add actual Triton state-row alignment hints
6. rating=4.2/10 score=0.28 diff=4/5 conf=0.91 vs_base~1.01x | node_id=whole_head_closed_form parent_id=root | Evaluate whole-head ownership with shared head-level work — Implement one fused program unit per batch/value-head that reuses q, k, g, beta, and k dot q while iterating over all V rows, retaining only the currently processed row fragments.
World Model: Chosen Next Action (from decision tree node)
- node_id: node_best_cont_r75_real_maxnreg80
- base_node_id: node_best_cont_r67_maxnreg80_corrected
- title: Retain the validated real maxnreg=80 launch
- difficulty_1_to_5: 1
- expected_vs_baseline_factor: 0.99x

=== Optimization Round 81/100 ===
[CYCLE] action_node=17 action_node_id=node_best_cont_r75_real_maxnreg80 attempt=1 parent_is_root=no base_code=yes

[STAGE] codegen: attempt 1 (round 81) no_improve_streak=0/5 no_improve_over_base=0/5

[STAGE] create Solution object from current code (round 81)

[STAGE] evaluate solution (round 81)
Round summary: passed 5/5 | mean_vs_baseline=- | mean_speedup=326.91x | mean_latency=0.0792 ms

=== Optimization Round 82/100 ===
[CYCLE] action_node=17 action_node_id=node_best_cont_r75_real_maxnreg80 attempt=2 parent_is_root=no base_code=yes

[STAGE] codegen: attempt 2 (round 82) no_improve_streak=0/5 no_improve_over_base=1/5

[STAGE] create Solution object from current code (round 82)

[STAGE] evaluate solution (round 82)
Round summary: passed 5/5 | mean_vs_baseline=- | mean_speedup=338.22x | mean_latency=0.0771 ms

=== Optimization Round 83/100 ===
[CYCLE] action_node=17 action_node_id=node_best_cont_r75_real_maxnreg80 attempt=3 parent_is_root=no base_code=yes

[STAGE] codegen: attempt 3 (round 83) no_improve_streak=0/5 no_improve_over_base=0/5

[STAGE] create Solution object from current code (round 83)

[STAGE] evaluate solution (round 83)
Round summary: passed 5/5 | mean_vs_baseline=- | mean_speedup=331.33x | mean_latency=0.0783 ms

=== Optimization Round 84/100 ===
[CYCLE] action_node=17 action_node_id=node_best_cont_r75_real_maxnreg80 attempt=4 parent_is_root=no base_code=yes

[STAGE] codegen: attempt 4 (round 84) no_improve_streak=1/5 no_improve_over_base=0/5

[STAGE] create Solution object from current code (round 84)

[STAGE] evaluate solution (round 84)
Round summary: passed 5/5 | mean_vs_baseline=- | mean_speedup=330.51x | mean_latency=0.0783 ms

=== Optimization Round 85/100 ===
[CYCLE] action_node=17 action_node_id=node_best_cont_r75_real_maxnreg80 attempt=5 parent_is_root=no base_code=yes

[STAGE] codegen: attempt 5 (round 85) no_improve_streak=2/5 no_improve_over_base=0/5

[STAGE] create Solution object from current code (round 85)

[STAGE] evaluate solution (round 85)
Round summary: passed 5/5 | mean_vs_baseline=- | mean_speedup=327.45x | mean_latency=0.0792 ms

[STAGE] cycle end: attach+refine best PASSED (round 82, score=338.218)
WM status: nodes=24 attached_solutions=17 active_leaf_id=node_best_cont_r75_real_maxnreg80 depth=12
  last_trace: status=passed speedup=332.82x latency=0.0779ms
  active_path: root:<root> | independent_row_closed_form:Select the state-row ownership and algebraic decomposition->independent_row_closed_form | uniform_static_block_v32:Choose a uniform row-tile policy independent of batch size->uniform_block_v32_warp4 | node_best_cont_r36_1:Continue from best->Next-step refinement of best solution | node_best_cont_r36_alignment_hints:Choose whether explicit alignment and contiguity hints improve code generation while preserving the best BLOCK_V=32 mapping->add_state_row_alignment_hints | ... | node_best_cont_r75_real_maxnreg80:Implement the missing register-cap experiment as a strict one-variable continuation->apply_explicit_maxnreg80_warp4_stages2
  nodes_preview: root:<root> | independent_row_closed_form:Select t ... ecomposition→independent_row_closed_form | whole_head_closed_form:Select t ... ecomposition→whole_head_closed_form | batch_adaptive_row_tiling:Choose r ... batch regime→batch_adaptive_block_v | node_gdn_decode_qk4_v8_d128_k_last_r8_cont_1:Reduce r ...  closed form→benchmark_block_v16_warp4 | node_gdn_decode_qk4_v8_d128_k_last_r11_cont_1:Choose w ... w state tile→block_v16_num_warps8 | uniform_static_block_v32:Choose a ... f batch size→uniform_block_v32_warp4 | uniform_static_block_v32_stages2:Choose w ... uniform tile→block_v32_warp4_num_stages2 | ...
[WM] apply_edit_ops: ops=2 updates=1 inserts=0 split_children=0 deletes=0 new_nodes_added=0/3 skipped_cap=0 skipped_missing_parent=0 skipped_parent_solution_id_mismatch=1 skipped_update_missing_node=0 skipped_insert_invalid_node=0 skipped_split_invalid_children=0 skipped_delete_not_allowed=0
[WM][WARN] edit-ops had skipped operations; refine will retry if this was a refine call.
[WM] apply_edit_ops: ops=2 updates=1 inserts=0 split_children=0 deletes=0 new_nodes_added=0/3 skipped_cap=0 skipped_missing_parent=0 skipped_parent_solution_id_mismatch=1 skipped_update_missing_node=0 skipped_insert_invalid_node=0 skipped_split_invalid_children=0 skipped_delete_not_allowed=0
[WM][WARN] edit-ops had skipped operations; refine will retry if this was a refine call.
[WM] apply_edit_ops: ops=2 updates=1 inserts=0 split_children=0 deletes=0 new_nodes_added=0/3 skipped_cap=0 skipped_missing_parent=0 skipped_parent_solution_id_mismatch=1 skipped_update_missing_node=0 skipped_insert_invalid_node=0 skipped_split_invalid_children=0 skipped_delete_not_allowed=0
[WM][WARN] edit-ops had skipped operations; refine will retry if this was a refine call.
WM status: nodes=25 attached_solutions=17 active_leaf_id=node_best_cont_r75_real_maxnreg80 depth=12
  last_trace: status=passed speedup=338.22x latency=0.0771ms
  active_path: root:<root> | independent_row_closed_form:Select the state-row ownership and algebraic decomposition->independent_row_closed_form | uniform_static_block_v32:Choose a uniform row-tile policy independent of batch size->uniform_block_v32_warp4 | node_best_cont_r36_1:Continue from best->Next-step refinement of best solution | node_best_cont_r36_alignment_hints:Choose whether explicit alignment and contiguity hints improve code generation while preserving the best BLOCK_V=32 mapping->add_state_row_alignment_hints | ... | node_best_cont_r75_real_maxnreg80:Implement the missing register-cap experiment as a strict one-variable continuation->apply_explicit_maxnreg80_warp4_stages2
  nodes_preview: root:<root> | independent_row_closed_form:Select t ... ecomposition→independent_row_closed_form | whole_head_closed_form:Select t ... ecomposition→whole_head_closed_form | batch_adaptive_row_tiling:Choose r ... batch regime→batch_adaptive_block_v | node_gdn_decode_qk4_v8_d128_k_last_r8_cont_1:Reduce r ...  closed form→benchmark_block_v16_warp4 | node_gdn_decode_qk4_v8_d128_k_last_r11_cont_1:Choose w ... w state tile→block_v16_num_warps8 | uniform_static_block_v32:Choose a ... f batch size→uniform_block_v32_warp4 | uniform_static_block_v32_stages2:Choose w ... uniform tile→block_v32_warp4_num_stages2 | ...

[STAGE] world model: select next action (cycle start @ round 86)
WM status: nodes=25 attached_solutions=17 active_leaf_id=node_best_cont_r75_real_maxnreg80 depth=12
  last_trace: status=passed speedup=338.22x latency=0.0771ms
  active_path: root:<root> | independent_row_closed_form:Select the state-row ownership and algebraic decomposition->independent_row_closed_form | uniform_static_block_v32:Choose a uniform row-tile policy independent of batch size->uniform_block_v32_warp4 | node_best_cont_r36_1:Continue from best->Next-step refinement of best solution | node_best_cont_r36_alignment_hints:Choose whether explicit alignment and contiguity hints improve code generation while preserving the best BLOCK_V=32 mapping->add_state_row_alignment_hints | ... | node_best_cont_r75_real_maxnreg80:Implement the missing register-cap experiment as a strict one-variable continuation->apply_explicit_maxnreg80_warp4_stages2
  nodes_preview: root:<root> | independent_row_closed_form:Select t ... ecomposition→independent_row_closed_form | whole_head_closed_form:Select t ... ecomposition→whole_head_closed_form | batch_adaptive_row_tiling:Choose r ... batch regime→batch_adaptive_block_v | node_gdn_decode_qk4_v8_d128_k_last_r8_cont_1:Reduce r ...  closed form→benchmark_block_v16_warp4 | node_gdn_decode_qk4_v8_d128_k_last_r11_cont_1:Choose w ... w state tile→block_v16_num_warps8 | uniform_static_block_v32:Choose a ... f batch size→uniform_block_v32_warp4 | uniform_static_block_v32_stages2:Choose w ... uniform tile→block_v32_warp4_num_stages2 | ...
World Model: Open Action Nodes (candidates) frontier=6 total_open=7
1. rating=10.0/10 score=0.60 diff=2/5 conf=0.99 vs_base~? | node_id=node_best_cont_r46_1 parent_id=node_best_cont_r36_1 | Refine best solution: target the top bottleneck — Propose one small change that targets the primary bottleneck indicated by the latest eval on the best solution, without changing the overall mapping plan.
2. rating=7.6/10 score=0.59 diff=1/5 conf=0.98 vs_base~1.01x | node_id=uniform_static_block_v32_warp8_corrected_launch parent_id=uniform_static_block_v32_warp8 | Benchmark the corrected BLOCK_V=32 eight-warp launch
3. rating=7.4/10 score=0.68 diff=1/5 conf=0.61 vs_base~0.98x | node_id=node_best_cont_r65_streaming_state_store parent_id=node_best_cont_r65_maxnreg80 | Benchmark a streaming cache modifier on the new-state store
4. rating=6.9/10 score=0.35 diff=2/5 conf=0.98 vs_base~? | node_id=node_gdn_decode_qk4_v8_d128_k_last_r82_cont_1 parent_id=node_best_cont_r75_real_maxnreg80 | Next-step refinement: target the top bottleneck operation — Propose one small change that targets the primary bottleneck operation indicated by the latest eval (e.g., reduce sync, reduce redundant loads, or improve locality), without changing the overall mapping plan.
5. rating=6.2/10 score=0.61 diff=1/5 conf=0.58 vs_base~0.99x | node_id=node_best_cont_r42_actual_state_alignment_hints parent_id=node_best_cont_r41_real_alignment_hints | Add actual Triton state-row alignment hints
6. rating=4.2/10 score=0.28 diff=4/5 conf=0.91 vs_base~1.01x | node_id=whole_head_closed_form parent_id=root | Evaluate whole-head ownership with shared head-level work — Implement one fused program unit per batch/value-head that reuses q, k, g, beta, and k dot q while iterating over all V rows, retaining only the currently processed row fragments.
World Model: Chosen Next Action (from decision tree node)
- node_id: node_best_cont_r65_streaming_state_store
- base_node_id: node_best_cont_r65_maxnreg80
- title: Benchmark a streaming cache modifier on the new-state store
- difficulty_1_to_5: 1
- expected_vs_baseline_factor: 0.98x

=== Optimization Round 86/100 ===
[CYCLE] action_node=18 action_node_id=node_best_cont_r65_streaming_state_store attempt=1 parent_is_root=no base_code=yes

[STAGE] codegen: attempt 1 (round 86) no_improve_streak=0/5 no_improve_over_base=0/5

[STAGE] create Solution object from current code (round 86)

[STAGE] evaluate solution (round 86)
Round summary: passed 5/5 | mean_vs_baseline=- | mean_speedup=326.87x | mean_latency=0.0882 ms

=== Optimization Round 87/100 ===
[CYCLE] action_node=18 action_node_id=node_best_cont_r65_streaming_state_store attempt=2 parent_is_root=no base_code=yes

[STAGE] codegen: attempt 2 (round 87) no_improve_streak=0/5 no_improve_over_base=1/5

[STAGE] create Solution object from current code (round 87)

[STAGE] evaluate solution (round 87)
Round summary: passed 5/5 | mean_vs_baseline=- | mean_speedup=321.28x | mean_latency=0.0821 ms

=== Optimization Round 88/100 ===
[CYCLE] action_node=18 action_node_id=node_best_cont_r65_streaming_state_store attempt=3 parent_is_root=no base_code=yes

[STAGE] codegen: attempt 3 (round 88) no_improve_streak=1/5 no_improve_over_base=2/5

[STAGE] create Solution object from current code (round 88)

[STAGE] evaluate solution (round 88)
Round summary: passed 5/5 | mean_vs_baseline=- | mean_speedup=338.35x | mean_latency=0.0778 ms

=== Optimization Round 89/100 ===
[CYCLE] action_node=18 action_node_id=node_best_cont_r65_streaming_state_store attempt=4 parent_is_root=no base_code=yes

[STAGE] codegen: attempt 4 (round 89) no_improve_streak=0/5 no_improve_over_base=0/5

[STAGE] create Solution object from current code (round 89)

[STAGE] evaluate solution (round 89)
Round summary: passed 5/5 | mean_vs_baseline=- | mean_speedup=318.99x | mean_latency=0.0860 ms

=== Optimization Round 90/100 ===
[CYCLE] action_node=18 action_node_id=node_best_cont_r65_streaming_state_store attempt=5 parent_is_root=no base_code=yes

[STAGE] codegen: attempt 5 (round 90) no_improve_streak=1/5 no_improve_over_base=0/5

[STAGE] create Solution object from current code (round 90)

[STAGE] evaluate solution (round 90)
Round summary: passed 5/5 | mean_vs_baseline=- | mean_speedup=335.80x | mean_latency=0.0777 ms

[STAGE] cycle end: attach+refine best PASSED (round 88, score=338.350)
WM status: nodes=25 attached_solutions=18 active_leaf_id=node_best_cont_r65_streaming_state_store depth=11
  last_trace: status=passed speedup=338.22x latency=0.0771ms
  active_path: root:<root> | independent_row_closed_form:Select the state-row ownership and algebraic decomposition->independent_row_closed_form | uniform_static_block_v32:Choose a uniform row-tile policy independent of batch size->uniform_block_v32_warp4 | node_best_cont_r36_1:Continue from best->Next-step refinement of best solution | node_best_cont_r36_alignment_hints:Choose whether explicit alignment and contiguity hints improve code generation while preserving the best BLOCK_V=32 mapping->add_state_row_alignment_hints | ... | node_best_cont_r65_streaming_state_store:Choose whether the large write-only updated-state stream should bypass normal cache retention->add_cs_cache_modifier_to_new_state_store_only
  nodes_preview: root:<root> | independent_row_closed_form:Select t ... ecomposition→independent_row_closed_form | whole_head_closed_form:Select t ... ecomposition→whole_head_closed_form | batch_adaptive_row_tiling:Choose r ... batch regime→batch_adaptive_block_v | node_gdn_decode_qk4_v8_d128_k_last_r8_cont_1:Reduce r ...  closed form→benchmark_block_v16_warp4 | node_gdn_decode_qk4_v8_d128_k_last_r11_cont_1:Choose w ... w state tile→block_v16_num_warps8 | uniform_static_block_v32:Choose a ... f batch size→uniform_block_v32_warp4 | uniform_static_block_v32_stages2:Choose w ... uniform tile→block_v32_warp4_num_stages2 | ...
[WM] apply_edit_ops: ops=2 updates=1 inserts=0 split_children=0 deletes=0 new_nodes_added=0/3 skipped_cap=0 skipped_missing_parent=0 skipped_parent_solution_id_mismatch=1 skipped_update_missing_node=0 skipped_insert_invalid_node=0 skipped_split_invalid_children=0 skipped_delete_not_allowed=0
[WM][WARN] edit-ops had skipped operations; refine will retry if this was a refine call.
[WM] apply_edit_ops: ops=2 updates=1 inserts=0 split_children=1 deletes=0 new_nodes_added=1/3 skipped_cap=0 skipped_missing_parent=0 skipped_parent_solution_id_mismatch=0 skipped_update_missing_node=0 skipped_insert_invalid_node=0 skipped_split_invalid_children=0 skipped_delete_not_allowed=0
WM status: nodes=26 attached_solutions=18 active_leaf_id=node_best_cont_r83_streaming_store_stages1 depth=12
  last_trace: status=passed speedup=338.35x latency=0.0778ms
  active_path: root:<root> | independent_row_closed_form:Select the state-row ownership and algebraic decomposition->independent_row_closed_form | uniform_static_block_v32:Choose a uniform row-tile policy independent of batch size->uniform_block_v32_warp4 | node_best_cont_r36_1:Continue from best->Next-step refinement of best solution | node_best_cont_r36_alignment_hints:Choose whether explicit alignment and contiguity hints improve code generation while preserving the best BLOCK_V=32 mapping->add_state_row_alignment_hints | ... | node_best_cont_r83_streaming_store_stages1:Tune launch staging while preserving the evaluated streaming state-store mapping->streaming_state_store_num_stages1
  nodes_preview: root:<root> | independent_row_closed_form:Select t ... ecomposition→independent_row_closed_form | whole_head_closed_form:Select t ... ecomposition→whole_head_closed_form | batch_adaptive_row_tiling:Choose r ... batch regime→batch_adaptive_block_v | node_gdn_decode_qk4_v8_d128_k_last_r8_cont_1:Reduce r ...  closed form→benchmark_block_v16_warp4 | node_gdn_decode_qk4_v8_d128_k_last_r11_cont_1:Choose w ... w state tile→block_v16_num_warps8 | uniform_static_block_v32:Choose a ... f batch size→uniform_block_v32_warp4 | uniform_static_block_v32_stages2:Choose w ... uniform tile→block_v32_warp4_num_stages2 | ...

[STAGE] world model: select next action (cycle start @ round 91)
WM status: nodes=26 attached_solutions=18 active_leaf_id=node_best_cont_r83_streaming_store_stages1 depth=12
  last_trace: status=passed speedup=338.35x latency=0.0778ms
  active_path: root:<root> | independent_row_closed_form:Select the state-row ownership and algebraic decomposition->independent_row_closed_form | uniform_static_block_v32:Choose a uniform row-tile policy independent of batch size->uniform_block_v32_warp4 | node_best_cont_r36_1:Continue from best->Next-step refinement of best solution | node_best_cont_r36_alignment_hints:Choose whether explicit alignment and contiguity hints improve code generation while preserving the best BLOCK_V=32 mapping->add_state_row_alignment_hints | ... | node_best_cont_r83_streaming_store_stages1:Tune launch staging while preserving the evaluated streaming state-store mapping->streaming_state_store_num_stages1
  nodes_preview: root:<root> | independent_row_closed_form:Select t ... ecomposition→independent_row_closed_form | whole_head_closed_form:Select t ... ecomposition→whole_head_closed_form | batch_adaptive_row_tiling:Choose r ... batch regime→batch_adaptive_block_v | node_gdn_decode_qk4_v8_d128_k_last_r8_cont_1:Reduce r ...  closed form→benchmark_block_v16_warp4 | node_gdn_decode_qk4_v8_d128_k_last_r11_cont_1:Choose w ... w state tile→block_v16_num_warps8 | uniform_static_block_v32:Choose a ... f batch size→uniform_block_v32_warp4 | uniform_static_block_v32_stages2:Choose w ... uniform tile→block_v32_warp4_num_stages2 | ...
World Model: Open Action Nodes (candidates) frontier=6 total_open=7
1. rating=10.0/10 score=0.60 diff=2/5 conf=0.99 vs_base~? | node_id=node_best_cont_r46_1 parent_id=node_best_cont_r36_1 | Refine best solution: target the top bottleneck — Propose one small change that targets the primary bottleneck indicated by the latest eval on the best solution, without changing the overall mapping plan.
2. rating=7.6/10 score=0.68 diff=1/5 conf=0.63 vs_base~0.99x | node_id=node_best_cont_r83_streaming_store_stages1 parent_id=node_best_cont_r65_streaming_state_store | Benchmark num_stages=1 with the streaming state store
3. rating=7.6/10 score=0.59 diff=1/5 conf=0.98 vs_base~1.01x | node_id=uniform_static_block_v32_warp8_corrected_launch parent_id=uniform_static_block_v32_warp8 | Benchmark the corrected BLOCK_V=32 eight-warp launch
4. rating=6.9/10 score=0.35 diff=2/5 conf=0.98 vs_base~? | node_id=node_gdn_decode_qk4_v8_d128_k_last_r82_cont_1 parent_id=node_best_cont_r75_real_maxnreg80 | Next-step refinement: target the top bottleneck operation — Propose one small change that targets the primary bottleneck operation indicated by the latest eval (e.g., reduce sync, reduce redundant loads, or improve locality), without changing the overall mapping plan.
5. rating=6.2/10 score=0.61 diff=1/5 conf=0.58 vs_base~0.99x | node_id=node_best_cont_r42_actual_state_alignment_hints parent_id=node_best_cont_r41_real_alignment_hints | Add actual Triton state-row alignment hints
6. rating=4.2/10 score=0.28 diff=4/5 conf=0.91 vs_base~1.01x | node_id=whole_head_closed_form parent_id=root | Evaluate whole-head ownership with shared head-level work — Implement one fused program unit per batch/value-head that reuses q, k, g, beta, and k dot q while iterating over all V rows, retaining only the currently processed row fragments.
World Model: Chosen Next Action (from decision tree node)
- node_id: node_best_cont_r83_streaming_store_stages1
- base_node_id: node_best_cont_r65_streaming_state_store
- title: Benchmark num_stages=1 with the streaming state store
- difficulty_1_to_5: 1
- expected_vs_baseline_factor: 0.99x

=== Optimization Round 91/100 ===
[CYCLE] action_node=19 action_node_id=node_best_cont_r83_streaming_store_stages1 attempt=1 parent_is_root=no base_code=yes

[STAGE] codegen: attempt 1 (round 91) no_improve_streak=0/5 no_improve_over_base=0/5

[STAGE] create Solution object from current code (round 91)

[STAGE] evaluate solution (round 91)
Round summary: passed 5/5 | mean_vs_baseline=- | mean_speedup=332.75x | mean_latency=0.0779 ms

=== Optimization Round 92/100 ===
[CYCLE] action_node=19 action_node_id=node_best_cont_r83_streaming_store_stages1 attempt=2 parent_is_root=no base_code=yes

[STAGE] codegen: attempt 2 (round 92) no_improve_streak=0/5 no_improve_over_base=1/5

[STAGE] create Solution object from current code (round 92)

[STAGE] evaluate solution (round 92)
Round summary: passed 5/5 | mean_vs_baseline=- | mean_speedup=329.05x | mean_latency=0.0783 ms

=== Optimization Round 93/100 ===
[CYCLE] action_node=19 action_node_id=node_best_cont_r83_streaming_store_stages1 attempt=3 parent_is_root=no base_code=yes

[STAGE] codegen: attempt 3 (round 93) no_improve_streak=1/5 no_improve_over_base=2/5

[STAGE] create Solution object from current code (round 93)

[STAGE] evaluate solution (round 93)
Round summary: passed 5/5 | mean_vs_baseline=- | mean_speedup=322.03x | mean_latency=0.0882 ms

=== Optimization Round 94/100 ===
[CYCLE] action_node=19 action_node_id=node_best_cont_r83_streaming_store_stages1 attempt=4 parent_is_root=no base_code=yes

[STAGE] codegen: attempt 4 (round 94) no_improve_streak=2/5 no_improve_over_base=3/5

[STAGE] create Solution object from current code (round 94)

[STAGE] evaluate solution (round 94)
Round summary: passed 5/5 | mean_vs_baseline=- | mean_speedup=295.63x | mean_latency=0.0822 ms

=== Optimization Round 95/100 ===
[CYCLE] action_node=19 action_node_id=node_best_cont_r83_streaming_store_stages1 attempt=5 parent_is_root=no base_code=yes

[STAGE] codegen: attempt 5 (round 95) no_improve_streak=3/5 no_improve_over_base=4/5

[STAGE] create Solution object from current code (round 95)

[STAGE] evaluate solution (round 95)
Round summary: passed 5/5 | mean_vs_baseline=- | mean_speedup=338.37x | mean_latency=0.0770 ms

[STAGE] cycle end: attach+refine best PASSED (round 95, score=338.365)
WM status: nodes=26 attached_solutions=19 active_leaf_id=node_best_cont_r83_streaming_store_stages1 depth=12
  last_trace: status=passed speedup=338.35x latency=0.0778ms
  active_path: root:<root> | independent_row_closed_form:Select the state-row ownership and algebraic decomposition->independent_row_closed_form | uniform_static_block_v32:Choose a uniform row-tile policy independent of batch size->uniform_block_v32_warp4 | node_best_cont_r36_1:Continue from best->Next-step refinement of best solution | node_best_cont_r36_alignment_hints:Choose whether explicit alignment and contiguity hints improve code generation while preserving the best BLOCK_V=32 mapping->add_state_row_alignment_hints | ... | node_best_cont_r83_streaming_store_stages1:Tune launch staging while preserving the evaluated streaming state-store mapping->streaming_state_store_num_stages1
  nodes_preview: root:<root> | independent_row_closed_form:Select t ... ecomposition→independent_row_closed_form | whole_head_closed_form:Select t ... ecomposition→whole_head_closed_form | batch_adaptive_row_tiling:Choose r ... batch regime→batch_adaptive_block_v | node_gdn_decode_qk4_v8_d128_k_last_r8_cont_1:Reduce r ...  closed form→benchmark_block_v16_warp4 | node_gdn_decode_qk4_v8_d128_k_last_r11_cont_1:Choose w ... w state tile→block_v16_num_warps8 | uniform_static_block_v32:Choose a ... f batch size→uniform_block_v32_warp4 | uniform_static_block_v32_stages2:Choose w ... uniform tile→block_v32_warp4_num_stages2 | ...
[WM] apply_edit_ops: ops=3 updates=2 inserts=0 split_children=0 deletes=0 new_nodes_added=0/3 skipped_cap=0 skipped_missing_parent=0 skipped_parent_solution_id_mismatch=1 skipped_update_missing_node=0 skipped_insert_invalid_node=0 skipped_split_invalid_children=0 skipped_delete_not_allowed=0
[WM][WARN] edit-ops had skipped operations; refine will retry if this was a refine call.
[WM] apply_edit_ops: ops=3 updates=2 inserts=0 split_children=0 deletes=0 new_nodes_added=0/3 skipped_cap=0 skipped_missing_parent=0 skipped_parent_solution_id_mismatch=1 skipped_update_missing_node=0 skipped_insert_invalid_node=0 skipped_split_invalid_children=0 skipped_delete_not_allowed=0
[WM][WARN] edit-ops had skipped operations; refine will retry if this was a refine call.
[WM] apply_edit_ops: ops=2 updates=1 inserts=0 split_children=0 deletes=0 new_nodes_added=0/3 skipped_cap=0 skipped_missing_parent=0 skipped_parent_solution_id_mismatch=1 skipped_update_missing_node=0 skipped_insert_invalid_node=0 skipped_split_invalid_children=0 skipped_delete_not_allowed=0
[WM][WARN] edit-ops had skipped operations; refine will retry if this was a refine call.
WM status: nodes=27 attached_solutions=19 active_leaf_id=node_best_cont_r83_streaming_store_stages1 depth=12
  last_trace: status=passed speedup=338.37x latency=0.0770ms
  active_path: root:<root> | independent_row_closed_form:Select the state-row ownership and algebraic decomposition->independent_row_closed_form | uniform_static_block_v32:Choose a uniform row-tile policy independent of batch size->uniform_block_v32_warp4 | node_best_cont_r36_1:Continue from best->Next-step refinement of best solution | node_best_cont_r36_alignment_hints:Choose whether explicit alignment and contiguity hints improve code generation while preserving the best BLOCK_V=32 mapping->add_state_row_alignment_hints | ... | node_best_cont_r83_streaming_store_stages1:Tune launch staging while preserving the evaluated streaming state-store mapping->streaming_state_store_num_stages1
  nodes_preview: root:<root> | independent_row_closed_form:Select t ... ecomposition→independent_row_closed_form | whole_head_closed_form:Select t ... ecomposition→whole_head_closed_form | batch_adaptive_row_tiling:Choose r ... batch regime→batch_adaptive_block_v | node_gdn_decode_qk4_v8_d128_k_last_r8_cont_1:Reduce r ...  closed form→benchmark_block_v16_warp4 | node_gdn_decode_qk4_v8_d128_k_last_r11_cont_1:Choose w ... w state tile→block_v16_num_warps8 | uniform_static_block_v32:Choose a ... f batch size→uniform_block_v32_warp4 | uniform_static_block_v32_stages2:Choose w ... uniform tile→block_v32_warp4_num_stages2 | ...

[STAGE] world model: select next action (cycle start @ round 96)
WM status: nodes=27 attached_solutions=19 active_leaf_id=node_best_cont_r83_streaming_store_stages1 depth=12
  last_trace: status=passed speedup=338.37x latency=0.0770ms
  active_path: root:<root> | independent_row_closed_form:Select the state-row ownership and algebraic decomposition->independent_row_closed_form | uniform_static_block_v32:Choose a uniform row-tile policy independent of batch size->uniform_block_v32_warp4 | node_best_cont_r36_1:Continue from best->Next-step refinement of best solution | node_best_cont_r36_alignment_hints:Choose whether explicit alignment and contiguity hints improve code generation while preserving the best BLOCK_V=32 mapping->add_state_row_alignment_hints | ... | node_best_cont_r83_streaming_store_stages1:Tune launch staging while preserving the evaluated streaming state-store mapping->streaming_state_store_num_stages1
  nodes_preview: root:<root> | independent_row_closed_form:Select t ... ecomposition→independent_row_closed_form | whole_head_closed_form:Select t ... ecomposition→whole_head_closed_form | batch_adaptive_row_tiling:Choose r ... batch regime→batch_adaptive_block_v | node_gdn_decode_qk4_v8_d128_k_last_r8_cont_1:Reduce r ...  closed form→benchmark_block_v16_warp4 | node_gdn_decode_qk4_v8_d128_k_last_r11_cont_1:Choose w ... w state tile→block_v16_num_warps8 | uniform_static_block_v32:Choose a ... f batch size→uniform_block_v32_warp4 | uniform_static_block_v32_stages2:Choose w ... uniform tile→block_v32_warp4_num_stages2 | ...
World Model: Open Action Nodes (candidates) frontier=6 total_open=7
1. rating=10.0/10 score=0.60 diff=2/5 conf=0.99 vs_base~? | node_id=node_best_cont_r46_1 parent_id=node_best_cont_r36_1 | Refine best solution: target the top bottleneck — Propose one small change that targets the primary bottleneck indicated by the latest eval on the best solution, without changing the overall mapping plan.
2. rating=7.6/10 score=0.59 diff=1/5 conf=0.98 vs_base~1.01x | node_id=uniform_static_block_v32_warp8_corrected_launch parent_id=uniform_static_block_v32_warp8 | Benchmark the corrected BLOCK_V=32 eight-warp launch
3. rating=6.9/10 score=0.35 diff=2/5 conf=0.98 vs_base~? | node_id=node_gdn_decode_qk4_v8_d128_k_last_r82_cont_1 parent_id=node_best_cont_r75_real_maxnreg80 | Next-step refinement: target the top bottleneck operation — Propose one small change that targets the primary bottleneck operation indicated by the latest eval (e.g., reduce sync, reduce redundant loads, or improve locality), without changing the overall mapping plan.
4. rating=6.4/10 score=0.35 diff=2/5 conf=0.99 vs_base~? | node_id=node_gdn_decode_qk4_v8_d128_k_last_r95_cont_1 parent_id=node_best_cont_r83_streaming_store_stages1 | Next-step refinement: target the top bottleneck operation — Propose one small change that targets the primary bottleneck operation indicated by the latest eval (e.g., reduce sync, reduce redundant loads, or improve locality), without changing the overall mapping plan.
5. rating=6.2/10 score=0.61 diff=1/5 conf=0.58 vs_base~0.99x | node_id=node_best_cont_r42_actual_state_alignment_hints parent_id=node_best_cont_r41_real_alignment_hints | Add actual Triton state-row alignment hints
6. rating=4.2/10 score=0.28 diff=4/5 conf=0.91 vs_base~1.01x | node_id=whole_head_closed_form parent_id=root | Evaluate whole-head ownership with shared head-level work — Implement one fused program unit per batch/value-head that reuses q, k, g, beta, and k dot q while iterating over all V rows, retaining only the currently processed row fragments.
World Model: Chosen Next Action (from decision tree node)
- node_id: node_best_cont_r42_actual_state_alignment_hints
- base_node_id: node_best_cont_r41_real_alignment_hints
- title: Add actual Triton state-row alignment hints
- difficulty_1_to_5: 1
- expected_vs_baseline_factor: 0.99x

=== Optimization Round 96/100 ===
[CYCLE] action_node=20 action_node_id=node_best_cont_r42_actual_state_alignment_hints attempt=1 parent_is_root=no base_code=yes

[STAGE] codegen: attempt 1 (round 96) no_improve_streak=0/5 no_improve_over_base=0/5

[STAGE] create Solution object from current code (round 96)

[STAGE] evaluate solution (round 96)
Solution 'AWS-GPT-5.6-Sol_gdn_decode_qk4_v8_d128_k_last_triton_optimized_r96' for workload abec5d32-2409-4412-8683-472f3a091a54: RUNTIME_ERROR
Solution 'AWS-GPT-5.6-Sol_gdn_decode_qk4_v8_d128_k_last_triton_optimized_r96' for workload b1931bc6-b8b6-44da-a83b-aa6cc4d4c275: RUNTIME_ERROR
Solution 'AWS-GPT-5.6-Sol_gdn_decode_qk4_v8_d128_k_last_triton_optimized_r96' for workload f0507025-1db0-48de-b3d6-4faad5632558: RUNTIME_ERROR
Solution 'AWS-GPT-5.6-Sol_gdn_decode_qk4_v8_d128_k_last_triton_optimized_r96' for workload 3daa0974-293c-4414-b3c2-1f04368c1189: RUNTIME_ERROR
Solution 'AWS-GPT-5.6-Sol_gdn_decode_qk4_v8_d128_k_last_triton_optimized_r96' for workload 9a92acbc-6104-48c6-8176-601feee30001: RUNTIME_ERROR
Status: RUNTIME_ERROR
Timestamp: 2026-09-15T00:02:21.868243

Execution Log:
Traceback (most recent call last):
  File "/data1/workspace/ziming/miniconda3/envs/mtmc/lib/python3.11/site-packages/triton/language/core.py", line 43, in wrapper
    return fn(*args, **kwargs)
           ^^^^^^^^^^^^^^^^^^^
  File "/data1/workspace/ziming/miniconda3/envs/mtmc/lib/python3.11/site-packages/triton/language/core.py", line 2964, in max_contiguous
    return _semantic.max_contiguous(input, values)
           ^^^^^^^^^^^^^^^^^^^^^^^^^^^^^^^^^^^^^^^
  File "/data1/workspace/ziming/miniconda3/envs/mtmc/lib/python3.11/site-packages/triton/language/semantic.py", line 1823, in max_contiguous
    raise ValueError("Shape of input to max_contiguous does not match the length of values")
ValueError: Shape of input to max_contiguous does not match the length of values

The above exception was the direct cause of the following exception:

Traceback (most recent call last):
  File "/data1/workspace/ziming/miniconda3/envs/mtmc/lib/python3.11/site-packages/flashinfer_bench/bench/evaluators/default.py", line 116, in check_correctness
    result = sol_runnable(*inp)
             ^^^^^^^^^^^^^^^^^^
  File "/data1/workspace/ziming/miniconda3/envs/mtmc/lib/python3.11/site-packages/flashinfer_bench/compile/runnable.py", line 95, in __call__
    ret = self._callable(*args)
          ^^^^^^^^^^^^^^^^^^^^^
  File "/data1/workspace/ziming/miniconda3/envs/mtmc/lib/python3.11/site-packages/torch/utils/_contextlib.py", line 124, in decorate_context
    return func(*args, **kwargs)
           ^^^^^^^^^^^^^^^^^^^^^
  File "/data1/workspace/weihongren/.cache/flashinfer_bench/triton/fib_triton_AWS_GPT_5_6_Sol_gdn_decode_qk4_v8_d128_k_last_triton_optimized_r96_c9f8b0/fib_triton_AWS_GPT_5_6_Sol_gdn_decode_qk4_v8_d128_k_last_triton_optimized_r96_c9f8b0/main.py", line 304, in run
    _gdn_decode_independent_rows_kernel[grid](
  File "/data1/workspace/ziming/miniconda3/envs/mtmc/lib/python3.11/site-packages/triton/runtime/jit.py", line 370, in <lambda>
    return lambda *args, **kwargs: self.run(grid=grid, warmup=False, *args, **kwargs)
                                   ^^^^^^^^^^^^^^^^^^^^^^^^^^^^^^^^^^^^^^^^^^^^^^^^^^
  File "/data1/workspace/ziming/miniconda3/envs/mtmc/lib/python3.11/site-packages/triton/runtime/jit.py", line 739, in run
    kernel = self._do_compile(key, signature, device, constexprs, options, attrs, warmup)
             ^^^^^^^^^^^^^^^^^^^^^^^^^^^^^^^^^^^^^^^^^^^^^^^^^^^^^^^^^^^^^^^^^^^^^^^^^^^^
  File "/data1/workspace/ziming/miniconda3/envs/mtmc/lib/python3.11/site-packages/triton/runtime/jit.py", line 884, in _do_compile
    kernel = self.compile(src, target=target, options=options.__dict__)
             ^^^^^^^^^^^^^^^^^^^^^^^^^^^^^^^^^^^^^^^^^^^^^^^^^^^^^^^^^^
  File "/data1/workspace/ziming/miniconda3/envs/mtmc/lib/python3.11/site-packages/triton/compiler/compiler.py", line 307, in compile
    module = src.make_ir(target, options, codegen_fns, module_map, context)
             ^^^^^^^^^^^^^^^^^^^^^^^^^^^^^^^^^^^^^^^^^^^^^^^^^^^^^^^^^^^^^^
  File "/data1/workspace/ziming/miniconda3/envs/mtmc/lib/python3.11/site-packages/triton/compiler/compiler.py", line 80, in make_ir
    return ast_to_ttir(self.fn, self, context=context, options=options, codegen_fns=codegen_fns,
           ^^^^^^^^^^^^^^^^^^^^^^^^^^^^^^^^^^^^^^^^^^^^^^^^^^^^^^^^^^^^^^^^^^^^^^^^^^^^^^^^^^^^^
triton.compiler.errors.CompilationError: at 51:20:
    ).to(tl.float32)

    state_row_offsets = state_base + row_offsets * 128
    state_row_offsets = tl.multiple_of(
        state_row_offsets,
        128,
    )
    state_offsets = (
        state_row_offsets[:, None]
        + key_offsets[None, :]
    )
    state_offsets = tl.max_contiguous(
                    ^
Shape of input to max_contiguous does not match the length of values


Round summary: passed 0/5 | mean_vs_baseline=- | mean_speedup=- | mean_latency=-

=== Optimization Round 97/100 ===
[CYCLE] action_node=20 action_node_id=node_best_cont_r42_actual_state_alignment_hints attempt=2 parent_is_root=no base_code=yes

[STAGE] codegen: attempt 2 (round 97) no_improve_streak=1/5 no_improve_over_base=0/5

[STAGE] create Solution object from current code (round 97)

[STAGE] evaluate solution (round 97)
Round summary: passed 5/5 | mean_vs_baseline=- | mean_speedup=329.27x | mean_latency=0.0801 ms

=== Optimization Round 98/100 ===
[CYCLE] action_node=20 action_node_id=node_best_cont_r42_actual_state_alignment_hints attempt=3 parent_is_root=no base_code=yes

[STAGE] codegen: attempt 3 (round 98) no_improve_streak=0/5 no_improve_over_base=1/5

[STAGE] create Solution object from current code (round 98)

[STAGE] evaluate solution (round 98)
Round summary: passed 5/5 | mean_vs_baseline=- | mean_speedup=331.06x | mean_latency=0.0792 ms

=== Optimization Round 99/100 ===
[CYCLE] action_node=20 action_node_id=node_best_cont_r42_actual_state_alignment_hints attempt=4 parent_is_root=no base_code=yes

[STAGE] codegen: attempt 4 (round 99) no_improve_streak=0/5 no_improve_over_base=0/5

[STAGE] create Solution object from current code (round 99)

[STAGE] evaluate solution (round 99)
Round summary: passed 5/5 | mean_vs_baseline=- | mean_speedup=331.87x | mean_latency=0.0790 ms

=== Optimization Round 100/100 ===
[CYCLE] action_node=20 action_node_id=node_best_cont_r42_actual_state_alignment_hints attempt=5 parent_is_root=no base_code=yes

[STAGE] codegen: attempt 5 (round 100) no_improve_streak=0/5 no_improve_over_base=0/5

[STAGE] create Solution object from current code (round 100)

[STAGE] evaluate solution (round 100)
Round summary: passed 5/5 | mean_vs_baseline=- | mean_speedup=331.42x | mean_latency=0.0862 ms

[STAGE] cycle end: attach+refine best PASSED (round 99, score=331.874)
WM status: nodes=27 attached_solutions=20 active_leaf_id=node_best_cont_r42_actual_state_alignment_hints depth=6
  last_trace: status=passed speedup=338.37x latency=0.0770ms
  active_path: root:<root> | independent_row_closed_form:Select the state-row ownership and algebraic decomposition->independent_row_closed_form | uniform_static_block_v32:Choose a uniform row-tile policy independent of batch size->uniform_block_v32_warp4 | node_best_cont_r36_1:Continue from best->Next-step refinement of best solution | node_best_cont_r36_alignment_hints:Choose whether explicit alignment and contiguity hints improve code generation while preserving the best BLOCK_V=32 mapping->add_state_row_alignment_hints | ... | node_best_cont_r42_actual_state_alignment_hints:Correct the implementation mismatch and isolate explicit state-row compiler assumptions->add_multiple_of_and_max_contiguous_to_state_rows
  nodes_preview: root:<root> | independent_row_closed_form:Select t ... ecomposition→independent_row_closed_form | whole_head_closed_form:Select t ... ecomposition→whole_head_closed_form | batch_adaptive_row_tiling:Choose r ... batch regime→batch_adaptive_block_v | node_gdn_decode_qk4_v8_d128_k_last_r8_cont_1:Reduce r ...  closed form→benchmark_block_v16_warp4 | node_gdn_decode_qk4_v8_d128_k_last_r11_cont_1:Choose w ... w state tile→block_v16_num_warps8 | uniform_static_block_v32:Choose a ... f batch size→uniform_block_v32_warp4 | uniform_static_block_v32_stages2:Choose w ... uniform tile→block_v32_warp4_num_stages2 | ...
[WM] apply_edit_ops: ops=2 updates=1 inserts=1 split_children=0 deletes=0 new_nodes_added=1/3 skipped_cap=0 skipped_missing_parent=0 skipped_parent_solution_id_mismatch=0 skipped_update_missing_node=0 skipped_insert_invalid_node=0 skipped_split_invalid_children=0 skipped_delete_not_allowed=0
WM status: nodes=28 attached_solutions=20 active_leaf_id=node_best_cont_r47_selective_state_alignment depth=7
  last_trace: status=passed speedup=331.87x latency=0.0790ms
  active_path: root:<root> | independent_row_closed_form:Select the state-row ownership and algebraic decomposition->independent_row_closed_form | uniform_static_block_v32:Choose a uniform row-tile policy independent of batch size->uniform_block_v32_warp4 | node_best_cont_r36_1:Continue from best->Next-step refinement of best solution | node_best_cont_r36_alignment_hints:Choose whether explicit alignment and contiguity hints improve code generation while preserving the best BLOCK_V=32 mapping->add_state_row_alignment_hints | ... | node_best_cont_r47_selective_state_alignment:Refine the state-address compiler assumptions after the fully hinted variant regressed->keep_row_alignment_remove_2d_max_contiguous
  nodes_preview: root:<root> | independent_row_closed_form:Select t ... ecomposition→independent_row_closed_form | whole_head_closed_form:Select t ... ecomposition→whole_head_closed_form | batch_adaptive_row_tiling:Choose r ... batch regime→batch_adaptive_block_v | node_gdn_decode_qk4_v8_d128_k_last_r8_cont_1:Reduce r ...  closed form→benchmark_block_v16_warp4 | node_gdn_decode_qk4_v8_d128_k_last_r11_cont_1:Choose w ... w state tile→block_v16_num_warps8 | uniform_static_block_v32:Choose a ... f batch size→uniform_block_v32_warp4 | uniform_static_block_v32_stages2:Choose w ... uniform tile→block_v32_warp4_num_stages2 | ...
  ✓ Saved solution to: /data1/workspace/weihongren/baseline/ksearch/experiments/formal_20260914/gdn_decode_qk4_v8_d128_k_last/run_seed0/ksearch-artifacts/gdn_decode_qk4_v8_d128_k_last/solutions/gdn_decode_qk4_v8_d128_k_last/AWS-GPT-5.6-Sol_gdn_decode_qk4_v8_d128_k_last_triton_optimized_r95_20260914_160628_04e661c0.json
[gdn_decode_qk4_v8_d128_k_last] Generated solution: AWS-GPT-5.6-Sol_gdn_decode_qk4_v8_d128_k_last_triton_optimized_r95_20260914_160628_04e661c0
[gdn_decode_qk4_v8_d128_k_last] Skipping final evaluation (--skip-final-eval); optimization feedback evaluation already ran.
