
[STAGE] init SolutionDB

[STAGE] initialize world model
WM status: nodes=4 attached_solutions=0 active_leaf_id=monolithic_cooley_tukey depth=1
  last_trace: status=not_benchmarked speedup=- latency=-
  active_path: root:<root> | monolithic_cooley_tukey:algorithm_family->monolithic_cooley_tukey
  nodes_preview: root:<root> | direct_frequency_evaluation:algorithm_family→direct_frequency_evaluation | monolithic_cooley_tukey:algorithm_family→monolithic_cooley_tukey | decomposed_cooley_tukey:algorithm_family→decomposed_cooley_tukey
[STAGE] world model init latency: 58.48s

[STAGE] world model: select next action (cycle start @ round 1)
WM status: nodes=4 attached_solutions=0 active_leaf_id=monolithic_cooley_tukey depth=1
  last_trace: status=not_benchmarked speedup=- latency=-
  active_path: root:<root> | monolithic_cooley_tukey:algorithm_family->monolithic_cooley_tukey
  nodes_preview: root:<root> | direct_frequency_evaluation:algorithm_family→direct_frequency_evaluation | monolithic_cooley_tukey:algorithm_family→monolithic_cooley_tukey | decomposed_cooley_tukey:algorithm_family→decomposed_cooley_tukey
World Model: Open Action Nodes (candidates) frontier=3 total_open=3
1. rating=8.0/10 score=0.78 diff=4/5 conf=0.67 vs_base~0.55x | node_id=monolithic_cooley_tukey parent_id=root | Prototype a monolithic Cooley-Tukey transform — Implement one transform-local Cooley-Tukey path for a representative smooth FFT size, including implicit zero padding and normalized split-complex output stores.
2. rating=7.0/10 score=0.67 diff=5/5 conf=0.58 vs_base~0.70x | node_id=decomposed_cooley_tukey parent_id=root | Prototype a decomposed Cooley-Tukey transform — Implement a minimal two-level Cooley-Tukey prototype with an explicit complex workspace and separate local-transform and recombination phases for one representative large size.
3. rating=6.0/10 score=0.63 diff=2/5 conf=0.62 vs_base~0.75x | node_id=direct_frequency_evaluation parent_id=root | Prototype direct spectral evaluation for short sequences — Implement a correctness-first direct evaluation path for short sequences, assigning independent output frequencies to parallel programs and reducing over the unpadded input.
World Model: Chosen Next Action (from decision tree node)
- node_id: monolithic_cooley_tukey
- base_node_id: root
- title: Prototype a monolithic Cooley-Tukey transform
- difficulty_1_to_5: 4
- description: Implement one transform-local Cooley-Tukey path for a representative smooth FFT size, including implicit zero padding and normalized split-complex output stores.
- expected_vs_baseline_factor: 0.55x
- rationale: A local O(N log N) transform has the best chance to minimize global traffic and launch overhead for common moderate Hyena sequence lengths.

=== Optimization Round 1/100 ===
[CYCLE] action_node=1 action_node_id=monolithic_cooley_tukey attempt=1 parent_is_root=yes base_code=no

[STAGE] codegen: attempt 1 (round 1) no_improve_streak=0/5 no_improve_over_base=0/5

[STAGE] create Solution object from current code (round 1)

[STAGE] evaluate solution (round 1)
[sol-task] 007_hyena_fft_size_padding_rfft: 4/5 feedback workloads passed (RUNTIME_ERROR, wall 10.2s)

=== Optimization Round 2/100 ===
[CYCLE] action_node=1 action_node_id=monolithic_cooley_tukey attempt=2 parent_is_root=yes base_code=no

[STAGE] codegen: attempt 2 (round 2) no_improve_streak=1/5 no_improve_over_base=0/5

[STAGE] create Solution object from current code (round 2)

[STAGE] evaluate solution (round 2)
[sol-task] 007_hyena_fft_size_padding_rfft: 5/5 feedback workloads passed (passed, wall 12.7s)

=== Optimization Round 3/100 ===
[CYCLE] action_node=1 action_node_id=monolithic_cooley_tukey attempt=3 parent_is_root=yes base_code=no

[STAGE] codegen: attempt 3 (round 3) no_improve_streak=0/5 no_improve_over_base=0/5

[STAGE] create Solution object from current code (round 3)

[STAGE] evaluate solution (round 3)
[sol-task] 007_hyena_fft_size_padding_rfft: 5/5 feedback workloads passed (passed, wall 7.0s)

=== Optimization Round 4/100 ===
[CYCLE] action_node=1 action_node_id=monolithic_cooley_tukey attempt=4 parent_is_root=yes base_code=no

[STAGE] codegen: attempt 4 (round 4) no_improve_streak=0/5 no_improve_over_base=0/5

[STAGE] create Solution object from current code (round 4)

[STAGE] evaluate solution (round 4)
[sol-task] 007_hyena_fft_size_padding_rfft: 5/5 feedback workloads passed (passed, wall 9.9s)

=== Optimization Round 5/100 ===
[CYCLE] action_node=1 action_node_id=monolithic_cooley_tukey attempt=5 parent_is_root=yes base_code=no

[STAGE] codegen: attempt 5 (round 5) no_improve_streak=0/5 no_improve_over_base=0/5

[STAGE] create Solution object from current code (round 5)

[STAGE] evaluate solution (round 5)
[sol-task] 007_hyena_fft_size_padding_rfft: 5/5 feedback workloads passed (passed, wall 7.1s)

[STAGE] cycle end: attach+refine best PASSED (round 4, score=1.197)
WM status: nodes=4 attached_solutions=1 active_leaf_id=monolithic_cooley_tukey depth=1
  last_trace: status=not_benchmarked speedup=- latency=-
  active_path: root:<root> | monolithic_cooley_tukey:algorithm_family->monolithic_cooley_tukey
  nodes_preview: root:<root> | direct_frequency_evaluation:algorithm_family→direct_frequency_evaluation | monolithic_cooley_tukey:algorithm_family→monolithic_cooley_tukey | decomposed_cooley_tukey:algorithm_family→decomposed_cooley_tukey
[WM] apply_edit_ops: ops=5 updates=4 inserts=1 split_children=0 deletes=0 new_nodes_added=1/3 skipped_cap=0 skipped_missing_parent=0 skipped_parent_solution_id_mismatch=0 skipped_update_missing_node=0 skipped_insert_invalid_node=0 skipped_split_invalid_children=0 skipped_delete_not_allowed=0
WM status: nodes=5 attached_solutions=1 active_leaf_id=radix4_real_symmetry_refinement depth=2
  last_trace: status=passed speedup=1.20x latency=0.9251ms
  active_path: root:<root> | monolithic_cooley_tukey:algorithm_family->monolithic_cooley_tukey | radix4_real_symmetry_refinement:butterfly_structure->radix4_real_symmetry
  nodes_preview: root:<root> | direct_frequency_evaluation:algorithm_family→direct_frequency_evaluation | monolithic_cooley_tukey:algorithm_family→monolithic_cooley_tukey | decomposed_cooley_tukey:algorithm_family→decomposed_cooley_tukey | radix4_real_symmetry_refinement:butterfly_structure→radix4_real_symmetry

[STAGE] world model: select next action (cycle start @ round 6)
WM status: nodes=5 attached_solutions=1 active_leaf_id=radix4_real_symmetry_refinement depth=2
  last_trace: status=passed speedup=1.20x latency=0.9251ms
  active_path: root:<root> | monolithic_cooley_tukey:algorithm_family->monolithic_cooley_tukey | radix4_real_symmetry_refinement:butterfly_structure->radix4_real_symmetry
  nodes_preview: root:<root> | direct_frequency_evaluation:algorithm_family→direct_frequency_evaluation | monolithic_cooley_tukey:algorithm_family→monolithic_cooley_tukey | decomposed_cooley_tukey:algorithm_family→decomposed_cooley_tukey | radix4_real_symmetry_refinement:butterfly_structure→radix4_real_symmetry
World Model: Open Action Nodes (candidates) frontier=3 total_open=3
1. rating=8.3/10 score=0.82 diff=4/5 conf=0.70 vs_base~1.30x | node_id=radix4_real_symmetry_refinement parent_id=monolithic_cooley_tukey | Use radix-4 butterflies and real-input symmetry
2. rating=6.6/10 score=0.61 diff=5/5 conf=0.61 vs_base~1.05x | node_id=decomposed_cooley_tukey parent_id=root | Decompose transforms that exceed monolithic resource limits — Implement a minimal two-level Cooley-Tukey prototype with an explicit complex workspace and separate local-transform and recombination phases for one representative large size.
3. rating=5.8/10 score=0.53 diff=2/5 conf=0.55 vs_base~0.95x | node_id=direct_frequency_evaluation parent_id=root | Evaluate frequencies directly only for tiny sequence lengths — Implement a correctness-first direct evaluation path for short sequences, assigning independent output frequencies to parallel programs and reducing over the unpadded input.
World Model: Chosen Next Action (from decision tree node)
- node_id: radix4_real_symmetry_refinement
- base_node_id: monolithic_cooley_tukey
- title: Use radix-4 butterflies and real-input symmetry
- difficulty_1_to_5: 4
- expected_vs_baseline_factor: 1.30x

=== Optimization Round 6/100 ===
[CYCLE] action_node=2 action_node_id=radix4_real_symmetry_refinement attempt=1 parent_is_root=no base_code=yes

[STAGE] codegen: attempt 1 (round 6) no_improve_streak=0/5 no_improve_over_base=0/5

[STAGE] create Solution object from current code (round 6)

[STAGE] evaluate solution (round 6)
[sol-task] 007_hyena_fft_size_padding_rfft: 5/5 feedback workloads passed (passed, wall 9.6s)

=== Optimization Round 7/100 ===
[CYCLE] action_node=2 action_node_id=radix4_real_symmetry_refinement attempt=2 parent_is_root=no base_code=yes

[STAGE] codegen: attempt 2 (round 7) no_improve_streak=0/5 no_improve_over_base=0/5

[STAGE] create Solution object from current code (round 7)

[STAGE] evaluate solution (round 7)
[sol-task] 007_hyena_fft_size_padding_rfft: 5/5 feedback workloads passed (passed, wall 7.0s)

=== Optimization Round 8/100 ===
[CYCLE] action_node=2 action_node_id=radix4_real_symmetry_refinement attempt=3 parent_is_root=no base_code=yes

[STAGE] codegen: attempt 3 (round 8) no_improve_streak=1/5 no_improve_over_base=0/5

[STAGE] create Solution object from current code (round 8)

[STAGE] evaluate solution (round 8)
[sol-task] 007_hyena_fft_size_padding_rfft: 5/5 feedback workloads passed (passed, wall 7.3s)

=== Optimization Round 9/100 ===
[CYCLE] action_node=2 action_node_id=radix4_real_symmetry_refinement attempt=4 parent_is_root=no base_code=yes

[STAGE] codegen: attempt 4 (round 9) no_improve_streak=2/5 no_improve_over_base=0/5

[STAGE] create Solution object from current code (round 9)

[STAGE] evaluate solution (round 9)
[sol-task] 007_hyena_fft_size_padding_rfft: 5/5 feedback workloads passed (passed, wall 6.8s)

=== Optimization Round 10/100 ===
[CYCLE] action_node=2 action_node_id=radix4_real_symmetry_refinement attempt=5 parent_is_root=no base_code=yes

[STAGE] codegen: attempt 5 (round 10) no_improve_streak=3/5 no_improve_over_base=0/5

[STAGE] create Solution object from current code (round 10)

[STAGE] evaluate solution (round 10)
[sol-task] 007_hyena_fft_size_padding_rfft: 5/5 feedback workloads passed (passed, wall 7.0s)

[STAGE] cycle end: attach+refine best PASSED (round 6, score=1.188)
WM status: nodes=5 attached_solutions=2 active_leaf_id=radix4_real_symmetry_refinement depth=2
  last_trace: status=passed speedup=1.20x latency=0.9251ms
  active_path: root:<root> | monolithic_cooley_tukey:algorithm_family->monolithic_cooley_tukey | radix4_real_symmetry_refinement:butterfly_structure->radix4_real_symmetry
  nodes_preview: root:<root> | direct_frequency_evaluation:algorithm_family→direct_frequency_evaluation | monolithic_cooley_tukey:algorithm_family→monolithic_cooley_tukey | decomposed_cooley_tukey:algorithm_family→decomposed_cooley_tukey | radix4_real_symmetry_refinement:butterfly_structure→radix4_real_symmetry
[WM] apply_edit_ops: ops=3 updates=2 inserts=0 split_children=0 deletes=0 new_nodes_added=0/3 skipped_cap=0 skipped_missing_parent=0 skipped_parent_solution_id_mismatch=1 skipped_update_missing_node=0 skipped_insert_invalid_node=0 skipped_split_invalid_children=0 skipped_delete_not_allowed=0
[WM][WARN] edit-ops had skipped operations; refine will retry if this was a refine call.
[WM] apply_edit_ops: ops=3 updates=2 inserts=0 split_children=0 deletes=0 new_nodes_added=0/3 skipped_cap=0 skipped_missing_parent=0 skipped_parent_solution_id_mismatch=1 skipped_update_missing_node=0 skipped_insert_invalid_node=0 skipped_split_invalid_children=0 skipped_delete_not_allowed=0
[WM][WARN] edit-ops had skipped operations; refine will retry if this was a refine call.
[WM] apply_edit_ops: ops=3 updates=2 inserts=0 split_children=0 deletes=0 new_nodes_added=0/3 skipped_cap=0 skipped_missing_parent=0 skipped_parent_solution_id_mismatch=1 skipped_update_missing_node=0 skipped_insert_invalid_node=0 skipped_split_invalid_children=0 skipped_delete_not_allowed=0
[WM][WARN] edit-ops had skipped operations; refine will retry if this was a refine call.
WM status: nodes=6 attached_solutions=2 active_leaf_id=radix4_real_symmetry_refinement depth=2
  last_trace: status=passed speedup=1.19x latency=0.9262ms
  active_path: root:<root> | monolithic_cooley_tukey:algorithm_family->monolithic_cooley_tukey | radix4_real_symmetry_refinement:butterfly_structure->radix4_real_symmetry
  nodes_preview: root:<root> | direct_frequency_evaluation:algorithm_family→direct_frequency_evaluation | monolithic_cooley_tukey:algorithm_family→monolithic_cooley_tukey | decomposed_cooley_tukey:algorithm_family→decomposed_cooley_tukey | radix4_real_symmetry_refinement:butterfly_structure→radix4_real_symmetry | node_007_hyena_fft_size_padding_rfft_r6_cont_1:Continue→Next-step refinement

[STAGE] world model: select next action (cycle start @ round 11)
WM status: nodes=6 attached_solutions=2 active_leaf_id=radix4_real_symmetry_refinement depth=2
  last_trace: status=passed speedup=1.19x latency=0.9262ms
  active_path: root:<root> | monolithic_cooley_tukey:algorithm_family->monolithic_cooley_tukey | radix4_real_symmetry_refinement:butterfly_structure->radix4_real_symmetry
  nodes_preview: root:<root> | direct_frequency_evaluation:algorithm_family→direct_frequency_evaluation | monolithic_cooley_tukey:algorithm_family→monolithic_cooley_tukey | decomposed_cooley_tukey:algorithm_family→decomposed_cooley_tukey | radix4_real_symmetry_refinement:butterfly_structure→radix4_real_symmetry | node_007_hyena_fft_size_padding_rfft_r6_cont_1:Continue→Next-step refinement
World Model: Open Action Nodes (candidates) frontier=3 total_open=3
1. rating=6.6/10 score=0.61 diff=5/5 conf=0.61 vs_base~1.05x | node_id=decomposed_cooley_tukey parent_id=root | Decompose transforms that exceed monolithic resource limits — Implement a minimal two-level Cooley-Tukey prototype with an explicit complex workspace and separate local-transform and recombination phases for one representative large size.
2. rating=6.3/10 score=0.35 diff=2/5 conf=0.98 vs_base~? | node_id=node_007_hyena_fft_size_padding_rfft_r6_cont_1 parent_id=radix4_real_symmetry_refinement | Next-step refinement: target the top bottleneck operation — Propose one small change that targets the primary bottleneck operation indicated by the latest eval (e.g., reduce sync, reduce redundant loads, or improve locality), without changing the overall mapping plan.
3. rating=5.8/10 score=0.53 diff=2/5 conf=0.55 vs_base~0.95x | node_id=direct_frequency_evaluation parent_id=root | Evaluate frequencies directly only for tiny sequence lengths — Implement a correctness-first direct evaluation path for short sequences, assigning independent output frequencies to parallel programs and reducing over the unpadded input.
World Model: Chosen Next Action (from decision tree node)
- node_id: direct_frequency_evaluation
- base_node_id: root
- title: Evaluate frequencies directly only for tiny sequence lengths
- difficulty_1_to_5: 2
- description: Implement a correctness-first direct evaluation path for short sequences, assigning independent output frequencies to parallel programs and reducing over the unpadded input.
- expected_vs_baseline_factor: 0.95x
- rationale: For tiny transforms, eliminating FFT staging and relying on abundant B*256*freq_len parallelism can offset O(L^2) work while providing a simple Triton correctness baseline.

=== Optimization Round 11/100 ===
[CYCLE] action_node=3 action_node_id=direct_frequency_evaluation attempt=1 parent_is_root=yes base_code=no

[STAGE] codegen: attempt 1 (round 11) no_improve_streak=0/5 no_improve_over_base=0/5

[STAGE] create Solution object from current code (round 11)

[STAGE] evaluate solution (round 11)
[sol-task] 007_hyena_fft_size_padding_rfft: 5/5 feedback workloads passed (passed, wall 7.0s)

=== Optimization Round 12/100 ===
[CYCLE] action_node=3 action_node_id=direct_frequency_evaluation attempt=2 parent_is_root=yes base_code=no

[STAGE] codegen: attempt 2 (round 12) no_improve_streak=0/5 no_improve_over_base=0/5

[STAGE] create Solution object from current code (round 12)

[STAGE] evaluate solution (round 12)
[sol-task] 007_hyena_fft_size_padding_rfft: 5/5 feedback workloads passed (passed, wall 8.1s)

=== Optimization Round 13/100 ===
[CYCLE] action_node=3 action_node_id=direct_frequency_evaluation attempt=3 parent_is_root=yes base_code=no

[STAGE] codegen: attempt 3 (round 13) no_improve_streak=0/5 no_improve_over_base=0/5

[STAGE] create Solution object from current code (round 13)

[STAGE] evaluate solution (round 13)
[sol-task] 007_hyena_fft_size_padding_rfft: 5/5 feedback workloads passed (passed, wall 6.8s)

=== Optimization Round 14/100 ===
[CYCLE] action_node=3 action_node_id=direct_frequency_evaluation attempt=4 parent_is_root=yes base_code=no

[STAGE] codegen: attempt 4 (round 14) no_improve_streak=1/5 no_improve_over_base=0/5

[STAGE] create Solution object from current code (round 14)

[STAGE] evaluate solution (round 14)
[sol-task] 007_hyena_fft_size_padding_rfft: 5/5 feedback workloads passed (passed, wall 7.8s)

=== Optimization Round 15/100 ===
[CYCLE] action_node=3 action_node_id=direct_frequency_evaluation attempt=5 parent_is_root=yes base_code=no

[STAGE] codegen: attempt 5 (round 15) no_improve_streak=0/5 no_improve_over_base=0/5

[STAGE] create Solution object from current code (round 15)

[STAGE] evaluate solution (round 15)
[sol-task] 007_hyena_fft_size_padding_rfft: 5/5 feedback workloads passed (passed, wall 8.4s)

[STAGE] cycle end: attach+refine best PASSED (round 14, score=1.253)
WM status: nodes=6 attached_solutions=3 active_leaf_id=direct_frequency_evaluation depth=1
  last_trace: status=passed speedup=1.19x latency=0.9262ms
  active_path: root:<root> | direct_frequency_evaluation:algorithm_family->direct_frequency_evaluation
  nodes_preview: root:<root> | direct_frequency_evaluation:algorithm_family→direct_frequency_evaluation | monolithic_cooley_tukey:algorithm_family→monolithic_cooley_tukey | decomposed_cooley_tukey:algorithm_family→decomposed_cooley_tukey | radix4_real_symmetry_refinement:butterfly_structure→radix4_real_symmetry | node_007_hyena_fft_size_padding_rfft_r6_cont_1:Continue→Next-step refinement
[WM] apply_edit_ops: ops=3 updates=2 inserts=1 split_children=0 deletes=0 new_nodes_added=1/3 skipped_cap=0 skipped_missing_parent=0 skipped_parent_solution_id_mismatch=0 skipped_update_missing_node=0 skipped_insert_invalid_node=0 skipped_split_invalid_children=0 skipped_delete_not_allowed=0
WM status: nodes=7 attached_solutions=3 active_leaf_id=direct_frequency_frequency_grouping depth=2
  last_trace: status=passed speedup=1.25x latency=0.9218ms
  active_path: root:<root> | direct_frequency_evaluation:algorithm_family->direct_frequency_evaluation | direct_frequency_frequency_grouping:frequency_ownership->group_2_or_4_adjacent_frequencies
  nodes_preview: root:<root> | direct_frequency_evaluation:algorithm_family→direct_frequency_evaluation | monolithic_cooley_tukey:algorithm_family→monolithic_cooley_tukey | decomposed_cooley_tukey:algorithm_family→decomposed_cooley_tukey | radix4_real_symmetry_refinement:butterfly_structure→radix4_real_symmetry | node_007_hyena_fft_size_padding_rfft_r6_cont_1:Continue→Next-step refinement | direct_frequency_frequency_grouping:frequency_ownership→group_2_or_4_adjacent_frequencies

[STAGE] world model: select next action (cycle start @ round 16)
WM status: nodes=7 attached_solutions=3 active_leaf_id=direct_frequency_frequency_grouping depth=2
  last_trace: status=passed speedup=1.25x latency=0.9218ms
  active_path: root:<root> | direct_frequency_evaluation:algorithm_family->direct_frequency_evaluation | direct_frequency_frequency_grouping:frequency_ownership->group_2_or_4_adjacent_frequencies
  nodes_preview: root:<root> | direct_frequency_evaluation:algorithm_family→direct_frequency_evaluation | monolithic_cooley_tukey:algorithm_family→monolithic_cooley_tukey | decomposed_cooley_tukey:algorithm_family→decomposed_cooley_tukey | radix4_real_symmetry_refinement:butterfly_structure→radix4_real_symmetry | node_007_hyena_fft_size_padding_rfft_r6_cont_1:Continue→Next-step refinement | direct_frequency_frequency_grouping:frequency_ownership→group_2_or_4_adjacent_frequencies
World Model: Open Action Nodes (candidates) frontier=3 total_open=3
1. rating=8.2/10 score=0.84 diff=3/5 conf=0.74 vs_base~1.32x | node_id=direct_frequency_frequency_grouping parent_id=direct_frequency_evaluation | Reuse each tiny input row across a small group of frequencies
2. rating=6.6/10 score=0.61 diff=5/5 conf=0.61 vs_base~1.05x | node_id=decomposed_cooley_tukey parent_id=root | Decompose transforms that exceed monolithic resource limits — Implement a minimal two-level Cooley-Tukey prototype with an explicit complex workspace and separate local-transform and recombination phases for one representative large size.
3. rating=6.3/10 score=0.35 diff=2/5 conf=0.98 vs_base~? | node_id=node_007_hyena_fft_size_padding_rfft_r6_cont_1 parent_id=radix4_real_symmetry_refinement | Next-step refinement: target the top bottleneck operation — Propose one small change that targets the primary bottleneck operation indicated by the latest eval (e.g., reduce sync, reduce redundant loads, or improve locality), without changing the overall mapping plan.
World Model: Chosen Next Action (from decision tree node)
- node_id: direct_frequency_frequency_grouping
- base_node_id: direct_frequency_evaluation
- title: Reuse each tiny input row across a small group of frequencies
- difficulty_1_to_5: 3
- expected_vs_baseline_factor: 1.32x

=== Optimization Round 16/100 ===
[CYCLE] action_node=4 action_node_id=direct_frequency_frequency_grouping attempt=1 parent_is_root=no base_code=yes

[STAGE] codegen: attempt 1 (round 16) no_improve_streak=0/5 no_improve_over_base=0/5

[STAGE] create Solution object from current code (round 16)

[STAGE] evaluate solution (round 16)
[sol-task] 007_hyena_fft_size_padding_rfft: 5/5 feedback workloads passed (passed, wall 9.8s)

=== Optimization Round 17/100 ===
[CYCLE] action_node=4 action_node_id=direct_frequency_frequency_grouping attempt=2 parent_is_root=no base_code=yes

[STAGE] codegen: attempt 2 (round 17) no_improve_streak=0/5 no_improve_over_base=0/5

[STAGE] create Solution object from current code (round 17)

[STAGE] evaluate solution (round 17)
[sol-task] 007_hyena_fft_size_padding_rfft: 5/5 feedback workloads passed (passed, wall 7.1s)

=== Optimization Round 18/100 ===
[CYCLE] action_node=4 action_node_id=direct_frequency_frequency_grouping attempt=3 parent_is_root=no base_code=yes

[STAGE] codegen: attempt 3 (round 18) no_improve_streak=1/5 no_improve_over_base=0/5

[STAGE] create Solution object from current code (round 18)

[STAGE] evaluate solution (round 18)
[sol-task] 007_hyena_fft_size_padding_rfft: 5/5 feedback workloads passed (passed, wall 6.6s)

=== Optimization Round 19/100 ===
[CYCLE] action_node=4 action_node_id=direct_frequency_frequency_grouping attempt=4 parent_is_root=no base_code=yes

[STAGE] codegen: attempt 4 (round 19) no_improve_streak=2/5 no_improve_over_base=0/5

[STAGE] create Solution object from current code (round 19)

[STAGE] evaluate solution (round 19)
[sol-task] 007_hyena_fft_size_padding_rfft: 5/5 feedback workloads passed (passed, wall 7.5s)

=== Optimization Round 20/100 ===
[CYCLE] action_node=4 action_node_id=direct_frequency_frequency_grouping attempt=5 parent_is_root=no base_code=yes

[STAGE] codegen: attempt 5 (round 20) no_improve_streak=3/5 no_improve_over_base=0/5

[STAGE] create Solution object from current code (round 20)

[STAGE] evaluate solution (round 20)
[sol-task] 007_hyena_fft_size_padding_rfft: 5/5 feedback workloads passed (passed, wall 6.7s)

[STAGE] cycle end: attach+refine best PASSED (round 16, score=1.260)
WM status: nodes=7 attached_solutions=4 active_leaf_id=direct_frequency_frequency_grouping depth=2
  last_trace: status=passed speedup=1.25x latency=0.9218ms
  active_path: root:<root> | direct_frequency_evaluation:algorithm_family->direct_frequency_evaluation | direct_frequency_frequency_grouping:frequency_ownership->group_2_or_4_adjacent_frequencies
  nodes_preview: root:<root> | direct_frequency_evaluation:algorithm_family→direct_frequency_evaluation | monolithic_cooley_tukey:algorithm_family→monolithic_cooley_tukey | decomposed_cooley_tukey:algorithm_family→decomposed_cooley_tukey | radix4_real_symmetry_refinement:butterfly_structure→radix4_real_symmetry | node_007_hyena_fft_size_padding_rfft_r6_cont_1:Continue→Next-step refinement | direct_frequency_frequency_grouping:frequency_ownership→group_2_or_4_adjacent_frequencies
[WM] apply_edit_ops: ops=3 updates=2 inserts=0 split_children=0 deletes=0 new_nodes_added=0/3 skipped_cap=0 skipped_missing_parent=0 skipped_parent_solution_id_mismatch=1 skipped_update_missing_node=0 skipped_insert_invalid_node=0 skipped_split_invalid_children=0 skipped_delete_not_allowed=0
[WM][WARN] edit-ops had skipped operations; refine will retry if this was a refine call.
[WM] apply_edit_ops: ops=3 updates=2 inserts=0 split_children=0 deletes=0 new_nodes_added=0/3 skipped_cap=0 skipped_missing_parent=0 skipped_parent_solution_id_mismatch=1 skipped_update_missing_node=0 skipped_insert_invalid_node=0 skipped_split_invalid_children=0 skipped_delete_not_allowed=0
[WM][WARN] edit-ops had skipped operations; refine will retry if this was a refine call.
[WM] apply_edit_ops: ops=3 updates=2 inserts=0 split_children=0 deletes=0 new_nodes_added=0/3 skipped_cap=0 skipped_missing_parent=0 skipped_parent_solution_id_mismatch=1 skipped_update_missing_node=0 skipped_insert_invalid_node=0 skipped_split_invalid_children=0 skipped_delete_not_allowed=0
[WM][WARN] edit-ops had skipped operations; refine will retry if this was a refine call.
WM status: nodes=8 attached_solutions=4 active_leaf_id=direct_frequency_frequency_grouping depth=2
  last_trace: status=passed speedup=1.26x latency=0.9216ms
  active_path: root:<root> | direct_frequency_evaluation:algorithm_family->direct_frequency_evaluation | direct_frequency_frequency_grouping:frequency_ownership->group_2_or_4_adjacent_frequencies
  nodes_preview: root:<root> | direct_frequency_evaluation:algorithm_family→direct_frequency_evaluation | monolithic_cooley_tukey:algorithm_family→monolithic_cooley_tukey | decomposed_cooley_tukey:algorithm_family→decomposed_cooley_tukey | radix4_real_symmetry_refinement:butterfly_structure→radix4_real_symmetry | node_007_hyena_fft_size_padding_rfft_r6_cont_1:Continue→Next-step refinement | direct_frequency_frequency_grouping:frequency_ownership→group_2_or_4_adjacent_frequencies | node_007_hyena_fft_size_padding_rfft_r16_cont_1:Continue→Next-step refinement

[STAGE] world model: select next action (cycle start @ round 21)
WM status: nodes=8 attached_solutions=4 active_leaf_id=direct_frequency_frequency_grouping depth=2
  last_trace: status=passed speedup=1.26x latency=0.9216ms
  active_path: root:<root> | direct_frequency_evaluation:algorithm_family->direct_frequency_evaluation | direct_frequency_frequency_grouping:frequency_ownership->group_2_or_4_adjacent_frequencies
  nodes_preview: root:<root> | direct_frequency_evaluation:algorithm_family→direct_frequency_evaluation | monolithic_cooley_tukey:algorithm_family→monolithic_cooley_tukey | decomposed_cooley_tukey:algorithm_family→decomposed_cooley_tukey | radix4_real_symmetry_refinement:butterfly_structure→radix4_real_symmetry | node_007_hyena_fft_size_padding_rfft_r6_cont_1:Continue→Next-step refinement | direct_frequency_frequency_grouping:frequency_ownership→group_2_or_4_adjacent_frequencies | node_007_hyena_fft_size_padding_rfft_r16_cont_1:Continue→Next-step refinement
World Model: Open Action Nodes (candidates) frontier=3 total_open=3
1. rating=9.1/10 score=0.35 diff=2/5 conf=0.99 vs_base~? | node_id=node_007_hyena_fft_size_padding_rfft_r16_cont_1 parent_id=direct_frequency_frequency_grouping | Next-step refinement: target the top bottleneck operation — Propose one small change that targets the primary bottleneck operation indicated by the latest eval (e.g., reduce sync, reduce redundant loads, or improve locality), without changing the overall mapping plan.
2. rating=6.6/10 score=0.61 diff=5/5 conf=0.61 vs_base~1.05x | node_id=decomposed_cooley_tukey parent_id=root | Decompose transforms that exceed monolithic resource limits — Implement a minimal two-level Cooley-Tukey prototype with an explicit complex workspace and separate local-transform and recombination phases for one representative large size.
3. rating=6.3/10 score=0.35 diff=2/5 conf=0.98 vs_base~? | node_id=node_007_hyena_fft_size_padding_rfft_r6_cont_1 parent_id=radix4_real_symmetry_refinement | Next-step refinement: target the top bottleneck operation — Propose one small change that targets the primary bottleneck operation indicated by the latest eval (e.g., reduce sync, reduce redundant loads, or improve locality), without changing the overall mapping plan.
World Model: Chosen Next Action (from decision tree node)
- node_id: node_007_hyena_fft_size_padding_rfft_r16_cont_1
- base_node_id: direct_frequency_frequency_grouping
- title: Next-step refinement: target the top bottleneck operation
- difficulty_1_to_5: 2
- description: Propose one small change that targets the primary bottleneck operation indicated by the latest eval (e.g., reduce sync, reduce redundant loads, or improve locality), without changing the overall mapping plan.
- rationale: The parent design is working; this creates a clear single-iteration follow-up to improve it.

=== Optimization Round 21/100 ===
[CYCLE] action_node=5 action_node_id=node_007_hyena_fft_size_padding_rfft_r16_cont_1 attempt=1 parent_is_root=no base_code=yes

[STAGE] codegen: attempt 1 (round 21) no_improve_streak=0/5 no_improve_over_base=0/5

[STAGE] create Solution object from current code (round 21)

[STAGE] evaluate solution (round 21)
[sol-task] 007_hyena_fft_size_padding_rfft: 5/5 feedback workloads passed (passed, wall 7.2s)

=== Optimization Round 22/100 ===
[CYCLE] action_node=5 action_node_id=node_007_hyena_fft_size_padding_rfft_r16_cont_1 attempt=2 parent_is_root=no base_code=yes

[STAGE] codegen: attempt 2 (round 22) no_improve_streak=0/5 no_improve_over_base=0/5

[STAGE] create Solution object from current code (round 22)

[STAGE] evaluate solution (round 22)
[sol-task] 007_hyena_fft_size_padding_rfft: 5/5 feedback workloads passed (passed, wall 6.7s)

=== Optimization Round 23/100 ===
[CYCLE] action_node=5 action_node_id=node_007_hyena_fft_size_padding_rfft_r16_cont_1 attempt=3 parent_is_root=no base_code=yes

[STAGE] codegen: attempt 3 (round 23) no_improve_streak=0/5 no_improve_over_base=0/5

[STAGE] create Solution object from current code (round 23)

[STAGE] evaluate solution (round 23)
[sol-task] 007_hyena_fft_size_padding_rfft: 5/5 feedback workloads passed (passed, wall 7.0s)

=== Optimization Round 24/100 ===
[CYCLE] action_node=5 action_node_id=node_007_hyena_fft_size_padding_rfft_r16_cont_1 attempt=4 parent_is_root=no base_code=yes

[STAGE] codegen: attempt 4 (round 24) no_improve_streak=1/5 no_improve_over_base=0/5

[STAGE] create Solution object from current code (round 24)

[STAGE] evaluate solution (round 24)
[sol-task] 007_hyena_fft_size_padding_rfft: 5/5 feedback workloads passed (passed, wall 6.7s)

=== Optimization Round 25/100 ===
[CYCLE] action_node=5 action_node_id=node_007_hyena_fft_size_padding_rfft_r16_cont_1 attempt=5 parent_is_root=no base_code=yes

[STAGE] codegen: attempt 5 (round 25) no_improve_streak=2/5 no_improve_over_base=0/5

[STAGE] create Solution object from current code (round 25)

[STAGE] evaluate solution (round 25)
[sol-task] 007_hyena_fft_size_padding_rfft: 5/5 feedback workloads passed (passed, wall 7.0s)

[STAGE] cycle end: attach+refine best PASSED (round 22, score=1.297)
WM status: nodes=8 attached_solutions=5 active_leaf_id=node_007_hyena_fft_size_padding_rfft_r16_cont_1 depth=3
  last_trace: status=passed speedup=1.26x latency=0.9216ms
  active_path: root:<root> | direct_frequency_evaluation:algorithm_family->direct_frequency_evaluation | direct_frequency_frequency_grouping:frequency_ownership->group_2_or_4_adjacent_frequencies | node_007_hyena_fft_size_padding_rfft_r16_cont_1:Continue->Next-step refinement
  nodes_preview: root:<root> | direct_frequency_evaluation:algorithm_family→direct_frequency_evaluation | monolithic_cooley_tukey:algorithm_family→monolithic_cooley_tukey | decomposed_cooley_tukey:algorithm_family→decomposed_cooley_tukey | radix4_real_symmetry_refinement:butterfly_structure→radix4_real_symmetry | node_007_hyena_fft_size_padding_rfft_r6_cont_1:Continue→Next-step refinement | direct_frequency_frequency_grouping:frequency_ownership→group_2_or_4_adjacent_frequencies | node_007_hyena_fft_size_padding_rfft_r16_cont_1:Continue→Next-step refinement
[WM] apply_edit_ops: ops=3 updates=2 inserts=0 split_children=0 deletes=0 new_nodes_added=0/3 skipped_cap=0 skipped_missing_parent=0 skipped_parent_solution_id_mismatch=1 skipped_update_missing_node=0 skipped_insert_invalid_node=0 skipped_split_invalid_children=0 skipped_delete_not_allowed=0
[WM][WARN] edit-ops had skipped operations; refine will retry if this was a refine call.
[WM] apply_edit_ops: ops=3 updates=2 inserts=0 split_children=0 deletes=0 new_nodes_added=0/3 skipped_cap=0 skipped_missing_parent=0 skipped_parent_solution_id_mismatch=1 skipped_update_missing_node=0 skipped_insert_invalid_node=0 skipped_split_invalid_children=0 skipped_delete_not_allowed=0
[WM][WARN] edit-ops had skipped operations; refine will retry if this was a refine call.
[WM] apply_edit_ops: ops=3 updates=2 inserts=0 split_children=0 deletes=0 new_nodes_added=0/3 skipped_cap=0 skipped_missing_parent=0 skipped_parent_solution_id_mismatch=1 skipped_update_missing_node=0 skipped_insert_invalid_node=0 skipped_split_invalid_children=0 skipped_delete_not_allowed=0
[WM][WARN] edit-ops had skipped operations; refine will retry if this was a refine call.
WM status: nodes=9 attached_solutions=5 active_leaf_id=node_007_hyena_fft_size_padding_rfft_r16_cont_1 depth=3
  last_trace: status=passed speedup=1.30x latency=0.9191ms
  active_path: root:<root> | direct_frequency_evaluation:algorithm_family->direct_frequency_evaluation | direct_frequency_frequency_grouping:frequency_ownership->group_2_or_4_adjacent_frequencies | node_007_hyena_fft_size_padding_rfft_r16_cont_1:Continue->Next-step refinement
  nodes_preview: root:<root> | direct_frequency_evaluation:algorithm_family→direct_frequency_evaluation | monolithic_cooley_tukey:algorithm_family→monolithic_cooley_tukey | decomposed_cooley_tukey:algorithm_family→decomposed_cooley_tukey | radix4_real_symmetry_refinement:butterfly_structure→radix4_real_symmetry | node_007_hyena_fft_size_padding_rfft_r6_cont_1:Continue→Next-step refinement | direct_frequency_frequency_grouping:frequency_ownership→group_2_or_4_adjacent_frequencies | node_007_hyena_fft_size_padding_rfft_r16_cont_1:Continue→Next-step refinement | ...

[STAGE] world model: select next action (cycle start @ round 26)
WM status: nodes=9 attached_solutions=5 active_leaf_id=node_007_hyena_fft_size_padding_rfft_r16_cont_1 depth=3
  last_trace: status=passed speedup=1.30x latency=0.9191ms
  active_path: root:<root> | direct_frequency_evaluation:algorithm_family->direct_frequency_evaluation | direct_frequency_frequency_grouping:frequency_ownership->group_2_or_4_adjacent_frequencies | node_007_hyena_fft_size_padding_rfft_r16_cont_1:Continue->Next-step refinement
  nodes_preview: root:<root> | direct_frequency_evaluation:algorithm_family→direct_frequency_evaluation | monolithic_cooley_tukey:algorithm_family→monolithic_cooley_tukey | decomposed_cooley_tukey:algorithm_family→decomposed_cooley_tukey | radix4_real_symmetry_refinement:butterfly_structure→radix4_real_symmetry | node_007_hyena_fft_size_padding_rfft_r6_cont_1:Continue→Next-step refinement | direct_frequency_frequency_grouping:frequency_ownership→group_2_or_4_adjacent_frequencies | node_007_hyena_fft_size_padding_rfft_r16_cont_1:Continue→Next-step refinement | ...
World Model: Open Action Nodes (candidates) frontier=3 total_open=3
1. rating=9.7/10 score=0.35 diff=2/5 conf=0.99 vs_base~? | node_id=node_007_hyena_fft_size_padding_rfft_r22_cont_1 parent_id=node_007_hyena_fft_size_padding_rfft_r16_cont_1 | Next-step refinement: target the top bottleneck operation — Propose one small change that targets the primary bottleneck operation indicated by the latest eval (e.g., reduce sync, reduce redundant loads, or improve locality), without changing the overall mapping plan.
2. rating=6.6/10 score=0.61 diff=5/5 conf=0.61 vs_base~1.05x | node_id=decomposed_cooley_tukey parent_id=root | Decompose transforms that exceed monolithic resource limits — Implement a minimal two-level Cooley-Tukey prototype with an explicit complex workspace and separate local-transform and recombination phases for one representative large size.
3. rating=6.3/10 score=0.35 diff=2/5 conf=0.98 vs_base~? | node_id=node_007_hyena_fft_size_padding_rfft_r6_cont_1 parent_id=radix4_real_symmetry_refinement | Next-step refinement: target the top bottleneck operation — Propose one small change that targets the primary bottleneck operation indicated by the latest eval (e.g., reduce sync, reduce redundant loads, or improve locality), without changing the overall mapping plan.
World Model: Chosen Next Action (from decision tree node)
- node_id: node_007_hyena_fft_size_padding_rfft_r22_cont_1
- base_node_id: node_007_hyena_fft_size_padding_rfft_r16_cont_1
- title: Next-step refinement: target the top bottleneck operation
- difficulty_1_to_5: 2
- description: Propose one small change that targets the primary bottleneck operation indicated by the latest eval (e.g., reduce sync, reduce redundant loads, or improve locality), without changing the overall mapping plan.
- rationale: The parent design is working; this creates a clear single-iteration follow-up to improve it.

=== Optimization Round 26/100 ===
[CYCLE] action_node=6 action_node_id=node_007_hyena_fft_size_padding_rfft_r22_cont_1 attempt=1 parent_is_root=no base_code=yes

[STAGE] codegen: attempt 1 (round 26) no_improve_streak=0/5 no_improve_over_base=0/5

[STAGE] create Solution object from current code (round 26)

[STAGE] evaluate solution (round 26)
[sol-task] 007_hyena_fft_size_padding_rfft: 5/5 feedback workloads passed (passed, wall 7.1s)

=== Optimization Round 27/100 ===
[CYCLE] action_node=6 action_node_id=node_007_hyena_fft_size_padding_rfft_r22_cont_1 attempt=2 parent_is_root=no base_code=yes

[STAGE] codegen: attempt 2 (round 27) no_improve_streak=0/5 no_improve_over_base=0/5

[STAGE] create Solution object from current code (round 27)

[STAGE] evaluate solution (round 27)
[sol-task] 007_hyena_fft_size_padding_rfft: 5/5 feedback workloads passed (passed, wall 8.9s)

=== Optimization Round 28/100 ===
[CYCLE] action_node=6 action_node_id=node_007_hyena_fft_size_padding_rfft_r22_cont_1 attempt=3 parent_is_root=no base_code=yes

[STAGE] codegen: attempt 3 (round 28) no_improve_streak=1/5 no_improve_over_base=0/5

[STAGE] create Solution object from current code (round 28)

[STAGE] evaluate solution (round 28)
[sol-task] 007_hyena_fft_size_padding_rfft: 5/5 feedback workloads passed (passed, wall 7.4s)

=== Optimization Round 29/100 ===
[CYCLE] action_node=6 action_node_id=node_007_hyena_fft_size_padding_rfft_r22_cont_1 attempt=4 parent_is_root=no base_code=yes

[STAGE] codegen: attempt 4 (round 29) no_improve_streak=2/5 no_improve_over_base=0/5

[STAGE] create Solution object from current code (round 29)

[STAGE] evaluate solution (round 29)
[sol-task] 007_hyena_fft_size_padding_rfft: 5/5 feedback workloads passed (passed, wall 6.5s)

=== Optimization Round 30/100 ===
[CYCLE] action_node=6 action_node_id=node_007_hyena_fft_size_padding_rfft_r22_cont_1 attempt=5 parent_is_root=no base_code=yes

[STAGE] codegen: attempt 5 (round 30) no_improve_streak=3/5 no_improve_over_base=0/5

[STAGE] create Solution object from current code (round 30)

[STAGE] evaluate solution (round 30)
[sol-task] 007_hyena_fft_size_padding_rfft: 5/5 feedback workloads passed (passed, wall 6.9s)

[STAGE] cycle end: attach+refine best PASSED (round 26, score=1.272)
WM status: nodes=9 attached_solutions=6 active_leaf_id=node_007_hyena_fft_size_padding_rfft_r22_cont_1 depth=4
  last_trace: status=passed speedup=1.30x latency=0.9191ms
  active_path: root:<root> | direct_frequency_evaluation:algorithm_family->direct_frequency_evaluation | direct_frequency_frequency_grouping:frequency_ownership->group_2_or_4_adjacent_frequencies | node_007_hyena_fft_size_padding_rfft_r16_cont_1:Continue->Next-step refinement | node_007_hyena_fft_size_padding_rfft_r22_cont_1:Continue->Next-step refinement
  nodes_preview: root:<root> | direct_frequency_evaluation:algorithm_family→direct_frequency_evaluation | monolithic_cooley_tukey:algorithm_family→monolithic_cooley_tukey | decomposed_cooley_tukey:algorithm_family→decomposed_cooley_tukey | radix4_real_symmetry_refinement:butterfly_structure→radix4_real_symmetry | node_007_hyena_fft_size_padding_rfft_r6_cont_1:Continue→Next-step refinement | direct_frequency_frequency_grouping:frequency_ownership→group_2_or_4_adjacent_frequencies | node_007_hyena_fft_size_padding_rfft_r16_cont_1:Continue→Next-step refinement | ...
[WM] apply_edit_ops: ops=3 updates=2 inserts=0 split_children=0 deletes=0 new_nodes_added=0/3 skipped_cap=0 skipped_missing_parent=0 skipped_parent_solution_id_mismatch=1 skipped_update_missing_node=0 skipped_insert_invalid_node=0 skipped_split_invalid_children=0 skipped_delete_not_allowed=0
[WM][WARN] edit-ops had skipped operations; refine will retry if this was a refine call.
[WM] apply_edit_ops: ops=3 updates=2 inserts=0 split_children=0 deletes=0 new_nodes_added=0/3 skipped_cap=0 skipped_missing_parent=0 skipped_parent_solution_id_mismatch=1 skipped_update_missing_node=0 skipped_insert_invalid_node=0 skipped_split_invalid_children=0 skipped_delete_not_allowed=0
[WM][WARN] edit-ops had skipped operations; refine will retry if this was a refine call.
[WM] apply_edit_ops: ops=2 updates=1 inserts=1 split_children=0 deletes=0 new_nodes_added=1/3 skipped_cap=0 skipped_missing_parent=0 skipped_parent_solution_id_mismatch=0 skipped_update_missing_node=0 skipped_insert_invalid_node=0 skipped_split_invalid_children=0 skipped_delete_not_allowed=0
WM status: nodes=10 attached_solutions=6 active_leaf_id=node_007_hyena_fft_size_padding_rfft_r23_cont_1 depth=5
  last_trace: status=passed speedup=1.27x latency=0.9206ms
  active_path: root:<root> | direct_frequency_evaluation:algorithm_family->direct_frequency_evaluation | direct_frequency_frequency_grouping:frequency_ownership->group_2_or_4_adjacent_frequencies | node_007_hyena_fft_size_padding_rfft_r16_cont_1:Continue->Next-step refinement | node_007_hyena_fft_size_padding_rfft_r22_cont_1:Continue->Next-step refinement | node_007_hyena_fft_size_padding_rfft_r23_cont_1:Continue->Next-step refinement
  nodes_preview: root:<root> | direct_frequency_evaluation:algorithm_family→direct_frequency_evaluation | monolithic_cooley_tukey:algorithm_family→monolithic_cooley_tukey | decomposed_cooley_tukey:algorithm_family→decomposed_cooley_tukey | radix4_real_symmetry_refinement:butterfly_structure→radix4_real_symmetry | node_007_hyena_fft_size_padding_rfft_r6_cont_1:Continue→Next-step refinement | direct_frequency_frequency_grouping:frequency_ownership→group_2_or_4_adjacent_frequencies | node_007_hyena_fft_size_padding_rfft_r16_cont_1:Continue→Next-step refinement | ...

[STAGE] world model: select next action (cycle start @ round 31)
WM status: nodes=10 attached_solutions=6 active_leaf_id=node_007_hyena_fft_size_padding_rfft_r23_cont_1 depth=5
  last_trace: status=passed speedup=1.27x latency=0.9206ms
  active_path: root:<root> | direct_frequency_evaluation:algorithm_family->direct_frequency_evaluation | direct_frequency_frequency_grouping:frequency_ownership->group_2_or_4_adjacent_frequencies | node_007_hyena_fft_size_padding_rfft_r16_cont_1:Continue->Next-step refinement | node_007_hyena_fft_size_padding_rfft_r22_cont_1:Continue->Next-step refinement | node_007_hyena_fft_size_padding_rfft_r23_cont_1:Continue->Next-step refinement
  nodes_preview: root:<root> | direct_frequency_evaluation:algorithm_family→direct_frequency_evaluation | monolithic_cooley_tukey:algorithm_family→monolithic_cooley_tukey | decomposed_cooley_tukey:algorithm_family→decomposed_cooley_tukey | radix4_real_symmetry_refinement:butterfly_structure→radix4_real_symmetry | node_007_hyena_fft_size_padding_rfft_r6_cont_1:Continue→Next-step refinement | direct_frequency_frequency_grouping:frequency_ownership→group_2_or_4_adjacent_frequencies | node_007_hyena_fft_size_padding_rfft_r16_cont_1:Continue→Next-step refinement | ...
World Model: Open Action Nodes (candidates) frontier=3 total_open=3
1. rating=8.2/10 score=0.82 diff=2/5 conf=0.72 vs_base~1.28x | node_id=node_007_hyena_fft_size_padding_rfft_r23_cont_1 parent_id=node_007_hyena_fft_size_padding_rfft_r22_cont_1 | Test a 512-element block for the fallback split-scale pass
2. rating=6.6/10 score=0.61 diff=5/5 conf=0.61 vs_base~1.05x | node_id=decomposed_cooley_tukey parent_id=root | Decompose transforms that exceed monolithic resource limits — Implement a minimal two-level Cooley-Tukey prototype with an explicit complex workspace and separate local-transform and recombination phases for one representative large size.
3. rating=6.3/10 score=0.35 diff=2/5 conf=0.98 vs_base~? | node_id=node_007_hyena_fft_size_padding_rfft_r6_cont_1 parent_id=radix4_real_symmetry_refinement | Next-step refinement: target the top bottleneck operation — Propose one small change that targets the primary bottleneck operation indicated by the latest eval (e.g., reduce sync, reduce redundant loads, or improve locality), without changing the overall mapping plan.
World Model: Chosen Next Action (from decision tree node)
- node_id: node_007_hyena_fft_size_padding_rfft_r23_cont_1
- base_node_id: node_007_hyena_fft_size_padding_rfft_r22_cont_1
- title: Test a 512-element block for the fallback split-scale pass
- difficulty_1_to_5: 2
- expected_vs_baseline_factor: 1.28x

=== Optimization Round 31/100 ===
[CYCLE] action_node=7 action_node_id=node_007_hyena_fft_size_padding_rfft_r23_cont_1 attempt=1 parent_is_root=no base_code=yes

[STAGE] codegen: attempt 1 (round 31) no_improve_streak=0/5 no_improve_over_base=0/5

[STAGE] create Solution object from current code (round 31)

[STAGE] evaluate solution (round 31)
[sol-task] 007_hyena_fft_size_padding_rfft: 5/5 feedback workloads passed (passed, wall 8.2s)

=== Optimization Round 32/100 ===
[CYCLE] action_node=7 action_node_id=node_007_hyena_fft_size_padding_rfft_r23_cont_1 attempt=2 parent_is_root=no base_code=yes

[STAGE] codegen: attempt 2 (round 32) no_improve_streak=0/5 no_improve_over_base=0/5

[STAGE] create Solution object from current code (round 32)

[STAGE] evaluate solution (round 32)
[sol-task] 007_hyena_fft_size_padding_rfft: 5/5 feedback workloads passed (passed, wall 6.6s)

=== Optimization Round 33/100 ===
[CYCLE] action_node=7 action_node_id=node_007_hyena_fft_size_padding_rfft_r23_cont_1 attempt=3 parent_is_root=no base_code=yes

[STAGE] codegen: attempt 3 (round 33) no_improve_streak=0/5 no_improve_over_base=0/5

[STAGE] create Solution object from current code (round 33)

[STAGE] evaluate solution (round 33)
[sol-task] 007_hyena_fft_size_padding_rfft: 5/5 feedback workloads passed (passed, wall 15.2s)

=== Optimization Round 34/100 ===
[CYCLE] action_node=7 action_node_id=node_007_hyena_fft_size_padding_rfft_r23_cont_1 attempt=4 parent_is_root=no base_code=yes

[STAGE] codegen: attempt 4 (round 34) no_improve_streak=0/5 no_improve_over_base=0/5

[STAGE] create Solution object from current code (round 34)

[STAGE] evaluate solution (round 34)
[sol-task] 007_hyena_fft_size_padding_rfft: 5/5 feedback workloads passed (passed, wall 7.4s)

=== Optimization Round 35/100 ===
[CYCLE] action_node=7 action_node_id=node_007_hyena_fft_size_padding_rfft_r23_cont_1 attempt=5 parent_is_root=no base_code=yes

[STAGE] codegen: attempt 5 (round 35) no_improve_streak=0/5 no_improve_over_base=0/5

[STAGE] create Solution object from current code (round 35)

[STAGE] evaluate solution (round 35)
[sol-task] 007_hyena_fft_size_padding_rfft: 5/5 feedback workloads passed (passed, wall 8.9s)

[STAGE] cycle end: attach+refine best PASSED (round 34, score=1.309)
WM status: nodes=10 attached_solutions=7 active_leaf_id=node_007_hyena_fft_size_padding_rfft_r23_cont_1 depth=5
  last_trace: status=passed speedup=1.27x latency=0.9206ms
  active_path: root:<root> | direct_frequency_evaluation:algorithm_family->direct_frequency_evaluation | direct_frequency_frequency_grouping:frequency_ownership->group_2_or_4_adjacent_frequencies | node_007_hyena_fft_size_padding_rfft_r16_cont_1:Continue->Next-step refinement | node_007_hyena_fft_size_padding_rfft_r22_cont_1:Continue->Next-step refinement | node_007_hyena_fft_size_padding_rfft_r23_cont_1:Continue->Next-step refinement
  nodes_preview: root:<root> | direct_frequency_evaluation:algorithm_family→direct_frequency_evaluation | monolithic_cooley_tukey:algorithm_family→monolithic_cooley_tukey | decomposed_cooley_tukey:algorithm_family→decomposed_cooley_tukey | radix4_real_symmetry_refinement:butterfly_structure→radix4_real_symmetry | node_007_hyena_fft_size_padding_rfft_r6_cont_1:Continue→Next-step refinement | direct_frequency_frequency_grouping:frequency_ownership→group_2_or_4_adjacent_frequencies | node_007_hyena_fft_size_padding_rfft_r16_cont_1:Continue→Next-step refinement | ...
[WM] apply_edit_ops: ops=2 updates=1 inserts=1 split_children=0 deletes=0 new_nodes_added=1/3 skipped_cap=0 skipped_missing_parent=0 skipped_parent_solution_id_mismatch=0 skipped_update_missing_node=0 skipped_insert_invalid_node=0 skipped_split_invalid_children=0 skipped_delete_not_allowed=0
WM status: nodes=11 attached_solutions=7 active_leaf_id=node_007_hyena_fft_size_padding_rfft_r27_cont_1 depth=6
  last_trace: status=passed speedup=1.31x latency=0.9193ms
  active_path: root:<root> | direct_frequency_evaluation:algorithm_family->direct_frequency_evaluation | direct_frequency_frequency_grouping:frequency_ownership->group_2_or_4_adjacent_frequencies | node_007_hyena_fft_size_padding_rfft_r16_cont_1:Continue->Next-step refinement | node_007_hyena_fft_size_padding_rfft_r22_cont_1:Continue->Next-step refinement | ... | node_007_hyena_fft_size_padding_rfft_r27_cont_1:large_fallback_split_scale_configuration->use_512_elements_and_4_warps_for_all_fallback_sizes
  nodes_preview: root:<root> | direct_frequency_evaluation:algorithm_family→direct_frequency_evaluation | monolithic_cooley_tukey:algorithm_family→monolithic_cooley_tukey | decomposed_cooley_tukey:algorithm_family→decomposed_cooley_tukey | radix4_real_symmetry_refinement:butterfly_structure→radix4_real_symmetry | node_007_hyena_fft_size_padding_rfft_r6_cont_1:Continue→Next-step refinement | direct_frequency_frequency_grouping:frequency_ownership→group_2_or_4_adjacent_frequencies | node_007_hyena_fft_size_padding_rfft_r16_cont_1:Continue→Next-step refinement | ...

[STAGE] world model: select next action (cycle start @ round 36)
WM status: nodes=11 attached_solutions=7 active_leaf_id=node_007_hyena_fft_size_padding_rfft_r27_cont_1 depth=6
  last_trace: status=passed speedup=1.31x latency=0.9193ms
  active_path: root:<root> | direct_frequency_evaluation:algorithm_family->direct_frequency_evaluation | direct_frequency_frequency_grouping:frequency_ownership->group_2_or_4_adjacent_frequencies | node_007_hyena_fft_size_padding_rfft_r16_cont_1:Continue->Next-step refinement | node_007_hyena_fft_size_padding_rfft_r22_cont_1:Continue->Next-step refinement | ... | node_007_hyena_fft_size_padding_rfft_r27_cont_1:large_fallback_split_scale_configuration->use_512_elements_and_4_warps_for_all_fallback_sizes
  nodes_preview: root:<root> | direct_frequency_evaluation:algorithm_family→direct_frequency_evaluation | monolithic_cooley_tukey:algorithm_family→monolithic_cooley_tukey | decomposed_cooley_tukey:algorithm_family→decomposed_cooley_tukey | radix4_real_symmetry_refinement:butterfly_structure→radix4_real_symmetry | node_007_hyena_fft_size_padding_rfft_r6_cont_1:Continue→Next-step refinement | direct_frequency_frequency_grouping:frequency_ownership→group_2_or_4_adjacent_frequencies | node_007_hyena_fft_size_padding_rfft_r16_cont_1:Continue→Next-step refinement | ...
World Model: Open Action Nodes (candidates) frontier=3 total_open=3
1. rating=8.5/10 score=0.87 diff=2/5 conf=0.58 vs_base~1.31x | node_id=node_007_hyena_fft_size_padding_rfft_r27_cont_1 parent_id=node_007_hyena_fft_size_padding_rfft_r23_cont_1 | Test 512-element split-scale blocks on the large fallback tensors
2. rating=6.6/10 score=0.61 diff=5/5 conf=0.61 vs_base~1.05x | node_id=decomposed_cooley_tukey parent_id=root | Decompose transforms that exceed monolithic resource limits — Implement a minimal two-level Cooley-Tukey prototype with an explicit complex workspace and separate local-transform and recombination phases for one representative large size.
3. rating=6.3/10 score=0.35 diff=2/5 conf=0.98 vs_base~? | node_id=node_007_hyena_fft_size_padding_rfft_r6_cont_1 parent_id=radix4_real_symmetry_refinement | Next-step refinement: target the top bottleneck operation — Propose one small change that targets the primary bottleneck operation indicated by the latest eval (e.g., reduce sync, reduce redundant loads, or improve locality), without changing the overall mapping plan.
World Model: Chosen Next Action (from decision tree node)
- node_id: node_007_hyena_fft_size_padding_rfft_r27_cont_1
- base_node_id: node_007_hyena_fft_size_padding_rfft_r23_cont_1
- title: Test 512-element split-scale blocks on the large fallback tensors
- difficulty_1_to_5: 2
- expected_vs_baseline_factor: 1.31x

=== Optimization Round 36/100 ===
[CYCLE] action_node=8 action_node_id=node_007_hyena_fft_size_padding_rfft_r27_cont_1 attempt=1 parent_is_root=no base_code=yes

[STAGE] codegen: attempt 1 (round 36) no_improve_streak=0/5 no_improve_over_base=0/5

[STAGE] create Solution object from current code (round 36)

[STAGE] evaluate solution (round 36)
[sol-task] 007_hyena_fft_size_padding_rfft: 5/5 feedback workloads passed (passed, wall 6.7s)

=== Optimization Round 37/100 ===
[CYCLE] action_node=8 action_node_id=node_007_hyena_fft_size_padding_rfft_r27_cont_1 attempt=2 parent_is_root=no base_code=yes

[STAGE] codegen: attempt 2 (round 37) no_improve_streak=0/5 no_improve_over_base=0/5

[STAGE] create Solution object from current code (round 37)

[STAGE] evaluate solution (round 37)
[sol-task] 007_hyena_fft_size_padding_rfft: 5/5 feedback workloads passed (passed, wall 7.1s)

=== Optimization Round 38/100 ===
[CYCLE] action_node=8 action_node_id=node_007_hyena_fft_size_padding_rfft_r27_cont_1 attempt=3 parent_is_root=no base_code=yes

[STAGE] codegen: attempt 3 (round 38) no_improve_streak=1/5 no_improve_over_base=0/5

[STAGE] create Solution object from current code (round 38)

[STAGE] evaluate solution (round 38)
[sol-task] 007_hyena_fft_size_padding_rfft: 5/5 feedback workloads passed (passed, wall 7.4s)

=== Optimization Round 39/100 ===
[CYCLE] action_node=8 action_node_id=node_007_hyena_fft_size_padding_rfft_r27_cont_1 attempt=4 parent_is_root=no base_code=yes

[STAGE] codegen: attempt 4 (round 39) no_improve_streak=0/5 no_improve_over_base=0/5

[STAGE] create Solution object from current code (round 39)

[STAGE] evaluate solution (round 39)
[sol-task] 007_hyena_fft_size_padding_rfft: 5/5 feedback workloads passed (passed, wall 7.7s)

=== Optimization Round 40/100 ===
[CYCLE] action_node=8 action_node_id=node_007_hyena_fft_size_padding_rfft_r27_cont_1 attempt=5 parent_is_root=no base_code=yes

[STAGE] codegen: attempt 5 (round 40) no_improve_streak=1/5 no_improve_over_base=0/5

[STAGE] create Solution object from current code (round 40)

[STAGE] evaluate solution (round 40)
[sol-task] 007_hyena_fft_size_padding_rfft: 5/5 feedback workloads passed (passed, wall 7.1s)

[STAGE] cycle end: attach+refine best PASSED (round 38, score=1.266)
WM status: nodes=11 attached_solutions=8 active_leaf_id=node_007_hyena_fft_size_padding_rfft_r27_cont_1 depth=6
  last_trace: status=passed speedup=1.31x latency=0.9193ms
  active_path: root:<root> | direct_frequency_evaluation:algorithm_family->direct_frequency_evaluation | direct_frequency_frequency_grouping:frequency_ownership->group_2_or_4_adjacent_frequencies | node_007_hyena_fft_size_padding_rfft_r16_cont_1:Continue->Next-step refinement | node_007_hyena_fft_size_padding_rfft_r22_cont_1:Continue->Next-step refinement | ... | node_007_hyena_fft_size_padding_rfft_r27_cont_1:large_fallback_split_scale_configuration->use_512_elements_and_4_warps_for_all_fallback_sizes
  nodes_preview: root:<root> | direct_frequency_evaluation:algorithm_family→direct_frequency_evaluation | monolithic_cooley_tukey:algorithm_family→monolithic_cooley_tukey | decomposed_cooley_tukey:algorithm_family→decomposed_cooley_tukey | radix4_real_symmetry_refinement:butterfly_structure→radix4_real_symmetry | node_007_hyena_fft_size_padding_rfft_r6_cont_1:Continue→Next-step refinement | direct_frequency_frequency_grouping:frequency_ownership→group_2_or_4_adjacent_frequencies | node_007_hyena_fft_size_padding_rfft_r16_cont_1:Continue→Next-step refinement | ...
[WM] apply_edit_ops: ops=3 updates=2 inserts=0 split_children=0 deletes=0 new_nodes_added=0/3 skipped_cap=0 skipped_missing_parent=0 skipped_parent_solution_id_mismatch=1 skipped_update_missing_node=0 skipped_insert_invalid_node=0 skipped_split_invalid_children=0 skipped_delete_not_allowed=0
[WM][WARN] edit-ops had skipped operations; refine will retry if this was a refine call.
[WM] apply_edit_ops: ops=3 updates=2 inserts=0 split_children=0 deletes=0 new_nodes_added=0/3 skipped_cap=0 skipped_missing_parent=0 skipped_parent_solution_id_mismatch=1 skipped_update_missing_node=0 skipped_insert_invalid_node=0 skipped_split_invalid_children=0 skipped_delete_not_allowed=0
[WM][WARN] edit-ops had skipped operations; refine will retry if this was a refine call.
[WM] apply_edit_ops: ops=3 updates=2 inserts=0 split_children=0 deletes=0 new_nodes_added=0/3 skipped_cap=0 skipped_missing_parent=0 skipped_parent_solution_id_mismatch=1 skipped_update_missing_node=0 skipped_insert_invalid_node=0 skipped_split_invalid_children=0 skipped_delete_not_allowed=0
[WM][WARN] edit-ops had skipped operations; refine will retry if this was a refine call.
WM status: nodes=12 attached_solutions=8 active_leaf_id=node_007_hyena_fft_size_padding_rfft_r27_cont_1 depth=6
  last_trace: status=passed speedup=1.27x latency=0.9220ms
  active_path: root:<root> | direct_frequency_evaluation:algorithm_family->direct_frequency_evaluation | direct_frequency_frequency_grouping:frequency_ownership->group_2_or_4_adjacent_frequencies | node_007_hyena_fft_size_padding_rfft_r16_cont_1:Continue->Next-step refinement | node_007_hyena_fft_size_padding_rfft_r22_cont_1:Continue->Next-step refinement | ... | node_007_hyena_fft_size_padding_rfft_r27_cont_1:large_fallback_split_scale_configuration->use_512_elements_and_4_warps_for_all_fallback_sizes
  nodes_preview: root:<root> | direct_frequency_evaluation:algorithm_family→direct_frequency_evaluation | monolithic_cooley_tukey:algorithm_family→monolithic_cooley_tukey | decomposed_cooley_tukey:algorithm_family→decomposed_cooley_tukey | radix4_real_symmetry_refinement:butterfly_structure→radix4_real_symmetry | node_007_hyena_fft_size_padding_rfft_r6_cont_1:Continue→Next-step refinement | direct_frequency_frequency_grouping:frequency_ownership→group_2_or_4_adjacent_frequencies | node_007_hyena_fft_size_padding_rfft_r16_cont_1:Continue→Next-step refinement | ...

[STAGE] world model: select next action (cycle start @ round 41)
WM status: nodes=12 attached_solutions=8 active_leaf_id=node_007_hyena_fft_size_padding_rfft_r27_cont_1 depth=6
  last_trace: status=passed speedup=1.27x latency=0.9220ms
  active_path: root:<root> | direct_frequency_evaluation:algorithm_family->direct_frequency_evaluation | direct_frequency_frequency_grouping:frequency_ownership->group_2_or_4_adjacent_frequencies | node_007_hyena_fft_size_padding_rfft_r16_cont_1:Continue->Next-step refinement | node_007_hyena_fft_size_padding_rfft_r22_cont_1:Continue->Next-step refinement | ... | node_007_hyena_fft_size_padding_rfft_r27_cont_1:large_fallback_split_scale_configuration->use_512_elements_and_4_warps_for_all_fallback_sizes
  nodes_preview: root:<root> | direct_frequency_evaluation:algorithm_family→direct_frequency_evaluation | monolithic_cooley_tukey:algorithm_family→monolithic_cooley_tukey | decomposed_cooley_tukey:algorithm_family→decomposed_cooley_tukey | radix4_real_symmetry_refinement:butterfly_structure→radix4_real_symmetry | node_007_hyena_fft_size_padding_rfft_r6_cont_1:Continue→Next-step refinement | direct_frequency_frequency_grouping:frequency_ownership→group_2_or_4_adjacent_frequencies | node_007_hyena_fft_size_padding_rfft_r16_cont_1:Continue→Next-step refinement | ...
World Model: Open Action Nodes (candidates) frontier=3 total_open=3
1. rating=8.3/10 score=0.35 diff=2/5 conf=0.97 vs_base~? | node_id=node_007_hyena_fft_size_padding_rfft_r38_cont_1 parent_id=node_007_hyena_fft_size_padding_rfft_r27_cont_1 | Next-step refinement: target the top bottleneck operation — Propose one small change that targets the primary bottleneck operation indicated by the latest eval (e.g., reduce sync, reduce redundant loads, or improve locality), without changing the overall mapping plan.
2. rating=6.6/10 score=0.61 diff=5/5 conf=0.61 vs_base~1.05x | node_id=decomposed_cooley_tukey parent_id=root | Decompose transforms that exceed monolithic resource limits — Implement a minimal two-level Cooley-Tukey prototype with an explicit complex workspace and separate local-transform and recombination phases for one representative large size.
3. rating=6.3/10 score=0.35 diff=2/5 conf=0.98 vs_base~? | node_id=node_007_hyena_fft_size_padding_rfft_r6_cont_1 parent_id=radix4_real_symmetry_refinement | Next-step refinement: target the top bottleneck operation — Propose one small change that targets the primary bottleneck operation indicated by the latest eval (e.g., reduce sync, reduce redundant loads, or improve locality), without changing the overall mapping plan.
World Model: Chosen Next Action (from decision tree node)
- node_id: node_007_hyena_fft_size_padding_rfft_r38_cont_1
- base_node_id: node_007_hyena_fft_size_padding_rfft_r27_cont_1
- title: Next-step refinement: target the top bottleneck operation
- difficulty_1_to_5: 2
- description: Propose one small change that targets the primary bottleneck operation indicated by the latest eval (e.g., reduce sync, reduce redundant loads, or improve locality), without changing the overall mapping plan.
- rationale: The parent design is working; this creates a clear single-iteration follow-up to improve it.

=== Optimization Round 41/100 ===
[CYCLE] action_node=9 action_node_id=node_007_hyena_fft_size_padding_rfft_r38_cont_1 attempt=1 parent_is_root=no base_code=yes

[STAGE] codegen: attempt 1 (round 41) no_improve_streak=0/5 no_improve_over_base=0/5

[STAGE] create Solution object from current code (round 41)

[STAGE] evaluate solution (round 41)
[sol-task] 007_hyena_fft_size_padding_rfft: 5/5 feedback workloads passed (passed, wall 6.5s)

=== Optimization Round 42/100 ===
[CYCLE] action_node=9 action_node_id=node_007_hyena_fft_size_padding_rfft_r38_cont_1 attempt=2 parent_is_root=no base_code=yes

[STAGE] codegen: attempt 2 (round 42) no_improve_streak=0/5 no_improve_over_base=0/5

[STAGE] create Solution object from current code (round 42)

[STAGE] evaluate solution (round 42)
[sol-task] 007_hyena_fft_size_padding_rfft: 5/5 feedback workloads passed (passed, wall 7.3s)

=== Optimization Round 43/100 ===
[CYCLE] action_node=9 action_node_id=node_007_hyena_fft_size_padding_rfft_r38_cont_1 attempt=3 parent_is_root=no base_code=yes

[STAGE] codegen: attempt 3 (round 43) no_improve_streak=0/5 no_improve_over_base=0/5

[STAGE] create Solution object from current code (round 43)

[STAGE] evaluate solution (round 43)
[sol-task] 007_hyena_fft_size_padding_rfft: 5/5 feedback workloads passed (passed, wall 9.1s)

=== Optimization Round 44/100 ===
[CYCLE] action_node=9 action_node_id=node_007_hyena_fft_size_padding_rfft_r38_cont_1 attempt=4 parent_is_root=no base_code=yes

[STAGE] codegen: attempt 4 (round 44) no_improve_streak=0/5 no_improve_over_base=0/5

[STAGE] create Solution object from current code (round 44)

[STAGE] evaluate solution (round 44)
[sol-task] 007_hyena_fft_size_padding_rfft: 5/5 feedback workloads passed (passed, wall 7.2s)

=== Optimization Round 45/100 ===
[CYCLE] action_node=9 action_node_id=node_007_hyena_fft_size_padding_rfft_r38_cont_1 attempt=5 parent_is_root=no base_code=yes

[STAGE] codegen: attempt 5 (round 45) no_improve_streak=1/5 no_improve_over_base=0/5

[STAGE] create Solution object from current code (round 45)

[STAGE] evaluate solution (round 45)
[sol-task] 007_hyena_fft_size_padding_rfft: 5/5 feedback workloads passed (passed, wall 6.5s)

[STAGE] cycle end: attach+refine best PASSED (round 43, score=1.302)
WM status: nodes=12 attached_solutions=9 active_leaf_id=node_007_hyena_fft_size_padding_rfft_r38_cont_1 depth=7
  last_trace: status=passed speedup=1.27x latency=0.9220ms
  active_path: root:<root> | direct_frequency_evaluation:algorithm_family->direct_frequency_evaluation | direct_frequency_frequency_grouping:frequency_ownership->group_2_or_4_adjacent_frequencies | node_007_hyena_fft_size_padding_rfft_r16_cont_1:Continue->Next-step refinement | node_007_hyena_fft_size_padding_rfft_r22_cont_1:Continue->Next-step refinement | ... | node_007_hyena_fft_size_padding_rfft_r38_cont_1:Continue->Next-step refinement
  nodes_preview: root:<root> | direct_frequency_evaluation:algorithm_family→direct_frequency_evaluation | monolithic_cooley_tukey:algorithm_family→monolithic_cooley_tukey | decomposed_cooley_tukey:algorithm_family→decomposed_cooley_tukey | radix4_real_symmetry_refinement:butterfly_structure→radix4_real_symmetry | node_007_hyena_fft_size_padding_rfft_r6_cont_1:Continue→Next-step refinement | direct_frequency_frequency_grouping:frequency_ownership→group_2_or_4_adjacent_frequencies | node_007_hyena_fft_size_padding_rfft_r16_cont_1:Continue→Next-step refinement | ...
[WM] apply_edit_ops: ops=2 updates=1 inserts=0 split_children=1 deletes=0 new_nodes_added=1/3 skipped_cap=0 skipped_missing_parent=0 skipped_parent_solution_id_mismatch=0 skipped_update_missing_node=0 skipped_insert_invalid_node=0 skipped_split_invalid_children=0 skipped_delete_not_allowed=0
WM status: nodes=13 attached_solutions=9 active_leaf_id=node_007_hyena_fft_size_padding_rfft_r39_split_scale_size_specialization depth=8
  last_trace: status=passed speedup=1.30x latency=0.9199ms
  active_path: root:<root> | direct_frequency_evaluation:algorithm_family->direct_frequency_evaluation | direct_frequency_frequency_grouping:frequency_ownership->group_2_or_4_adjacent_frequencies | node_007_hyena_fft_size_padding_rfft_r16_cont_1:Continue->Next-step refinement | node_007_hyena_fft_size_padding_rfft_r22_cont_1:Continue->Next-step refinement | ... | node_007_hyena_fft_size_padding_rfft_r39_split_scale_size_specialization:split_scale_block_size_specialization->512_for_small_1024_for_large
  nodes_preview: root:<root> | direct_frequency_evaluation:algorithm_family→direct_frequency_evaluation | monolithic_cooley_tukey:algorithm_family→monolithic_cooley_tukey | decomposed_cooley_tukey:algorithm_family→decomposed_cooley_tukey | radix4_real_symmetry_refinement:butterfly_structure→radix4_real_symmetry | node_007_hyena_fft_size_padding_rfft_r6_cont_1:Continue→Next-step refinement | direct_frequency_frequency_grouping:frequency_ownership→group_2_or_4_adjacent_frequencies | node_007_hyena_fft_size_padding_rfft_r16_cont_1:Continue→Next-step refinement | ...

[STAGE] world model: select next action (cycle start @ round 46)
WM status: nodes=13 attached_solutions=9 active_leaf_id=node_007_hyena_fft_size_padding_rfft_r39_split_scale_size_specialization depth=8
  last_trace: status=passed speedup=1.30x latency=0.9199ms
  active_path: root:<root> | direct_frequency_evaluation:algorithm_family->direct_frequency_evaluation | direct_frequency_frequency_grouping:frequency_ownership->group_2_or_4_adjacent_frequencies | node_007_hyena_fft_size_padding_rfft_r16_cont_1:Continue->Next-step refinement | node_007_hyena_fft_size_padding_rfft_r22_cont_1:Continue->Next-step refinement | ... | node_007_hyena_fft_size_padding_rfft_r39_split_scale_size_specialization:split_scale_block_size_specialization->512_for_small_1024_for_large
  nodes_preview: root:<root> | direct_frequency_evaluation:algorithm_family→direct_frequency_evaluation | monolithic_cooley_tukey:algorithm_family→monolithic_cooley_tukey | decomposed_cooley_tukey:algorithm_family→decomposed_cooley_tukey | radix4_real_symmetry_refinement:butterfly_structure→radix4_real_symmetry | node_007_hyena_fft_size_padding_rfft_r6_cont_1:Continue→Next-step refinement | direct_frequency_frequency_grouping:frequency_ownership→group_2_or_4_adjacent_frequencies | node_007_hyena_fft_size_padding_rfft_r16_cont_1:Continue→Next-step refinement | ...
World Model: Open Action Nodes (candidates) frontier=3 total_open=3
1. rating=9.3/10 score=0.93 diff=2/5 conf=0.87 vs_base~1.31x | node_id=node_007_hyena_fft_size_padding_rfft_r39_split_scale_size_specialization parent_id=node_007_hyena_fft_size_padding_rfft_r38_cont_1 | Specialize split-and-scale block size by output element count
2. rating=6.6/10 score=0.61 diff=5/5 conf=0.61 vs_base~1.05x | node_id=decomposed_cooley_tukey parent_id=root | Decompose transforms that exceed monolithic resource limits — Implement a minimal two-level Cooley-Tukey prototype with an explicit complex workspace and separate local-transform and recombination phases for one representative large size.
3. rating=6.3/10 score=0.35 diff=2/5 conf=0.98 vs_base~? | node_id=node_007_hyena_fft_size_padding_rfft_r6_cont_1 parent_id=radix4_real_symmetry_refinement | Next-step refinement: target the top bottleneck operation — Propose one small change that targets the primary bottleneck operation indicated by the latest eval (e.g., reduce sync, reduce redundant loads, or improve locality), without changing the overall mapping plan.
World Model: Chosen Next Action (from decision tree node)
- node_id: node_007_hyena_fft_size_padding_rfft_r39_split_scale_size_specialization
- base_node_id: node_007_hyena_fft_size_padding_rfft_r38_cont_1
- title: Specialize split-and-scale block size by output element count
- difficulty_1_to_5: 2
- expected_vs_baseline_factor: 1.31x

=== Optimization Round 46/100 ===
[CYCLE] action_node=10 action_node_id=node_007_hyena_fft_size_padding_rfft_r39_split_scale_size_specialization attempt=1 parent_is_root=no base_code=yes

[STAGE] codegen: attempt 1 (round 46) no_improve_streak=0/5 no_improve_over_base=0/5

[STAGE] create Solution object from current code (round 46)

[STAGE] evaluate solution (round 46)
[sol-task] 007_hyena_fft_size_padding_rfft: 5/5 feedback workloads passed (passed, wall 6.6s)

=== Optimization Round 47/100 ===
[CYCLE] action_node=10 action_node_id=node_007_hyena_fft_size_padding_rfft_r39_split_scale_size_specialization attempt=2 parent_is_root=no base_code=yes

[STAGE] codegen: attempt 2 (round 47) no_improve_streak=0/5 no_improve_over_base=0/5

[STAGE] create Solution object from current code (round 47)

[STAGE] evaluate solution (round 47)
[sol-task] 007_hyena_fft_size_padding_rfft: 5/5 feedback workloads passed (passed, wall 6.4s)

=== Optimization Round 48/100 ===
[CYCLE] action_node=10 action_node_id=node_007_hyena_fft_size_padding_rfft_r39_split_scale_size_specialization attempt=3 parent_is_root=no base_code=yes

[STAGE] codegen: attempt 3 (round 48) no_improve_streak=0/5 no_improve_over_base=0/5

[STAGE] create Solution object from current code (round 48)

[STAGE] evaluate solution (round 48)
[sol-task] 007_hyena_fft_size_padding_rfft: 5/5 feedback workloads passed (passed, wall 7.0s)

=== Optimization Round 49/100 ===
[CYCLE] action_node=10 action_node_id=node_007_hyena_fft_size_padding_rfft_r39_split_scale_size_specialization attempt=4 parent_is_root=no base_code=yes

[STAGE] codegen: attempt 4 (round 49) no_improve_streak=1/5 no_improve_over_base=0/5

[STAGE] create Solution object from current code (round 49)

[STAGE] evaluate solution (round 49)
[sol-task] 007_hyena_fft_size_padding_rfft: 5/5 feedback workloads passed (passed, wall 7.1s)

=== Optimization Round 50/100 ===
[CYCLE] action_node=10 action_node_id=node_007_hyena_fft_size_padding_rfft_r39_split_scale_size_specialization attempt=5 parent_is_root=no base_code=yes

[STAGE] codegen: attempt 5 (round 50) no_improve_streak=2/5 no_improve_over_base=0/5

[STAGE] create Solution object from current code (round 50)

[STAGE] evaluate solution (round 50)
[sol-task] 007_hyena_fft_size_padding_rfft: 5/5 feedback workloads passed (passed, wall 8.1s)

[STAGE] cycle end: attach+refine best PASSED (round 47, score=1.296)
WM status: nodes=13 attached_solutions=10 active_leaf_id=node_007_hyena_fft_size_padding_rfft_r39_split_scale_size_specialization depth=8
  last_trace: status=passed speedup=1.30x latency=0.9199ms
  active_path: root:<root> | direct_frequency_evaluation:algorithm_family->direct_frequency_evaluation | direct_frequency_frequency_grouping:frequency_ownership->group_2_or_4_adjacent_frequencies | node_007_hyena_fft_size_padding_rfft_r16_cont_1:Continue->Next-step refinement | node_007_hyena_fft_size_padding_rfft_r22_cont_1:Continue->Next-step refinement | ... | node_007_hyena_fft_size_padding_rfft_r39_split_scale_size_specialization:split_scale_block_size_specialization->512_for_small_1024_for_large
  nodes_preview: root:<root> | direct_frequency_evaluation:algorithm_family→direct_frequency_evaluation | monolithic_cooley_tukey:algorithm_family→monolithic_cooley_tukey | decomposed_cooley_tukey:algorithm_family→decomposed_cooley_tukey | radix4_real_symmetry_refinement:butterfly_structure→radix4_real_symmetry | node_007_hyena_fft_size_padding_rfft_r6_cont_1:Continue→Next-step refinement | direct_frequency_frequency_grouping:frequency_ownership→group_2_or_4_adjacent_frequencies | node_007_hyena_fft_size_padding_rfft_r16_cont_1:Continue→Next-step refinement | ...
[WM] apply_edit_ops: ops=2 updates=1 inserts=0 split_children=0 deletes=0 new_nodes_added=0/3 skipped_cap=0 skipped_missing_parent=0 skipped_parent_solution_id_mismatch=1 skipped_update_missing_node=0 skipped_insert_invalid_node=0 skipped_split_invalid_children=0 skipped_delete_not_allowed=0
[WM][WARN] edit-ops had skipped operations; refine will retry if this was a refine call.
[WM] apply_edit_ops: ops=2 updates=1 inserts=0 split_children=1 deletes=0 new_nodes_added=1/3 skipped_cap=0 skipped_missing_parent=0 skipped_parent_solution_id_mismatch=0 skipped_update_missing_node=0 skipped_insert_invalid_node=0 skipped_split_invalid_children=0 skipped_delete_not_allowed=0
WM status: nodes=14 attached_solutions=10 active_leaf_id=node_007_hyena_fft_size_padding_rfft_r44_large_block_warp_specialization depth=9
  last_trace: status=passed speedup=1.30x latency=0.9209ms
  active_path: root:<root> | direct_frequency_evaluation:algorithm_family->direct_frequency_evaluation | direct_frequency_frequency_grouping:frequency_ownership->group_2_or_4_adjacent_frequencies | node_007_hyena_fft_size_padding_rfft_r16_cont_1:Continue->Next-step refinement | node_007_hyena_fft_size_padding_rfft_r22_cont_1:Continue->Next-step refinement | ... | node_007_hyena_fft_size_padding_rfft_r44_large_block_warp_specialization:large_split_scale_warp_specialization->use_8_warps_only_for_1024_element_blocks
  nodes_preview: root:<root> | direct_frequency_evaluation:algorithm_family→direct_frequency_evaluation | monolithic_cooley_tukey:algorithm_family→monolithic_cooley_tukey | decomposed_cooley_tukey:algorithm_family→decomposed_cooley_tukey | radix4_real_symmetry_refinement:butterfly_structure→radix4_real_symmetry | node_007_hyena_fft_size_padding_rfft_r6_cont_1:Continue→Next-step refinement | direct_frequency_frequency_grouping:frequency_ownership→group_2_or_4_adjacent_frequencies | node_007_hyena_fft_size_padding_rfft_r16_cont_1:Continue→Next-step refinement | ...

[STAGE] world model: select next action (cycle start @ round 51)
WM status: nodes=14 attached_solutions=10 active_leaf_id=node_007_hyena_fft_size_padding_rfft_r44_large_block_warp_specialization depth=9
  last_trace: status=passed speedup=1.30x latency=0.9209ms
  active_path: root:<root> | direct_frequency_evaluation:algorithm_family->direct_frequency_evaluation | direct_frequency_frequency_grouping:frequency_ownership->group_2_or_4_adjacent_frequencies | node_007_hyena_fft_size_padding_rfft_r16_cont_1:Continue->Next-step refinement | node_007_hyena_fft_size_padding_rfft_r22_cont_1:Continue->Next-step refinement | ... | node_007_hyena_fft_size_padding_rfft_r44_large_block_warp_specialization:large_split_scale_warp_specialization->use_8_warps_only_for_1024_element_blocks
  nodes_preview: root:<root> | direct_frequency_evaluation:algorithm_family→direct_frequency_evaluation | monolithic_cooley_tukey:algorithm_family→monolithic_cooley_tukey | decomposed_cooley_tukey:algorithm_family→decomposed_cooley_tukey | radix4_real_symmetry_refinement:butterfly_structure→radix4_real_symmetry | node_007_hyena_fft_size_padding_rfft_r6_cont_1:Continue→Next-step refinement | direct_frequency_frequency_grouping:frequency_ownership→group_2_or_4_adjacent_frequencies | node_007_hyena_fft_size_padding_rfft_r16_cont_1:Continue→Next-step refinement | ...
World Model: Open Action Nodes (candidates) frontier=3 total_open=3
1. rating=7.5/10 score=0.70 diff=2/5 conf=0.62 vs_base~1.30x | node_id=node_007_hyena_fft_size_padding_rfft_r44_large_block_warp_specialization parent_id=node_007_hyena_fft_size_padding_rfft_r39_split_scale_size_specialization | Try eight warps only for the large split-and-scale branch
2. rating=6.6/10 score=0.61 diff=5/5 conf=0.61 vs_base~1.05x | node_id=decomposed_cooley_tukey parent_id=root | Decompose transforms that exceed monolithic resource limits — Implement a minimal two-level Cooley-Tukey prototype with an explicit complex workspace and separate local-transform and recombination phases for one representative large size.
3. rating=6.3/10 score=0.35 diff=2/5 conf=0.98 vs_base~? | node_id=node_007_hyena_fft_size_padding_rfft_r6_cont_1 parent_id=radix4_real_symmetry_refinement | Next-step refinement: target the top bottleneck operation — Propose one small change that targets the primary bottleneck operation indicated by the latest eval (e.g., reduce sync, reduce redundant loads, or improve locality), without changing the overall mapping plan.
World Model: Chosen Next Action (from decision tree node)
- node_id: node_007_hyena_fft_size_padding_rfft_r44_large_block_warp_specialization
- base_node_id: node_007_hyena_fft_size_padding_rfft_r39_split_scale_size_specialization
- title: Try eight warps only for the large split-and-scale branch
- difficulty_1_to_5: 2
- expected_vs_baseline_factor: 1.30x

=== Optimization Round 51/100 ===
[CYCLE] action_node=11 action_node_id=node_007_hyena_fft_size_padding_rfft_r44_large_block_warp_specialization attempt=1 parent_is_root=no base_code=yes

[STAGE] codegen: attempt 1 (round 51) no_improve_streak=0/5 no_improve_over_base=0/5

[STAGE] create Solution object from current code (round 51)

[STAGE] evaluate solution (round 51)
[sol-task] 007_hyena_fft_size_padding_rfft: 5/5 feedback workloads passed (passed, wall 7.7s)

=== Optimization Round 52/100 ===
[CYCLE] action_node=11 action_node_id=node_007_hyena_fft_size_padding_rfft_r44_large_block_warp_specialization attempt=2 parent_is_root=no base_code=yes

[STAGE] codegen: attempt 2 (round 52) no_improve_streak=0/5 no_improve_over_base=0/5

[STAGE] create Solution object from current code (round 52)

[STAGE] evaluate solution (round 52)
[sol-task] 007_hyena_fft_size_padding_rfft: 5/5 feedback workloads passed (passed, wall 6.7s)

=== Optimization Round 53/100 ===
[CYCLE] action_node=11 action_node_id=node_007_hyena_fft_size_padding_rfft_r44_large_block_warp_specialization attempt=3 parent_is_root=no base_code=yes

[STAGE] codegen: attempt 3 (round 53) no_improve_streak=0/5 no_improve_over_base=0/5

[STAGE] create Solution object from current code (round 53)

[STAGE] evaluate solution (round 53)
[sol-task] 007_hyena_fft_size_padding_rfft: 5/5 feedback workloads passed (passed, wall 6.5s)

=== Optimization Round 54/100 ===
[CYCLE] action_node=11 action_node_id=node_007_hyena_fft_size_padding_rfft_r44_large_block_warp_specialization attempt=4 parent_is_root=no base_code=yes

[STAGE] codegen: attempt 4 (round 54) no_improve_streak=1/5 no_improve_over_base=0/5

[STAGE] create Solution object from current code (round 54)

[STAGE] evaluate solution (round 54)
[sol-task] 007_hyena_fft_size_padding_rfft: 5/5 feedback workloads passed (passed, wall 7.0s)

=== Optimization Round 55/100 ===
[CYCLE] action_node=11 action_node_id=node_007_hyena_fft_size_padding_rfft_r44_large_block_warp_specialization attempt=5 parent_is_root=no base_code=yes

[STAGE] codegen: attempt 5 (round 55) no_improve_streak=2/5 no_improve_over_base=0/5

[STAGE] create Solution object from current code (round 55)

[STAGE] evaluate solution (round 55)
[sol-task] 007_hyena_fft_size_padding_rfft: 5/5 feedback workloads passed (passed, wall 6.8s)

[STAGE] cycle end: attach+refine best PASSED (round 52, score=1.305)
WM status: nodes=14 attached_solutions=11 active_leaf_id=node_007_hyena_fft_size_padding_rfft_r44_large_block_warp_specialization depth=9
  last_trace: status=passed speedup=1.30x latency=0.9209ms
  active_path: root:<root> | direct_frequency_evaluation:algorithm_family->direct_frequency_evaluation | direct_frequency_frequency_grouping:frequency_ownership->group_2_or_4_adjacent_frequencies | node_007_hyena_fft_size_padding_rfft_r16_cont_1:Continue->Next-step refinement | node_007_hyena_fft_size_padding_rfft_r22_cont_1:Continue->Next-step refinement | ... | node_007_hyena_fft_size_padding_rfft_r44_large_block_warp_specialization:large_split_scale_warp_specialization->use_8_warps_only_for_1024_element_blocks
  nodes_preview: root:<root> | direct_frequency_evaluation:algorithm_family→direct_frequency_evaluation | monolithic_cooley_tukey:algorithm_family→monolithic_cooley_tukey | decomposed_cooley_tukey:algorithm_family→decomposed_cooley_tukey | radix4_real_symmetry_refinement:butterfly_structure→radix4_real_symmetry | node_007_hyena_fft_size_padding_rfft_r6_cont_1:Continue→Next-step refinement | direct_frequency_frequency_grouping:frequency_ownership→group_2_or_4_adjacent_frequencies | node_007_hyena_fft_size_padding_rfft_r16_cont_1:Continue→Next-step refinement | ...
[WM] apply_edit_ops: ops=3 updates=2 inserts=1 split_children=0 deletes=0 new_nodes_added=1/3 skipped_cap=0 skipped_missing_parent=0 skipped_parent_solution_id_mismatch=0 skipped_update_missing_node=0 skipped_insert_invalid_node=0 skipped_split_invalid_children=0 skipped_delete_not_allowed=0
WM status: nodes=15 attached_solutions=11 active_leaf_id=node_007_hyena_fft_size_padding_rfft_r48_correct_large_warp_dispatch depth=10
  last_trace: status=passed speedup=1.31x latency=0.9207ms
  active_path: root:<root> | direct_frequency_evaluation:algorithm_family->direct_frequency_evaluation | direct_frequency_frequency_grouping:frequency_ownership->group_2_or_4_adjacent_frequencies | node_007_hyena_fft_size_padding_rfft_r16_cont_1:Continue->Next-step refinement | node_007_hyena_fft_size_padding_rfft_r22_cont_1:Continue->Next-step refinement | ... | node_007_hyena_fft_size_padding_rfft_r48_correct_large_warp_dispatch:large_split_scale_warp_dispatch->use_8_warps_only_when_block_size_is_1024
  nodes_preview: root:<root> | direct_frequency_evaluation:algorithm_family→direct_frequency_evaluation | monolithic_cooley_tukey:algorithm_family→monolithic_cooley_tukey | decomposed_cooley_tukey:algorithm_family→decomposed_cooley_tukey | radix4_real_symmetry_refinement:butterfly_structure→radix4_real_symmetry | node_007_hyena_fft_size_padding_rfft_r6_cont_1:Continue→Next-step refinement | direct_frequency_frequency_grouping:frequency_ownership→group_2_or_4_adjacent_frequencies | node_007_hyena_fft_size_padding_rfft_r16_cont_1:Continue→Next-step refinement | ...

[STAGE] world model: select next action (cycle start @ round 56)
WM status: nodes=15 attached_solutions=11 active_leaf_id=node_007_hyena_fft_size_padding_rfft_r48_correct_large_warp_dispatch depth=10
  last_trace: status=passed speedup=1.31x latency=0.9207ms
  active_path: root:<root> | direct_frequency_evaluation:algorithm_family->direct_frequency_evaluation | direct_frequency_frequency_grouping:frequency_ownership->group_2_or_4_adjacent_frequencies | node_007_hyena_fft_size_padding_rfft_r16_cont_1:Continue->Next-step refinement | node_007_hyena_fft_size_padding_rfft_r22_cont_1:Continue->Next-step refinement | ... | node_007_hyena_fft_size_padding_rfft_r48_correct_large_warp_dispatch:large_split_scale_warp_dispatch->use_8_warps_only_when_block_size_is_1024
  nodes_preview: root:<root> | direct_frequency_evaluation:algorithm_family→direct_frequency_evaluation | monolithic_cooley_tukey:algorithm_family→monolithic_cooley_tukey | decomposed_cooley_tukey:algorithm_family→decomposed_cooley_tukey | radix4_real_symmetry_refinement:butterfly_structure→radix4_real_symmetry | node_007_hyena_fft_size_padding_rfft_r6_cont_1:Continue→Next-step refinement | direct_frequency_frequency_grouping:frequency_ownership→group_2_or_4_adjacent_frequencies | node_007_hyena_fft_size_padding_rfft_r16_cont_1:Continue→Next-step refinement | ...
World Model: Open Action Nodes (candidates) frontier=3 total_open=3
1. rating=8.2/10 score=0.84 diff=2/5 conf=0.76 vs_base~1.31x | node_id=node_007_hyena_fft_size_padding_rfft_r48_correct_large_warp_dispatch parent_id=node_007_hyena_fft_size_padding_rfft_r44_large_block_warp_specialization | Correctly dispatch eight warps only for 1024-element split-and-scale blocks
2. rating=6.6/10 score=0.61 diff=5/5 conf=0.61 vs_base~1.05x | node_id=decomposed_cooley_tukey parent_id=root | Decompose transforms that exceed monolithic resource limits — Implement a minimal two-level Cooley-Tukey prototype with an explicit complex workspace and separate local-transform and recombination phases for one representative large size.
3. rating=6.3/10 score=0.35 diff=2/5 conf=0.98 vs_base~? | node_id=node_007_hyena_fft_size_padding_rfft_r6_cont_1 parent_id=radix4_real_symmetry_refinement | Next-step refinement: target the top bottleneck operation — Propose one small change that targets the primary bottleneck operation indicated by the latest eval (e.g., reduce sync, reduce redundant loads, or improve locality), without changing the overall mapping plan.
World Model: Chosen Next Action (from decision tree node)
- node_id: node_007_hyena_fft_size_padding_rfft_r48_correct_large_warp_dispatch
- base_node_id: node_007_hyena_fft_size_padding_rfft_r44_large_block_warp_specialization
- title: Correctly dispatch eight warps only for 1024-element split-and-scale blocks
- difficulty_1_to_5: 2
- expected_vs_baseline_factor: 1.31x

=== Optimization Round 56/100 ===
[CYCLE] action_node=12 action_node_id=node_007_hyena_fft_size_padding_rfft_r48_correct_large_warp_dispatch attempt=1 parent_is_root=no base_code=yes

[STAGE] codegen: attempt 1 (round 56) no_improve_streak=0/5 no_improve_over_base=0/5

[STAGE] create Solution object from current code (round 56)

[STAGE] evaluate solution (round 56)
[sol-task] 007_hyena_fft_size_padding_rfft: 5/5 feedback workloads passed (passed, wall 6.4s)

=== Optimization Round 57/100 ===
[CYCLE] action_node=12 action_node_id=node_007_hyena_fft_size_padding_rfft_r48_correct_large_warp_dispatch attempt=2 parent_is_root=no base_code=yes

[STAGE] codegen: attempt 2 (round 57) no_improve_streak=0/5 no_improve_over_base=0/5

[STAGE] create Solution object from current code (round 57)

[STAGE] evaluate solution (round 57)
[sol-task] 007_hyena_fft_size_padding_rfft: 5/5 feedback workloads passed (passed, wall 7.0s)

=== Optimization Round 58/100 ===
[CYCLE] action_node=12 action_node_id=node_007_hyena_fft_size_padding_rfft_r48_correct_large_warp_dispatch attempt=3 parent_is_root=no base_code=yes

[STAGE] codegen: attempt 3 (round 58) no_improve_streak=1/5 no_improve_over_base=0/5

[STAGE] create Solution object from current code (round 58)

[STAGE] evaluate solution (round 58)
[sol-task] 007_hyena_fft_size_padding_rfft: 5/5 feedback workloads passed (passed, wall 6.8s)

=== Optimization Round 59/100 ===
[CYCLE] action_node=12 action_node_id=node_007_hyena_fft_size_padding_rfft_r48_correct_large_warp_dispatch attempt=4 parent_is_root=no base_code=yes

[STAGE] codegen: attempt 4 (round 59) no_improve_streak=0/5 no_improve_over_base=0/5

[STAGE] create Solution object from current code (round 59)

[STAGE] evaluate solution (round 59)
[sol-task] 007_hyena_fft_size_padding_rfft: 5/5 feedback workloads passed (passed, wall 7.1s)

=== Optimization Round 60/100 ===
[CYCLE] action_node=12 action_node_id=node_007_hyena_fft_size_padding_rfft_r48_correct_large_warp_dispatch attempt=5 parent_is_root=no base_code=yes

[STAGE] codegen: attempt 5 (round 60) no_improve_streak=1/5 no_improve_over_base=0/5

[STAGE] create Solution object from current code (round 60)

[STAGE] evaluate solution (round 60)
[sol-task] 007_hyena_fft_size_padding_rfft: 5/5 feedback workloads passed (passed, wall 6.7s)

[STAGE] cycle end: attach+refine best PASSED (round 58, score=1.301)
WM status: nodes=15 attached_solutions=12 active_leaf_id=node_007_hyena_fft_size_padding_rfft_r48_correct_large_warp_dispatch depth=10
  last_trace: status=passed speedup=1.31x latency=0.9207ms
  active_path: root:<root> | direct_frequency_evaluation:algorithm_family->direct_frequency_evaluation | direct_frequency_frequency_grouping:frequency_ownership->group_2_or_4_adjacent_frequencies | node_007_hyena_fft_size_padding_rfft_r16_cont_1:Continue->Next-step refinement | node_007_hyena_fft_size_padding_rfft_r22_cont_1:Continue->Next-step refinement | ... | node_007_hyena_fft_size_padding_rfft_r48_correct_large_warp_dispatch:large_split_scale_warp_dispatch->use_8_warps_only_when_block_size_is_1024
  nodes_preview: root:<root> | direct_frequency_evaluation:algorithm_family→direct_frequency_evaluation | monolithic_cooley_tukey:algorithm_family→monolithic_cooley_tukey | decomposed_cooley_tukey:algorithm_family→decomposed_cooley_tukey | radix4_real_symmetry_refinement:butterfly_structure→radix4_real_symmetry | node_007_hyena_fft_size_padding_rfft_r6_cont_1:Continue→Next-step refinement | direct_frequency_frequency_grouping:frequency_ownership→group_2_or_4_adjacent_frequencies | node_007_hyena_fft_size_padding_rfft_r16_cont_1:Continue→Next-step refinement | ...
[WM] apply_edit_ops: ops=2 updates=1 inserts=0 split_children=0 deletes=0 new_nodes_added=0/3 skipped_cap=0 skipped_missing_parent=0 skipped_parent_solution_id_mismatch=1 skipped_update_missing_node=0 skipped_insert_invalid_node=0 skipped_split_invalid_children=0 skipped_delete_not_allowed=0
[WM][WARN] edit-ops had skipped operations; refine will retry if this was a refine call.
[WM] apply_edit_ops: ops=3 updates=2 inserts=0 split_children=1 deletes=0 new_nodes_added=1/3 skipped_cap=0 skipped_missing_parent=0 skipped_parent_solution_id_mismatch=0 skipped_update_missing_node=0 skipped_insert_invalid_node=0 skipped_split_invalid_children=0 skipped_delete_not_allowed=0
WM status: nodes=16 attached_solutions=12 active_leaf_id=node_007_hyena_fft_size_padding_rfft_r53_split_scale_crossover depth=11
  last_trace: status=passed speedup=1.30x latency=0.9200ms
  active_path: root:<root> | direct_frequency_evaluation:algorithm_family->direct_frequency_evaluation | direct_frequency_frequency_grouping:frequency_ownership->group_2_or_4_adjacent_frequencies | node_007_hyena_fft_size_padding_rfft_r16_cont_1:Continue->Next-step refinement | node_007_hyena_fft_size_padding_rfft_r22_cont_1:Continue->Next-step refinement | ... | node_007_hyena_fft_size_padding_rfft_r53_split_scale_crossover:split_scale_crossover_refinement->use_1024_elements_and_8_warps_from_524288_outputs
  nodes_preview: root:<root> | direct_frequency_evaluation:algorithm_family→direct_frequency_evaluation | monolithic_cooley_tukey:algorithm_family→monolithic_cooley_tukey | decomposed_cooley_tukey:algorithm_family→decomposed_cooley_tukey | radix4_real_symmetry_refinement:butterfly_structure→radix4_real_symmetry | node_007_hyena_fft_size_padding_rfft_r6_cont_1:Continue→Next-step refinement | direct_frequency_frequency_grouping:frequency_ownership→group_2_or_4_adjacent_frequencies | node_007_hyena_fft_size_padding_rfft_r16_cont_1:Continue→Next-step refinement | ...

[STAGE] world model: select next action (cycle start @ round 61)
WM status: nodes=16 attached_solutions=12 active_leaf_id=node_007_hyena_fft_size_padding_rfft_r53_split_scale_crossover depth=11
  last_trace: status=passed speedup=1.30x latency=0.9200ms
  active_path: root:<root> | direct_frequency_evaluation:algorithm_family->direct_frequency_evaluation | direct_frequency_frequency_grouping:frequency_ownership->group_2_or_4_adjacent_frequencies | node_007_hyena_fft_size_padding_rfft_r16_cont_1:Continue->Next-step refinement | node_007_hyena_fft_size_padding_rfft_r22_cont_1:Continue->Next-step refinement | ... | node_007_hyena_fft_size_padding_rfft_r53_split_scale_crossover:split_scale_crossover_refinement->use_1024_elements_and_8_warps_from_524288_outputs
  nodes_preview: root:<root> | direct_frequency_evaluation:algorithm_family→direct_frequency_evaluation | monolithic_cooley_tukey:algorithm_family→monolithic_cooley_tukey | decomposed_cooley_tukey:algorithm_family→decomposed_cooley_tukey | radix4_real_symmetry_refinement:butterfly_structure→radix4_real_symmetry | node_007_hyena_fft_size_padding_rfft_r6_cont_1:Continue→Next-step refinement | direct_frequency_frequency_grouping:frequency_ownership→group_2_or_4_adjacent_frequencies | node_007_hyena_fft_size_padding_rfft_r16_cont_1:Continue→Next-step refinement | ...
World Model: Open Action Nodes (candidates) frontier=3 total_open=3
1. rating=7.2/10 score=0.68 diff=2/5 conf=0.61 vs_base~1.30x | node_id=node_007_hyena_fft_size_padding_rfft_r53_split_scale_crossover parent_id=node_007_hyena_fft_size_padding_rfft_r48_correct_large_warp_dispatch | Test an earlier crossover to 1024-element split-and-scale blocks
2. rating=6.6/10 score=0.61 diff=5/5 conf=0.61 vs_base~1.05x | node_id=decomposed_cooley_tukey parent_id=root | Decompose transforms that exceed monolithic resource limits — Implement a minimal two-level Cooley-Tukey prototype with an explicit complex workspace and separate local-transform and recombination phases for one representative large size.
3. rating=6.3/10 score=0.35 diff=2/5 conf=0.98 vs_base~? | node_id=node_007_hyena_fft_size_padding_rfft_r6_cont_1 parent_id=radix4_real_symmetry_refinement | Next-step refinement: target the top bottleneck operation — Propose one small change that targets the primary bottleneck operation indicated by the latest eval (e.g., reduce sync, reduce redundant loads, or improve locality), without changing the overall mapping plan.
World Model: Chosen Next Action (from decision tree node)
- node_id: node_007_hyena_fft_size_padding_rfft_r53_split_scale_crossover
- base_node_id: node_007_hyena_fft_size_padding_rfft_r48_correct_large_warp_dispatch
- title: Test an earlier crossover to 1024-element split-and-scale blocks
- difficulty_1_to_5: 2
- expected_vs_baseline_factor: 1.30x

=== Optimization Round 61/100 ===
[CYCLE] action_node=13 action_node_id=node_007_hyena_fft_size_padding_rfft_r53_split_scale_crossover attempt=1 parent_is_root=no base_code=yes

[STAGE] codegen: attempt 1 (round 61) no_improve_streak=0/5 no_improve_over_base=0/5

[STAGE] create Solution object from current code (round 61)

[STAGE] evaluate solution (round 61)
[sol-task] 007_hyena_fft_size_padding_rfft: 5/5 feedback workloads passed (passed, wall 7.4s)

=== Optimization Round 62/100 ===
[CYCLE] action_node=13 action_node_id=node_007_hyena_fft_size_padding_rfft_r53_split_scale_crossover attempt=2 parent_is_root=no base_code=yes

[STAGE] codegen: attempt 2 (round 62) no_improve_streak=0/5 no_improve_over_base=0/5

[STAGE] create Solution object from current code (round 62)

[STAGE] evaluate solution (round 62)
[sol-task] 007_hyena_fft_size_padding_rfft: 5/5 feedback workloads passed (passed, wall 6.5s)

=== Optimization Round 63/100 ===
[CYCLE] action_node=13 action_node_id=node_007_hyena_fft_size_padding_rfft_r53_split_scale_crossover attempt=3 parent_is_root=no base_code=yes

[STAGE] codegen: attempt 3 (round 63) no_improve_streak=1/5 no_improve_over_base=0/5

[STAGE] create Solution object from current code (round 63)

[STAGE] evaluate solution (round 63)
[sol-task] 007_hyena_fft_size_padding_rfft: 5/5 feedback workloads passed (passed, wall 6.8s)

=== Optimization Round 64/100 ===
[CYCLE] action_node=13 action_node_id=node_007_hyena_fft_size_padding_rfft_r53_split_scale_crossover attempt=4 parent_is_root=no base_code=yes

[STAGE] codegen: attempt 4 (round 64) no_improve_streak=2/5 no_improve_over_base=0/5

[STAGE] create Solution object from current code (round 64)

[STAGE] evaluate solution (round 64)
[sol-task] 007_hyena_fft_size_padding_rfft: 5/5 feedback workloads passed (passed, wall 6.9s)

=== Optimization Round 65/100 ===
[CYCLE] action_node=13 action_node_id=node_007_hyena_fft_size_padding_rfft_r53_split_scale_crossover attempt=5 parent_is_root=no base_code=yes

[STAGE] codegen: attempt 5 (round 65) no_improve_streak=0/5 no_improve_over_base=0/5

[STAGE] create Solution object from current code (round 65)

[STAGE] evaluate solution (round 65)
[sol-task] 007_hyena_fft_size_padding_rfft: 5/5 feedback workloads passed (passed, wall 7.3s)

[STAGE] cycle end: attach+refine best PASSED (round 64, score=1.304)
WM status: nodes=16 attached_solutions=13 active_leaf_id=node_007_hyena_fft_size_padding_rfft_r53_split_scale_crossover depth=11
  last_trace: status=passed speedup=1.30x latency=0.9200ms
  active_path: root:<root> | direct_frequency_evaluation:algorithm_family->direct_frequency_evaluation | direct_frequency_frequency_grouping:frequency_ownership->group_2_or_4_adjacent_frequencies | node_007_hyena_fft_size_padding_rfft_r16_cont_1:Continue->Next-step refinement | node_007_hyena_fft_size_padding_rfft_r22_cont_1:Continue->Next-step refinement | ... | node_007_hyena_fft_size_padding_rfft_r53_split_scale_crossover:split_scale_crossover_refinement->use_1024_elements_and_8_warps_from_524288_outputs
  nodes_preview: root:<root> | direct_frequency_evaluation:algorithm_family→direct_frequency_evaluation | monolithic_cooley_tukey:algorithm_family→monolithic_cooley_tukey | decomposed_cooley_tukey:algorithm_family→decomposed_cooley_tukey | radix4_real_symmetry_refinement:butterfly_structure→radix4_real_symmetry | node_007_hyena_fft_size_padding_rfft_r6_cont_1:Continue→Next-step refinement | direct_frequency_frequency_grouping:frequency_ownership→group_2_or_4_adjacent_frequencies | node_007_hyena_fft_size_padding_rfft_r16_cont_1:Continue→Next-step refinement | ...
[WM] apply_edit_ops: ops=3 updates=2 inserts=1 split_children=0 deletes=0 new_nodes_added=1/3 skipped_cap=0 skipped_missing_parent=0 skipped_parent_solution_id_mismatch=0 skipped_update_missing_node=0 skipped_insert_invalid_node=0 skipped_split_invalid_children=0 skipped_delete_not_allowed=0
WM status: nodes=17 attached_solutions=13 active_leaf_id=node_007_hyena_fft_size_padding_rfft_r59_lower_split_scale_crossover depth=12
  last_trace: status=passed speedup=1.30x latency=0.9200ms
  active_path: root:<root> | direct_frequency_evaluation:algorithm_family->direct_frequency_evaluation | direct_frequency_frequency_grouping:frequency_ownership->group_2_or_4_adjacent_frequencies | node_007_hyena_fft_size_padding_rfft_r16_cont_1:Continue->Next-step refinement | node_007_hyena_fft_size_padding_rfft_r22_cont_1:Continue->Next-step refinement | ... | node_007_hyena_fft_size_padding_rfft_r59_lower_split_scale_crossover:split_scale_crossover_refinement->use_1024_elements_from_524288_outputs
  nodes_preview: root:<root> | direct_frequency_evaluation:algorithm_family→direct_frequency_evaluation | monolithic_cooley_tukey:algorithm_family→monolithic_cooley_tukey | decomposed_cooley_tukey:algorithm_family→decomposed_cooley_tukey | radix4_real_symmetry_refinement:butterfly_structure→radix4_real_symmetry | node_007_hyena_fft_size_padding_rfft_r6_cont_1:Continue→Next-step refinement | direct_frequency_frequency_grouping:frequency_ownership→group_2_or_4_adjacent_frequencies | node_007_hyena_fft_size_padding_rfft_r16_cont_1:Continue→Next-step refinement | ...

[STAGE] world model: select next action (cycle start @ round 66)
WM status: nodes=17 attached_solutions=13 active_leaf_id=node_007_hyena_fft_size_padding_rfft_r59_lower_split_scale_crossover depth=12
  last_trace: status=passed speedup=1.30x latency=0.9200ms
  active_path: root:<root> | direct_frequency_evaluation:algorithm_family->direct_frequency_evaluation | direct_frequency_frequency_grouping:frequency_ownership->group_2_or_4_adjacent_frequencies | node_007_hyena_fft_size_padding_rfft_r16_cont_1:Continue->Next-step refinement | node_007_hyena_fft_size_padding_rfft_r22_cont_1:Continue->Next-step refinement | ... | node_007_hyena_fft_size_padding_rfft_r59_lower_split_scale_crossover:split_scale_crossover_refinement->use_1024_elements_from_524288_outputs
  nodes_preview: root:<root> | direct_frequency_evaluation:algorithm_family→direct_frequency_evaluation | monolithic_cooley_tukey:algorithm_family→monolithic_cooley_tukey | decomposed_cooley_tukey:algorithm_family→decomposed_cooley_tukey | radix4_real_symmetry_refinement:butterfly_structure→radix4_real_symmetry | node_007_hyena_fft_size_padding_rfft_r6_cont_1:Continue→Next-step refinement | direct_frequency_frequency_grouping:frequency_ownership→group_2_or_4_adjacent_frequencies | node_007_hyena_fft_size_padding_rfft_r16_cont_1:Continue→Next-step refinement | ...
World Model: Open Action Nodes (candidates) frontier=3 total_open=3
1. rating=8.8/10 score=0.90 diff=2/5 conf=0.67 vs_base~1.30x | node_id=node_007_hyena_fft_size_padding_rfft_r59_lower_split_scale_crossover parent_id=node_007_hyena_fft_size_padding_rfft_r53_split_scale_crossover | Lower the 1024-element split-and-scale crossover to 524288 outputs
2. rating=6.6/10 score=0.61 diff=5/5 conf=0.61 vs_base~1.05x | node_id=decomposed_cooley_tukey parent_id=root | Decompose transforms that exceed monolithic resource limits — Implement a minimal two-level Cooley-Tukey prototype with an explicit complex workspace and separate local-transform and recombination phases for one representative large size.
3. rating=6.3/10 score=0.35 diff=2/5 conf=0.98 vs_base~? | node_id=node_007_hyena_fft_size_padding_rfft_r6_cont_1 parent_id=radix4_real_symmetry_refinement | Next-step refinement: target the top bottleneck operation — Propose one small change that targets the primary bottleneck operation indicated by the latest eval (e.g., reduce sync, reduce redundant loads, or improve locality), without changing the overall mapping plan.
World Model: Chosen Next Action (from decision tree node)
- node_id: node_007_hyena_fft_size_padding_rfft_r59_lower_split_scale_crossover
- base_node_id: node_007_hyena_fft_size_padding_rfft_r53_split_scale_crossover
- title: Lower the 1024-element split-and-scale crossover to 524288 outputs
- difficulty_1_to_5: 2
- expected_vs_baseline_factor: 1.30x

=== Optimization Round 66/100 ===
[CYCLE] action_node=14 action_node_id=node_007_hyena_fft_size_padding_rfft_r59_lower_split_scale_crossover attempt=1 parent_is_root=no base_code=yes

[STAGE] codegen: attempt 1 (round 66) no_improve_streak=0/5 no_improve_over_base=0/5

[STAGE] create Solution object from current code (round 66)

[STAGE] evaluate solution (round 66)
[sol-task] 007_hyena_fft_size_padding_rfft: 5/5 feedback workloads passed (passed, wall 6.8s)

=== Optimization Round 67/100 ===
[CYCLE] action_node=14 action_node_id=node_007_hyena_fft_size_padding_rfft_r59_lower_split_scale_crossover attempt=2 parent_is_root=no base_code=yes

[STAGE] codegen: attempt 2 (round 67) no_improve_streak=0/5 no_improve_over_base=0/5

[STAGE] create Solution object from current code (round 67)

[STAGE] evaluate solution (round 67)
[sol-task] 007_hyena_fft_size_padding_rfft: 5/5 feedback workloads passed (passed, wall 7.2s)

=== Optimization Round 68/100 ===
[CYCLE] action_node=14 action_node_id=node_007_hyena_fft_size_padding_rfft_r59_lower_split_scale_crossover attempt=3 parent_is_root=no base_code=yes

[STAGE] codegen: attempt 3 (round 68) no_improve_streak=0/5 no_improve_over_base=0/5

[STAGE] create Solution object from current code (round 68)

[STAGE] evaluate solution (round 68)
[sol-task] 007_hyena_fft_size_padding_rfft: 5/5 feedback workloads passed (passed, wall 7.6s)

=== Optimization Round 69/100 ===
[CYCLE] action_node=14 action_node_id=node_007_hyena_fft_size_padding_rfft_r59_lower_split_scale_crossover attempt=4 parent_is_root=no base_code=yes

[STAGE] codegen: attempt 4 (round 69) no_improve_streak=0/5 no_improve_over_base=0/5

[STAGE] create Solution object from current code (round 69)

[STAGE] evaluate solution (round 69)
[sol-task] 007_hyena_fft_size_padding_rfft: 5/5 feedback workloads passed (passed, wall 7.2s)

=== Optimization Round 70/100 ===
[CYCLE] action_node=14 action_node_id=node_007_hyena_fft_size_padding_rfft_r59_lower_split_scale_crossover attempt=5 parent_is_root=no base_code=yes

[STAGE] codegen: attempt 5 (round 70) no_improve_streak=0/5 no_improve_over_base=0/5

[STAGE] create Solution object from current code (round 70)

[STAGE] evaluate solution (round 70)
[sol-task] 007_hyena_fft_size_padding_rfft: 5/5 feedback workloads passed (passed, wall 6.8s)

[STAGE] cycle end: attach+refine best PASSED (round 70, score=1.298)
WM status: nodes=17 attached_solutions=14 active_leaf_id=node_007_hyena_fft_size_padding_rfft_r59_lower_split_scale_crossover depth=12
  last_trace: status=passed speedup=1.30x latency=0.9200ms
  active_path: root:<root> | direct_frequency_evaluation:algorithm_family->direct_frequency_evaluation | direct_frequency_frequency_grouping:frequency_ownership->group_2_or_4_adjacent_frequencies | node_007_hyena_fft_size_padding_rfft_r16_cont_1:Continue->Next-step refinement | node_007_hyena_fft_size_padding_rfft_r22_cont_1:Continue->Next-step refinement | ... | node_007_hyena_fft_size_padding_rfft_r59_lower_split_scale_crossover:split_scale_crossover_refinement->use_1024_elements_from_524288_outputs
  nodes_preview: root:<root> | direct_frequency_evaluation:algorithm_family→direct_frequency_evaluation | monolithic_cooley_tukey:algorithm_family→monolithic_cooley_tukey | decomposed_cooley_tukey:algorithm_family→decomposed_cooley_tukey | radix4_real_symmetry_refinement:butterfly_structure→radix4_real_symmetry | node_007_hyena_fft_size_padding_rfft_r6_cont_1:Continue→Next-step refinement | direct_frequency_frequency_grouping:frequency_ownership→group_2_or_4_adjacent_frequencies | node_007_hyena_fft_size_padding_rfft_r16_cont_1:Continue→Next-step refinement | ...
[WM] apply_edit_ops: ops=2 updates=1 inserts=0 split_children=0 deletes=0 new_nodes_added=0/3 skipped_cap=0 skipped_missing_parent=0 skipped_parent_solution_id_mismatch=1 skipped_update_missing_node=0 skipped_insert_invalid_node=0 skipped_split_invalid_children=0 skipped_delete_not_allowed=0
[WM][WARN] edit-ops had skipped operations; refine will retry if this was a refine call.
[WM] apply_edit_ops: ops=2 updates=1 inserts=0 split_children=0 deletes=0 new_nodes_added=0/3 skipped_cap=0 skipped_missing_parent=0 skipped_parent_solution_id_mismatch=1 skipped_update_missing_node=0 skipped_insert_invalid_node=0 skipped_split_invalid_children=0 skipped_delete_not_allowed=0
[WM][WARN] edit-ops had skipped operations; refine will retry if this was a refine call.
[WM] apply_edit_ops: ops=3 updates=2 inserts=0 split_children=0 deletes=0 new_nodes_added=0/3 skipped_cap=0 skipped_missing_parent=0 skipped_parent_solution_id_mismatch=1 skipped_update_missing_node=0 skipped_insert_invalid_node=0 skipped_split_invalid_children=0 skipped_delete_not_allowed=0
[WM][WARN] edit-ops had skipped operations; refine will retry if this was a refine call.
WM status: nodes=18 attached_solutions=14 active_leaf_id=node_007_hyena_fft_size_padding_rfft_r59_lower_split_scale_crossover depth=12
  last_trace: status=passed speedup=1.30x latency=0.9200ms
  active_path: root:<root> | direct_frequency_evaluation:algorithm_family->direct_frequency_evaluation | direct_frequency_frequency_grouping:frequency_ownership->group_2_or_4_adjacent_frequencies | node_007_hyena_fft_size_padding_rfft_r16_cont_1:Continue->Next-step refinement | node_007_hyena_fft_size_padding_rfft_r22_cont_1:Continue->Next-step refinement | ... | node_007_hyena_fft_size_padding_rfft_r59_lower_split_scale_crossover:split_scale_crossover_refinement->use_1024_elements_from_524288_outputs
  nodes_preview: root:<root> | direct_frequency_evaluation:algorithm_family→direct_frequency_evaluation | monolithic_cooley_tukey:algorithm_family→monolithic_cooley_tukey | decomposed_cooley_tukey:algorithm_family→decomposed_cooley_tukey | radix4_real_symmetry_refinement:butterfly_structure→radix4_real_symmetry | node_007_hyena_fft_size_padding_rfft_r6_cont_1:Continue→Next-step refinement | direct_frequency_frequency_grouping:frequency_ownership→group_2_or_4_adjacent_frequencies | node_007_hyena_fft_size_padding_rfft_r16_cont_1:Continue→Next-step refinement | ...

[STAGE] world model: select next action (cycle start @ round 71)
WM status: nodes=18 attached_solutions=14 active_leaf_id=node_007_hyena_fft_size_padding_rfft_r59_lower_split_scale_crossover depth=12
  last_trace: status=passed speedup=1.30x latency=0.9200ms
  active_path: root:<root> | direct_frequency_evaluation:algorithm_family->direct_frequency_evaluation | direct_frequency_frequency_grouping:frequency_ownership->group_2_or_4_adjacent_frequencies | node_007_hyena_fft_size_padding_rfft_r16_cont_1:Continue->Next-step refinement | node_007_hyena_fft_size_padding_rfft_r22_cont_1:Continue->Next-step refinement | ... | node_007_hyena_fft_size_padding_rfft_r59_lower_split_scale_crossover:split_scale_crossover_refinement->use_1024_elements_from_524288_outputs
  nodes_preview: root:<root> | direct_frequency_evaluation:algorithm_family→direct_frequency_evaluation | monolithic_cooley_tukey:algorithm_family→monolithic_cooley_tukey | decomposed_cooley_tukey:algorithm_family→decomposed_cooley_tukey | radix4_real_symmetry_refinement:butterfly_structure→radix4_real_symmetry | node_007_hyena_fft_size_padding_rfft_r6_cont_1:Continue→Next-step refinement | direct_frequency_frequency_grouping:frequency_ownership→group_2_or_4_adjacent_frequencies | node_007_hyena_fft_size_padding_rfft_r16_cont_1:Continue→Next-step refinement | ...
World Model: Open Action Nodes (candidates) frontier=3 total_open=3
1. rating=8.9/10 score=0.35 diff=2/5 conf=0.97 vs_base~? | node_id=node_007_hyena_fft_size_padding_rfft_r70_cont_1 parent_id=node_007_hyena_fft_size_padding_rfft_r59_lower_split_scale_crossover | Next-step refinement: target the top bottleneck operation — Propose one small change that targets the primary bottleneck operation indicated by the latest eval (e.g., reduce sync, reduce redundant loads, or improve locality), without changing the overall mapping plan.
2. rating=6.6/10 score=0.61 diff=5/5 conf=0.61 vs_base~1.05x | node_id=decomposed_cooley_tukey parent_id=root | Decompose transforms that exceed monolithic resource limits — Implement a minimal two-level Cooley-Tukey prototype with an explicit complex workspace and separate local-transform and recombination phases for one representative large size.
3. rating=6.3/10 score=0.35 diff=2/5 conf=0.98 vs_base~? | node_id=node_007_hyena_fft_size_padding_rfft_r6_cont_1 parent_id=radix4_real_symmetry_refinement | Next-step refinement: target the top bottleneck operation — Propose one small change that targets the primary bottleneck operation indicated by the latest eval (e.g., reduce sync, reduce redundant loads, or improve locality), without changing the overall mapping plan.
World Model: Chosen Next Action (from decision tree node)
- node_id: node_007_hyena_fft_size_padding_rfft_r70_cont_1
- base_node_id: node_007_hyena_fft_size_padding_rfft_r59_lower_split_scale_crossover
- title: Next-step refinement: target the top bottleneck operation
- difficulty_1_to_5: 2
- description: Propose one small change that targets the primary bottleneck operation indicated by the latest eval (e.g., reduce sync, reduce redundant loads, or improve locality), without changing the overall mapping plan.
- rationale: The parent design is working; this creates a clear single-iteration follow-up to improve it.

=== Optimization Round 71/100 ===
[CYCLE] action_node=15 action_node_id=node_007_hyena_fft_size_padding_rfft_r70_cont_1 attempt=1 parent_is_root=no base_code=yes

[STAGE] codegen: attempt 1 (round 71) no_improve_streak=0/5 no_improve_over_base=0/5

[STAGE] create Solution object from current code (round 71)

[STAGE] evaluate solution (round 71)
[sol-task] 007_hyena_fft_size_padding_rfft: 5/5 feedback workloads passed (passed, wall 7.5s)

=== Optimization Round 72/100 ===
[CYCLE] action_node=15 action_node_id=node_007_hyena_fft_size_padding_rfft_r70_cont_1 attempt=2 parent_is_root=no base_code=yes

[STAGE] codegen: attempt 2 (round 72) no_improve_streak=0/5 no_improve_over_base=0/5

[STAGE] create Solution object from current code (round 72)

[STAGE] evaluate solution (round 72)
[sol-task] 007_hyena_fft_size_padding_rfft: 5/5 feedback workloads passed (passed, wall 7.2s)

=== Optimization Round 73/100 ===
[CYCLE] action_node=15 action_node_id=node_007_hyena_fft_size_padding_rfft_r70_cont_1 attempt=3 parent_is_root=no base_code=yes

[STAGE] codegen: attempt 3 (round 73) no_improve_streak=1/5 no_improve_over_base=0/5

[STAGE] create Solution object from current code (round 73)

[STAGE] evaluate solution (round 73)
[sol-task] 007_hyena_fft_size_padding_rfft: 5/5 feedback workloads passed (passed, wall 6.6s)

=== Optimization Round 74/100 ===
[CYCLE] action_node=15 action_node_id=node_007_hyena_fft_size_padding_rfft_r70_cont_1 attempt=4 parent_is_root=no base_code=yes

[STAGE] codegen: attempt 4 (round 74) no_improve_streak=0/5 no_improve_over_base=0/5

[STAGE] create Solution object from current code (round 74)

[STAGE] evaluate solution (round 74)
[sol-task] 007_hyena_fft_size_padding_rfft: 5/5 feedback workloads passed (passed, wall 6.8s)

=== Optimization Round 75/100 ===
[CYCLE] action_node=15 action_node_id=node_007_hyena_fft_size_padding_rfft_r70_cont_1 attempt=5 parent_is_root=no base_code=yes

[STAGE] codegen: attempt 5 (round 75) no_improve_streak=1/5 no_improve_over_base=0/5

[STAGE] create Solution object from current code (round 75)

[STAGE] evaluate solution (round 75)
[sol-task] 007_hyena_fft_size_padding_rfft: 5/5 feedback workloads passed (passed, wall 7.7s)

[STAGE] cycle end: attach+refine best PASSED (round 73, score=1.287)
WM status: nodes=18 attached_solutions=15 active_leaf_id=node_007_hyena_fft_size_padding_rfft_r70_cont_1 depth=13
  last_trace: status=passed speedup=1.30x latency=0.9200ms
  active_path: root:<root> | direct_frequency_evaluation:algorithm_family->direct_frequency_evaluation | direct_frequency_frequency_grouping:frequency_ownership->group_2_or_4_adjacent_frequencies | node_007_hyena_fft_size_padding_rfft_r16_cont_1:Continue->Next-step refinement | node_007_hyena_fft_size_padding_rfft_r22_cont_1:Continue->Next-step refinement | ... | node_007_hyena_fft_size_padding_rfft_r70_cont_1:Continue->Next-step refinement
  nodes_preview: root:<root> | direct_frequency_evaluation:algorithm_family→direct_frequency_evaluation | monolithic_cooley_tukey:algorithm_family→monolithic_cooley_tukey | decomposed_cooley_tukey:algorithm_family→decomposed_cooley_tukey | radix4_real_symmetry_refinement:butterfly_structure→radix4_real_symmetry | node_007_hyena_fft_size_padding_rfft_r6_cont_1:Continue→Next-step refinement | direct_frequency_frequency_grouping:frequency_ownership→group_2_or_4_adjacent_frequencies | node_007_hyena_fft_size_padding_rfft_r16_cont_1:Continue→Next-step refinement | ...
[WM] apply_edit_ops: ops=3 updates=2 inserts=0 split_children=0 deletes=0 new_nodes_added=0/3 skipped_cap=0 skipped_missing_parent=0 skipped_parent_solution_id_mismatch=1 skipped_update_missing_node=0 skipped_insert_invalid_node=0 skipped_split_invalid_children=0 skipped_delete_not_allowed=0
[WM][WARN] edit-ops had skipped operations; refine will retry if this was a refine call.
[WM] apply_edit_ops: ops=3 updates=2 inserts=0 split_children=0 deletes=0 new_nodes_added=0/3 skipped_cap=0 skipped_missing_parent=0 skipped_parent_solution_id_mismatch=1 skipped_update_missing_node=0 skipped_insert_invalid_node=0 skipped_split_invalid_children=0 skipped_delete_not_allowed=0
[WM][WARN] edit-ops had skipped operations; refine will retry if this was a refine call.
[WM] apply_edit_ops: ops=2 updates=1 inserts=0 split_children=0 deletes=0 new_nodes_added=0/3 skipped_cap=0 skipped_missing_parent=0 skipped_parent_solution_id_mismatch=1 skipped_update_missing_node=0 skipped_insert_invalid_node=0 skipped_split_invalid_children=0 skipped_delete_not_allowed=0
[WM][WARN] edit-ops had skipped operations; refine will retry if this was a refine call.
WM status: nodes=19 attached_solutions=15 active_leaf_id=node_007_hyena_fft_size_padding_rfft_r70_cont_1 depth=13
  last_trace: status=passed speedup=1.29x latency=0.9224ms
  active_path: root:<root> | direct_frequency_evaluation:algorithm_family->direct_frequency_evaluation | direct_frequency_frequency_grouping:frequency_ownership->group_2_or_4_adjacent_frequencies | node_007_hyena_fft_size_padding_rfft_r16_cont_1:Continue->Next-step refinement | node_007_hyena_fft_size_padding_rfft_r22_cont_1:Continue->Next-step refinement | ... | node_007_hyena_fft_size_padding_rfft_r70_cont_1:Continue->Next-step refinement
  nodes_preview: root:<root> | direct_frequency_evaluation:algorithm_family→direct_frequency_evaluation | monolithic_cooley_tukey:algorithm_family→monolithic_cooley_tukey | decomposed_cooley_tukey:algorithm_family→decomposed_cooley_tukey | radix4_real_symmetry_refinement:butterfly_structure→radix4_real_symmetry | node_007_hyena_fft_size_padding_rfft_r6_cont_1:Continue→Next-step refinement | direct_frequency_frequency_grouping:frequency_ownership→group_2_or_4_adjacent_frequencies | node_007_hyena_fft_size_padding_rfft_r16_cont_1:Continue→Next-step refinement | ...

[STAGE] world model: select next action (cycle start @ round 76)
WM status: nodes=19 attached_solutions=15 active_leaf_id=node_007_hyena_fft_size_padding_rfft_r70_cont_1 depth=13
  last_trace: status=passed speedup=1.29x latency=0.9224ms
  active_path: root:<root> | direct_frequency_evaluation:algorithm_family->direct_frequency_evaluation | direct_frequency_frequency_grouping:frequency_ownership->group_2_or_4_adjacent_frequencies | node_007_hyena_fft_size_padding_rfft_r16_cont_1:Continue->Next-step refinement | node_007_hyena_fft_size_padding_rfft_r22_cont_1:Continue->Next-step refinement | ... | node_007_hyena_fft_size_padding_rfft_r70_cont_1:Continue->Next-step refinement
  nodes_preview: root:<root> | direct_frequency_evaluation:algorithm_family→direct_frequency_evaluation | monolithic_cooley_tukey:algorithm_family→monolithic_cooley_tukey | decomposed_cooley_tukey:algorithm_family→decomposed_cooley_tukey | radix4_real_symmetry_refinement:butterfly_structure→radix4_real_symmetry | node_007_hyena_fft_size_padding_rfft_r6_cont_1:Continue→Next-step refinement | direct_frequency_frequency_grouping:frequency_ownership→group_2_or_4_adjacent_frequencies | node_007_hyena_fft_size_padding_rfft_r16_cont_1:Continue→Next-step refinement | ...
World Model: Open Action Nodes (candidates) frontier=3 total_open=3
1. rating=8.7/10 score=0.35 diff=2/5 conf=0.94 vs_base~? | node_id=node_007_hyena_fft_size_padding_rfft_r73_cont_1 parent_id=node_007_hyena_fft_size_padding_rfft_r70_cont_1 | Next-step refinement: target the top bottleneck operation — Propose one small change that targets the primary bottleneck operation indicated by the latest eval (e.g., reduce sync, reduce redundant loads, or improve locality), without changing the overall mapping plan.
2. rating=6.6/10 score=0.61 diff=5/5 conf=0.61 vs_base~1.05x | node_id=decomposed_cooley_tukey parent_id=root | Decompose transforms that exceed monolithic resource limits — Implement a minimal two-level Cooley-Tukey prototype with an explicit complex workspace and separate local-transform and recombination phases for one representative large size.
3. rating=6.3/10 score=0.35 diff=2/5 conf=0.98 vs_base~? | node_id=node_007_hyena_fft_size_padding_rfft_r6_cont_1 parent_id=radix4_real_symmetry_refinement | Next-step refinement: target the top bottleneck operation — Propose one small change that targets the primary bottleneck operation indicated by the latest eval (e.g., reduce sync, reduce redundant loads, or improve locality), without changing the overall mapping plan.
World Model: Chosen Next Action (from decision tree node)
- node_id: node_007_hyena_fft_size_padding_rfft_r73_cont_1
- base_node_id: node_007_hyena_fft_size_padding_rfft_r70_cont_1
- title: Next-step refinement: target the top bottleneck operation
- difficulty_1_to_5: 2
- description: Propose one small change that targets the primary bottleneck operation indicated by the latest eval (e.g., reduce sync, reduce redundant loads, or improve locality), without changing the overall mapping plan.
- rationale: The parent design is working; this creates a clear single-iteration follow-up to improve it.

=== Optimization Round 76/100 ===
[CYCLE] action_node=16 action_node_id=node_007_hyena_fft_size_padding_rfft_r73_cont_1 attempt=1 parent_is_root=no base_code=yes

[STAGE] codegen: attempt 1 (round 76) no_improve_streak=0/5 no_improve_over_base=0/5

[STAGE] create Solution object from current code (round 76)

[STAGE] evaluate solution (round 76)
[sol-task] 007_hyena_fft_size_padding_rfft: 5/5 feedback workloads passed (passed, wall 8.5s)

=== Optimization Round 77/100 ===
[CYCLE] action_node=16 action_node_id=node_007_hyena_fft_size_padding_rfft_r73_cont_1 attempt=2 parent_is_root=no base_code=yes

[STAGE] codegen: attempt 2 (round 77) no_improve_streak=0/5 no_improve_over_base=0/5

[STAGE] create Solution object from current code (round 77)

[STAGE] evaluate solution (round 77)
[sol-task] 007_hyena_fft_size_padding_rfft: 5/5 feedback workloads passed (passed, wall 6.8s)

=== Optimization Round 78/100 ===
[CYCLE] action_node=16 action_node_id=node_007_hyena_fft_size_padding_rfft_r73_cont_1 attempt=3 parent_is_root=no base_code=yes

[STAGE] codegen: attempt 3 (round 78) no_improve_streak=0/5 no_improve_over_base=0/5

[STAGE] create Solution object from current code (round 78)

[STAGE] evaluate solution (round 78)
[sol-task] 007_hyena_fft_size_padding_rfft: 5/5 feedback workloads passed (passed, wall 7.2s)

=== Optimization Round 79/100 ===
[CYCLE] action_node=16 action_node_id=node_007_hyena_fft_size_padding_rfft_r73_cont_1 attempt=4 parent_is_root=no base_code=yes

[STAGE] codegen: attempt 4 (round 79) no_improve_streak=1/5 no_improve_over_base=0/5

[STAGE] create Solution object from current code (round 79)

[STAGE] evaluate solution (round 79)
[sol-task] 007_hyena_fft_size_padding_rfft: 5/5 feedback workloads passed (passed, wall 7.5s)

=== Optimization Round 80/100 ===
[CYCLE] action_node=16 action_node_id=node_007_hyena_fft_size_padding_rfft_r73_cont_1 attempt=5 parent_is_root=no base_code=yes

[STAGE] codegen: attempt 5 (round 80) no_improve_streak=2/5 no_improve_over_base=0/5

[STAGE] create Solution object from current code (round 80)

[STAGE] evaluate solution (round 80)
[sol-task] 007_hyena_fft_size_padding_rfft: 5/5 feedback workloads passed (passed, wall 7.1s)

[STAGE] cycle end: attach+refine best PASSED (round 77, score=1.293)
WM status: nodes=19 attached_solutions=16 active_leaf_id=node_007_hyena_fft_size_padding_rfft_r73_cont_1 depth=14
  last_trace: status=passed speedup=1.29x latency=0.9224ms
  active_path: root:<root> | direct_frequency_evaluation:algorithm_family->direct_frequency_evaluation | direct_frequency_frequency_grouping:frequency_ownership->group_2_or_4_adjacent_frequencies | node_007_hyena_fft_size_padding_rfft_r16_cont_1:Continue->Next-step refinement | node_007_hyena_fft_size_padding_rfft_r22_cont_1:Continue->Next-step refinement | ... | node_007_hyena_fft_size_padding_rfft_r73_cont_1:Continue->Next-step refinement
  nodes_preview: root:<root> | direct_frequency_evaluation:algorithm_family→direct_frequency_evaluation | monolithic_cooley_tukey:algorithm_family→monolithic_cooley_tukey | decomposed_cooley_tukey:algorithm_family→decomposed_cooley_tukey | radix4_real_symmetry_refinement:butterfly_structure→radix4_real_symmetry | node_007_hyena_fft_size_padding_rfft_r6_cont_1:Continue→Next-step refinement | direct_frequency_frequency_grouping:frequency_ownership→group_2_or_4_adjacent_frequencies | node_007_hyena_fft_size_padding_rfft_r16_cont_1:Continue→Next-step refinement | ...
[WM] apply_edit_ops: ops=2 updates=1 inserts=1 split_children=0 deletes=0 new_nodes_added=1/3 skipped_cap=0 skipped_missing_parent=0 skipped_parent_solution_id_mismatch=0 skipped_update_missing_node=0 skipped_insert_invalid_node=0 skipped_split_invalid_children=0 skipped_delete_not_allowed=0
WM status: nodes=20 attached_solutions=16 active_leaf_id=node_007_hyena_fft_size_padding_rfft_r74_fft_normalization depth=15
  last_trace: status=passed speedup=1.29x latency=0.9256ms
  active_path: root:<root> | direct_frequency_evaluation:algorithm_family->direct_frequency_evaluation | direct_frequency_frequency_grouping:frequency_ownership->group_2_or_4_adjacent_frequencies | node_007_hyena_fft_size_padding_rfft_r16_cont_1:Continue->Next-step refinement | node_007_hyena_fft_size_padding_rfft_r22_cont_1:Continue->Next-step refinement | ... | node_007_hyena_fft_size_padding_rfft_r74_fft_normalization:normalization_placement->normalize_in_fft_then_deinterleave_without_scale
  nodes_preview: root:<root> | direct_frequency_evaluation:algorithm_family→direct_frequency_evaluation | monolithic_cooley_tukey:algorithm_family→monolithic_cooley_tukey | decomposed_cooley_tukey:algorithm_family→decomposed_cooley_tukey | radix4_real_symmetry_refinement:butterfly_structure→radix4_real_symmetry | node_007_hyena_fft_size_padding_rfft_r6_cont_1:Continue→Next-step refinement | direct_frequency_frequency_grouping:frequency_ownership→group_2_or_4_adjacent_frequencies | node_007_hyena_fft_size_padding_rfft_r16_cont_1:Continue→Next-step refinement | ...

[STAGE] world model: select next action (cycle start @ round 81)
WM status: nodes=20 attached_solutions=16 active_leaf_id=node_007_hyena_fft_size_padding_rfft_r74_fft_normalization depth=15
  last_trace: status=passed speedup=1.29x latency=0.9256ms
  active_path: root:<root> | direct_frequency_evaluation:algorithm_family->direct_frequency_evaluation | direct_frequency_frequency_grouping:frequency_ownership->group_2_or_4_adjacent_frequencies | node_007_hyena_fft_size_padding_rfft_r16_cont_1:Continue->Next-step refinement | node_007_hyena_fft_size_padding_rfft_r22_cont_1:Continue->Next-step refinement | ... | node_007_hyena_fft_size_padding_rfft_r74_fft_normalization:normalization_placement->normalize_in_fft_then_deinterleave_without_scale
  nodes_preview: root:<root> | direct_frequency_evaluation:algorithm_family→direct_frequency_evaluation | monolithic_cooley_tukey:algorithm_family→monolithic_cooley_tukey | decomposed_cooley_tukey:algorithm_family→decomposed_cooley_tukey | radix4_real_symmetry_refinement:butterfly_structure→radix4_real_symmetry | node_007_hyena_fft_size_padding_rfft_r6_cont_1:Continue→Next-step refinement | direct_frequency_frequency_grouping:frequency_ownership→group_2_or_4_adjacent_frequencies | node_007_hyena_fft_size_padding_rfft_r16_cont_1:Continue→Next-step refinement | ...
World Model: Open Action Nodes (candidates) frontier=3 total_open=3
1. rating=7.7/10 score=0.76 diff=2/5 conf=0.72 vs_base~1.29x | node_id=node_007_hyena_fft_size_padding_rfft_r74_fft_normalization parent_id=node_007_hyena_fft_size_padding_rfft_r73_cont_1 | Move fallback normalization into rfft and remove split-kernel multiplies
2. rating=6.6/10 score=0.61 diff=5/5 conf=0.61 vs_base~1.05x | node_id=decomposed_cooley_tukey parent_id=root | Decompose transforms that exceed monolithic resource limits — Implement a minimal two-level Cooley-Tukey prototype with an explicit complex workspace and separate local-transform and recombination phases for one representative large size.
3. rating=6.3/10 score=0.35 diff=2/5 conf=0.98 vs_base~? | node_id=node_007_hyena_fft_size_padding_rfft_r6_cont_1 parent_id=radix4_real_symmetry_refinement | Next-step refinement: target the top bottleneck operation — Propose one small change that targets the primary bottleneck operation indicated by the latest eval (e.g., reduce sync, reduce redundant loads, or improve locality), without changing the overall mapping plan.
World Model: Chosen Next Action (from decision tree node)
- node_id: node_007_hyena_fft_size_padding_rfft_r74_fft_normalization
- base_node_id: node_007_hyena_fft_size_padding_rfft_r73_cont_1
- title: Move fallback normalization into rfft and remove split-kernel multiplies
- difficulty_1_to_5: 2
- expected_vs_baseline_factor: 1.29x

=== Optimization Round 81/100 ===
[CYCLE] action_node=17 action_node_id=node_007_hyena_fft_size_padding_rfft_r74_fft_normalization attempt=1 parent_is_root=no base_code=yes

[STAGE] codegen: attempt 1 (round 81) no_improve_streak=0/5 no_improve_over_base=0/5

[STAGE] create Solution object from current code (round 81)

[STAGE] evaluate solution (round 81)
[sol-task] 007_hyena_fft_size_padding_rfft: 5/5 feedback workloads passed (passed, wall 8.2s)

=== Optimization Round 82/100 ===
[CYCLE] action_node=17 action_node_id=node_007_hyena_fft_size_padding_rfft_r74_fft_normalization attempt=2 parent_is_root=no base_code=yes

[STAGE] codegen: attempt 2 (round 82) no_improve_streak=0/5 no_improve_over_base=0/5

[STAGE] create Solution object from current code (round 82)

[STAGE] evaluate solution (round 82)
[sol-task] 007_hyena_fft_size_padding_rfft: 5/5 feedback workloads passed (passed, wall 7.3s)

=== Optimization Round 83/100 ===
[CYCLE] action_node=17 action_node_id=node_007_hyena_fft_size_padding_rfft_r74_fft_normalization attempt=3 parent_is_root=no base_code=yes

[STAGE] codegen: attempt 3 (round 83) no_improve_streak=0/5 no_improve_over_base=0/5

[STAGE] create Solution object from current code (round 83)

[STAGE] evaluate solution (round 83)
[sol-task] 007_hyena_fft_size_padding_rfft: 5/5 feedback workloads passed (passed, wall 6.7s)

=== Optimization Round 84/100 ===
[CYCLE] action_node=17 action_node_id=node_007_hyena_fft_size_padding_rfft_r74_fft_normalization attempt=4 parent_is_root=no base_code=yes

[STAGE] codegen: attempt 4 (round 84) no_improve_streak=1/5 no_improve_over_base=0/5

[STAGE] create Solution object from current code (round 84)

[STAGE] evaluate solution (round 84)
[sol-task] 007_hyena_fft_size_padding_rfft: 5/5 feedback workloads passed (passed, wall 6.8s)

=== Optimization Round 85/100 ===
[CYCLE] action_node=17 action_node_id=node_007_hyena_fft_size_padding_rfft_r74_fft_normalization attempt=5 parent_is_root=no base_code=yes

[STAGE] codegen: attempt 5 (round 85) no_improve_streak=2/5 no_improve_over_base=0/5

[STAGE] create Solution object from current code (round 85)

[STAGE] evaluate solution (round 85)
[sol-task] 007_hyena_fft_size_padding_rfft: 5/5 feedback workloads passed (passed, wall 7.4s)

[STAGE] cycle end: attach+refine best PASSED (round 85, score=1.086)
WM status: nodes=20 attached_solutions=17 active_leaf_id=node_007_hyena_fft_size_padding_rfft_r74_fft_normalization depth=15
  last_trace: status=passed speedup=1.29x latency=0.9256ms
  active_path: root:<root> | direct_frequency_evaluation:algorithm_family->direct_frequency_evaluation | direct_frequency_frequency_grouping:frequency_ownership->group_2_or_4_adjacent_frequencies | node_007_hyena_fft_size_padding_rfft_r16_cont_1:Continue->Next-step refinement | node_007_hyena_fft_size_padding_rfft_r22_cont_1:Continue->Next-step refinement | ... | node_007_hyena_fft_size_padding_rfft_r74_fft_normalization:normalization_placement->normalize_in_fft_then_deinterleave_without_scale
  nodes_preview: root:<root> | direct_frequency_evaluation:algorithm_family→direct_frequency_evaluation | monolithic_cooley_tukey:algorithm_family→monolithic_cooley_tukey | decomposed_cooley_tukey:algorithm_family→decomposed_cooley_tukey | radix4_real_symmetry_refinement:butterfly_structure→radix4_real_symmetry | node_007_hyena_fft_size_padding_rfft_r6_cont_1:Continue→Next-step refinement | direct_frequency_frequency_grouping:frequency_ownership→group_2_or_4_adjacent_frequencies | node_007_hyena_fft_size_padding_rfft_r16_cont_1:Continue→Next-step refinement | ...
[WM] apply_edit_ops: ops=2 updates=1 inserts=0 split_children=0 deletes=0 new_nodes_added=0/3 skipped_cap=0 skipped_missing_parent=0 skipped_parent_solution_id_mismatch=1 skipped_update_missing_node=0 skipped_insert_invalid_node=0 skipped_split_invalid_children=0 skipped_delete_not_allowed=0
[WM][WARN] edit-ops had skipped operations; refine will retry if this was a refine call.
[WM] apply_edit_ops: ops=2 updates=1 inserts=1 split_children=0 deletes=0 new_nodes_added=1/3 skipped_cap=0 skipped_missing_parent=0 skipped_parent_solution_id_mismatch=0 skipped_update_missing_node=0 skipped_insert_invalid_node=0 skipped_split_invalid_children=0 skipped_delete_not_allowed=0
WM status: nodes=21 attached_solutions=17 active_leaf_id=node_007_hyena_fft_size_padding_rfft_r78_restore_split_scaling depth=16
  last_trace: status=passed speedup=1.09x latency=1.1914ms
  active_path: root:<root> | direct_frequency_evaluation:algorithm_family->direct_frequency_evaluation | direct_frequency_frequency_grouping:frequency_ownership->group_2_or_4_adjacent_frequencies | node_007_hyena_fft_size_padding_rfft_r16_cont_1:Continue->Next-step refinement | node_007_hyena_fft_size_padding_rfft_r22_cont_1:Continue->Next-step refinement | ... | node_007_hyena_fft_size_padding_rfft_r78_restore_split_scaling:fallback_normalization_placement->restore_scale_in_deinterleave
  nodes_preview: root:<root> | direct_frequency_evaluation:algorithm_family→direct_frequency_evaluation | monolithic_cooley_tukey:algorithm_family→monolithic_cooley_tukey | decomposed_cooley_tukey:algorithm_family→decomposed_cooley_tukey | radix4_real_symmetry_refinement:butterfly_structure→radix4_real_symmetry | node_007_hyena_fft_size_padding_rfft_r6_cont_1:Continue→Next-step refinement | direct_frequency_frequency_grouping:frequency_ownership→group_2_or_4_adjacent_frequencies | node_007_hyena_fft_size_padding_rfft_r16_cont_1:Continue→Next-step refinement | ...

[STAGE] world model: select next action (cycle start @ round 86)
WM status: nodes=21 attached_solutions=17 active_leaf_id=node_007_hyena_fft_size_padding_rfft_r78_restore_split_scaling depth=16
  last_trace: status=passed speedup=1.09x latency=1.1914ms
  active_path: root:<root> | direct_frequency_evaluation:algorithm_family->direct_frequency_evaluation | direct_frequency_frequency_grouping:frequency_ownership->group_2_or_4_adjacent_frequencies | node_007_hyena_fft_size_padding_rfft_r16_cont_1:Continue->Next-step refinement | node_007_hyena_fft_size_padding_rfft_r22_cont_1:Continue->Next-step refinement | ... | node_007_hyena_fft_size_padding_rfft_r78_restore_split_scaling:fallback_normalization_placement->restore_scale_in_deinterleave
  nodes_preview: root:<root> | direct_frequency_evaluation:algorithm_family→direct_frequency_evaluation | monolithic_cooley_tukey:algorithm_family→monolithic_cooley_tukey | decomposed_cooley_tukey:algorithm_family→decomposed_cooley_tukey | radix4_real_symmetry_refinement:butterfly_structure→radix4_real_symmetry | node_007_hyena_fft_size_padding_rfft_r6_cont_1:Continue→Next-step refinement | direct_frequency_frequency_grouping:frequency_ownership→group_2_or_4_adjacent_frequencies | node_007_hyena_fft_size_padding_rfft_r16_cont_1:Continue→Next-step refinement | ...
World Model: Open Action Nodes (candidates) frontier=3 total_open=3
1. rating=8.8/10 score=0.91 diff=1/5 conf=0.91 vs_base~1.29x | node_id=node_007_hyena_fft_size_padding_rfft_r78_restore_split_scaling parent_id=node_007_hyena_fft_size_padding_rfft_r74_fft_normalization | Restore default rfft normalization and scale during deinterleave
2. rating=6.6/10 score=0.61 diff=5/5 conf=0.61 vs_base~1.05x | node_id=decomposed_cooley_tukey parent_id=root | Decompose transforms that exceed monolithic resource limits — Implement a minimal two-level Cooley-Tukey prototype with an explicit complex workspace and separate local-transform and recombination phases for one representative large size.
3. rating=6.3/10 score=0.35 diff=2/5 conf=0.98 vs_base~? | node_id=node_007_hyena_fft_size_padding_rfft_r6_cont_1 parent_id=radix4_real_symmetry_refinement | Next-step refinement: target the top bottleneck operation — Propose one small change that targets the primary bottleneck operation indicated by the latest eval (e.g., reduce sync, reduce redundant loads, or improve locality), without changing the overall mapping plan.
World Model: Chosen Next Action (from decision tree node)
- node_id: node_007_hyena_fft_size_padding_rfft_r78_restore_split_scaling
- base_node_id: node_007_hyena_fft_size_padding_rfft_r74_fft_normalization
- title: Restore default rfft normalization and scale during deinterleave
- difficulty_1_to_5: 1
- expected_vs_baseline_factor: 1.29x

=== Optimization Round 86/100 ===
[CYCLE] action_node=18 action_node_id=node_007_hyena_fft_size_padding_rfft_r78_restore_split_scaling attempt=1 parent_is_root=no base_code=yes

[STAGE] codegen: attempt 1 (round 86) no_improve_streak=0/5 no_improve_over_base=0/5

[STAGE] create Solution object from current code (round 86)

[STAGE] evaluate solution (round 86)
[sol-task] 007_hyena_fft_size_padding_rfft: 5/5 feedback workloads passed (passed, wall 6.9s)

=== Optimization Round 87/100 ===
[CYCLE] action_node=18 action_node_id=node_007_hyena_fft_size_padding_rfft_r78_restore_split_scaling attempt=2 parent_is_root=no base_code=yes

[STAGE] codegen: attempt 2 (round 87) no_improve_streak=0/5 no_improve_over_base=0/5

[STAGE] create Solution object from current code (round 87)

[STAGE] evaluate solution (round 87)
[sol-task] 007_hyena_fft_size_padding_rfft: 5/5 feedback workloads passed (passed, wall 6.9s)

=== Optimization Round 88/100 ===
[CYCLE] action_node=18 action_node_id=node_007_hyena_fft_size_padding_rfft_r78_restore_split_scaling attempt=3 parent_is_root=no base_code=yes

[STAGE] codegen: attempt 3 (round 88) no_improve_streak=0/5 no_improve_over_base=0/5

[STAGE] create Solution object from current code (round 88)

[STAGE] evaluate solution (round 88)
[sol-task] 007_hyena_fft_size_padding_rfft: 5/5 feedback workloads passed (passed, wall 7.1s)

=== Optimization Round 89/100 ===
[CYCLE] action_node=18 action_node_id=node_007_hyena_fft_size_padding_rfft_r78_restore_split_scaling attempt=4 parent_is_root=no base_code=yes

[STAGE] codegen: attempt 4 (round 89) no_improve_streak=1/5 no_improve_over_base=0/5

[STAGE] create Solution object from current code (round 89)

[STAGE] evaluate solution (round 89)
[sol-task] 007_hyena_fft_size_padding_rfft: 5/5 feedback workloads passed (passed, wall 7.5s)

=== Optimization Round 90/100 ===
[CYCLE] action_node=18 action_node_id=node_007_hyena_fft_size_padding_rfft_r78_restore_split_scaling attempt=5 parent_is_root=no base_code=yes

[STAGE] codegen: attempt 5 (round 90) no_improve_streak=2/5 no_improve_over_base=0/5

[STAGE] create Solution object from current code (round 90)

[STAGE] evaluate solution (round 90)
[sol-task] 007_hyena_fft_size_padding_rfft: 5/5 feedback workloads passed (passed, wall 6.6s)

[STAGE] cycle end: attach+refine best PASSED (round 90, score=1.291)
WM status: nodes=21 attached_solutions=18 active_leaf_id=node_007_hyena_fft_size_padding_rfft_r78_restore_split_scaling depth=16
  last_trace: status=passed speedup=1.09x latency=1.1914ms
  active_path: root:<root> | direct_frequency_evaluation:algorithm_family->direct_frequency_evaluation | direct_frequency_frequency_grouping:frequency_ownership->group_2_or_4_adjacent_frequencies | node_007_hyena_fft_size_padding_rfft_r16_cont_1:Continue->Next-step refinement | node_007_hyena_fft_size_padding_rfft_r22_cont_1:Continue->Next-step refinement | ... | node_007_hyena_fft_size_padding_rfft_r78_restore_split_scaling:fallback_normalization_placement->restore_scale_in_deinterleave
  nodes_preview: root:<root> | direct_frequency_evaluation:algorithm_family→direct_frequency_evaluation | monolithic_cooley_tukey:algorithm_family→monolithic_cooley_tukey | decomposed_cooley_tukey:algorithm_family→decomposed_cooley_tukey | radix4_real_symmetry_refinement:butterfly_structure→radix4_real_symmetry | node_007_hyena_fft_size_padding_rfft_r6_cont_1:Continue→Next-step refinement | direct_frequency_frequency_grouping:frequency_ownership→group_2_or_4_adjacent_frequencies | node_007_hyena_fft_size_padding_rfft_r16_cont_1:Continue→Next-step refinement | ...
[WM] apply_edit_ops: ops=3 updates=2 inserts=0 split_children=0 deletes=0 new_nodes_added=0/3 skipped_cap=0 skipped_missing_parent=0 skipped_parent_solution_id_mismatch=1 skipped_update_missing_node=0 skipped_insert_invalid_node=0 skipped_split_invalid_children=0 skipped_delete_not_allowed=0
[WM][WARN] edit-ops had skipped operations; refine will retry if this was a refine call.
[WM] apply_edit_ops: ops=2 updates=1 inserts=1 split_children=0 deletes=0 new_nodes_added=1/3 skipped_cap=0 skipped_missing_parent=0 skipped_parent_solution_id_mismatch=0 skipped_update_missing_node=0 skipped_insert_invalid_node=0 skipped_split_invalid_children=0 skipped_delete_not_allowed=0
WM status: nodes=22 attached_solutions=18 active_leaf_id=node_007_hyena_fft_size_padding_rfft_r86_large_split_4warps depth=17
  last_trace: status=passed speedup=1.29x latency=0.9261ms
  active_path: root:<root> | direct_frequency_evaluation:algorithm_family->direct_frequency_evaluation | direct_frequency_frequency_grouping:frequency_ownership->group_2_or_4_adjacent_frequencies | node_007_hyena_fft_size_padding_rfft_r16_cont_1:Continue->Next-step refinement | node_007_hyena_fft_size_padding_rfft_r22_cont_1:Continue->Next-step refinement | ... | node_007_hyena_fft_size_padding_rfft_r86_large_split_4warps:large_split_warp_specialization->use_4_warps_for_1024_element_large_split_blocks
  nodes_preview: root:<root> | direct_frequency_evaluation:algorithm_family→direct_frequency_evaluation | monolithic_cooley_tukey:algorithm_family→monolithic_cooley_tukey | decomposed_cooley_tukey:algorithm_family→decomposed_cooley_tukey | radix4_real_symmetry_refinement:butterfly_structure→radix4_real_symmetry | node_007_hyena_fft_size_padding_rfft_r6_cont_1:Continue→Next-step refinement | direct_frequency_frequency_grouping:frequency_ownership→group_2_or_4_adjacent_frequencies | node_007_hyena_fft_size_padding_rfft_r16_cont_1:Continue→Next-step refinement | ...

[STAGE] world model: select next action (cycle start @ round 91)
WM status: nodes=22 attached_solutions=18 active_leaf_id=node_007_hyena_fft_size_padding_rfft_r86_large_split_4warps depth=17
  last_trace: status=passed speedup=1.29x latency=0.9261ms
  active_path: root:<root> | direct_frequency_evaluation:algorithm_family->direct_frequency_evaluation | direct_frequency_frequency_grouping:frequency_ownership->group_2_or_4_adjacent_frequencies | node_007_hyena_fft_size_padding_rfft_r16_cont_1:Continue->Next-step refinement | node_007_hyena_fft_size_padding_rfft_r22_cont_1:Continue->Next-step refinement | ... | node_007_hyena_fft_size_padding_rfft_r86_large_split_4warps:large_split_warp_specialization->use_4_warps_for_1024_element_large_split_blocks
  nodes_preview: root:<root> | direct_frequency_evaluation:algorithm_family→direct_frequency_evaluation | monolithic_cooley_tukey:algorithm_family→monolithic_cooley_tukey | decomposed_cooley_tukey:algorithm_family→decomposed_cooley_tukey | radix4_real_symmetry_refinement:butterfly_structure→radix4_real_symmetry | node_007_hyena_fft_size_padding_rfft_r6_cont_1:Continue→Next-step refinement | direct_frequency_frequency_grouping:frequency_ownership→group_2_or_4_adjacent_frequencies | node_007_hyena_fft_size_padding_rfft_r16_cont_1:Continue→Next-step refinement | ...
World Model: Open Action Nodes (candidates) frontier=3 total_open=3
1. rating=7.9/10 score=0.78 diff=2/5 conf=0.72 vs_base~1.31x | node_id=node_007_hyena_fft_size_padding_rfft_r86_large_split_4warps parent_id=node_007_hyena_fft_size_padding_rfft_r78_restore_split_scaling | Use four warps for large 1024-element split blocks
2. rating=6.6/10 score=0.61 diff=5/5 conf=0.61 vs_base~1.05x | node_id=decomposed_cooley_tukey parent_id=root | Decompose transforms that exceed monolithic resource limits — Implement a minimal two-level Cooley-Tukey prototype with an explicit complex workspace and separate local-transform and recombination phases for one representative large size.
3. rating=6.3/10 score=0.35 diff=2/5 conf=0.98 vs_base~? | node_id=node_007_hyena_fft_size_padding_rfft_r6_cont_1 parent_id=radix4_real_symmetry_refinement | Next-step refinement: target the top bottleneck operation — Propose one small change that targets the primary bottleneck operation indicated by the latest eval (e.g., reduce sync, reduce redundant loads, or improve locality), without changing the overall mapping plan.
World Model: Chosen Next Action (from decision tree node)
- node_id: node_007_hyena_fft_size_padding_rfft_r86_large_split_4warps
- base_node_id: node_007_hyena_fft_size_padding_rfft_r78_restore_split_scaling
- title: Use four warps for large 1024-element split blocks
- difficulty_1_to_5: 2
- expected_vs_baseline_factor: 1.31x

=== Optimization Round 91/100 ===
[CYCLE] action_node=19 action_node_id=node_007_hyena_fft_size_padding_rfft_r86_large_split_4warps attempt=1 parent_is_root=no base_code=yes

[STAGE] codegen: attempt 1 (round 91) no_improve_streak=0/5 no_improve_over_base=0/5

[STAGE] create Solution object from current code (round 91)

[STAGE] evaluate solution (round 91)
[sol-task] 007_hyena_fft_size_padding_rfft: 5/5 feedback workloads passed (passed, wall 7.4s)

=== Optimization Round 92/100 ===
[CYCLE] action_node=19 action_node_id=node_007_hyena_fft_size_padding_rfft_r86_large_split_4warps attempt=2 parent_is_root=no base_code=yes

[STAGE] codegen: attempt 2 (round 92) no_improve_streak=0/5 no_improve_over_base=0/5

[STAGE] create Solution object from current code (round 92)

[STAGE] evaluate solution (round 92)
[sol-task] 007_hyena_fft_size_padding_rfft: 5/5 feedback workloads passed (passed, wall 7.2s)

=== Optimization Round 93/100 ===
[CYCLE] action_node=19 action_node_id=node_007_hyena_fft_size_padding_rfft_r86_large_split_4warps attempt=3 parent_is_root=no base_code=yes

[STAGE] codegen: attempt 3 (round 93) no_improve_streak=1/5 no_improve_over_base=0/5

[STAGE] create Solution object from current code (round 93)

[STAGE] evaluate solution (round 93)
[sol-task] 007_hyena_fft_size_padding_rfft: 5/5 feedback workloads passed (passed, wall 6.6s)

=== Optimization Round 94/100 ===
[CYCLE] action_node=19 action_node_id=node_007_hyena_fft_size_padding_rfft_r86_large_split_4warps attempt=4 parent_is_root=no base_code=yes

[STAGE] codegen: attempt 4 (round 94) no_improve_streak=2/5 no_improve_over_base=0/5

[STAGE] create Solution object from current code (round 94)

[STAGE] evaluate solution (round 94)
[sol-task] 007_hyena_fft_size_padding_rfft: 5/5 feedback workloads passed (passed, wall 8.2s)

=== Optimization Round 95/100 ===
[CYCLE] action_node=19 action_node_id=node_007_hyena_fft_size_padding_rfft_r86_large_split_4warps attempt=5 parent_is_root=no base_code=yes

[STAGE] codegen: attempt 5 (round 95) no_improve_streak=3/5 no_improve_over_base=0/5

[STAGE] create Solution object from current code (round 95)

[STAGE] evaluate solution (round 95)
[sol-task] 007_hyena_fft_size_padding_rfft: 5/5 feedback workloads passed (passed, wall 7.1s)

[STAGE] cycle end: attach+refine best PASSED (round 91, score=1.275)
WM status: nodes=22 attached_solutions=19 active_leaf_id=node_007_hyena_fft_size_padding_rfft_r86_large_split_4warps depth=17
  last_trace: status=passed speedup=1.29x latency=0.9261ms
  active_path: root:<root> | direct_frequency_evaluation:algorithm_family->direct_frequency_evaluation | direct_frequency_frequency_grouping:frequency_ownership->group_2_or_4_adjacent_frequencies | node_007_hyena_fft_size_padding_rfft_r16_cont_1:Continue->Next-step refinement | node_007_hyena_fft_size_padding_rfft_r22_cont_1:Continue->Next-step refinement | ... | node_007_hyena_fft_size_padding_rfft_r86_large_split_4warps:large_split_warp_specialization->use_4_warps_for_1024_element_large_split_blocks
  nodes_preview: root:<root> | direct_frequency_evaluation:algorithm_family→direct_frequency_evaluation | monolithic_cooley_tukey:algorithm_family→monolithic_cooley_tukey | decomposed_cooley_tukey:algorithm_family→decomposed_cooley_tukey | radix4_real_symmetry_refinement:butterfly_structure→radix4_real_symmetry | node_007_hyena_fft_size_padding_rfft_r6_cont_1:Continue→Next-step refinement | direct_frequency_frequency_grouping:frequency_ownership→group_2_or_4_adjacent_frequencies | node_007_hyena_fft_size_padding_rfft_r16_cont_1:Continue→Next-step refinement | ...
[WM] apply_edit_ops: ops=3 updates=2 inserts=0 split_children=0 deletes=0 new_nodes_added=0/3 skipped_cap=0 skipped_missing_parent=0 skipped_parent_solution_id_mismatch=1 skipped_update_missing_node=0 skipped_insert_invalid_node=0 skipped_split_invalid_children=0 skipped_delete_not_allowed=0
[WM][WARN] edit-ops had skipped operations; refine will retry if this was a refine call.
[WM] apply_edit_ops: ops=2 updates=1 inserts=0 split_children=0 deletes=0 new_nodes_added=0/3 skipped_cap=0 skipped_missing_parent=0 skipped_parent_solution_id_mismatch=1 skipped_update_missing_node=0 skipped_insert_invalid_node=0 skipped_split_invalid_children=0 skipped_delete_not_allowed=0
[WM][WARN] edit-ops had skipped operations; refine will retry if this was a refine call.
[WM] apply_edit_ops: ops=2 updates=1 inserts=0 split_children=0 deletes=0 new_nodes_added=0/3 skipped_cap=0 skipped_missing_parent=0 skipped_parent_solution_id_mismatch=1 skipped_update_missing_node=0 skipped_insert_invalid_node=0 skipped_split_invalid_children=0 skipped_delete_not_allowed=0
[WM][WARN] edit-ops had skipped operations; refine will retry if this was a refine call.
WM status: nodes=23 attached_solutions=19 active_leaf_id=node_007_hyena_fft_size_padding_rfft_r86_large_split_4warps depth=17
  last_trace: status=passed speedup=1.28x latency=0.9293ms
  active_path: root:<root> | direct_frequency_evaluation:algorithm_family->direct_frequency_evaluation | direct_frequency_frequency_grouping:frequency_ownership->group_2_or_4_adjacent_frequencies | node_007_hyena_fft_size_padding_rfft_r16_cont_1:Continue->Next-step refinement | node_007_hyena_fft_size_padding_rfft_r22_cont_1:Continue->Next-step refinement | ... | node_007_hyena_fft_size_padding_rfft_r86_large_split_4warps:large_split_warp_specialization->use_4_warps_for_1024_element_large_split_blocks
  nodes_preview: root:<root> | direct_frequency_evaluation:algorithm_family→direct_frequency_evaluation | monolithic_cooley_tukey:algorithm_family→monolithic_cooley_tukey | decomposed_cooley_tukey:algorithm_family→decomposed_cooley_tukey | radix4_real_symmetry_refinement:butterfly_structure→radix4_real_symmetry | node_007_hyena_fft_size_padding_rfft_r6_cont_1:Continue→Next-step refinement | direct_frequency_frequency_grouping:frequency_ownership→group_2_or_4_adjacent_frequencies | node_007_hyena_fft_size_padding_rfft_r16_cont_1:Continue→Next-step refinement | ...

[STAGE] world model: select next action (cycle start @ round 96)
WM status: nodes=23 attached_solutions=19 active_leaf_id=node_007_hyena_fft_size_padding_rfft_r86_large_split_4warps depth=17
  last_trace: status=passed speedup=1.28x latency=0.9293ms
  active_path: root:<root> | direct_frequency_evaluation:algorithm_family->direct_frequency_evaluation | direct_frequency_frequency_grouping:frequency_ownership->group_2_or_4_adjacent_frequencies | node_007_hyena_fft_size_padding_rfft_r16_cont_1:Continue->Next-step refinement | node_007_hyena_fft_size_padding_rfft_r22_cont_1:Continue->Next-step refinement | ... | node_007_hyena_fft_size_padding_rfft_r86_large_split_4warps:large_split_warp_specialization->use_4_warps_for_1024_element_large_split_blocks
  nodes_preview: root:<root> | direct_frequency_evaluation:algorithm_family→direct_frequency_evaluation | monolithic_cooley_tukey:algorithm_family→monolithic_cooley_tukey | decomposed_cooley_tukey:algorithm_family→decomposed_cooley_tukey | radix4_real_symmetry_refinement:butterfly_structure→radix4_real_symmetry | node_007_hyena_fft_size_padding_rfft_r6_cont_1:Continue→Next-step refinement | direct_frequency_frequency_grouping:frequency_ownership→group_2_or_4_adjacent_frequencies | node_007_hyena_fft_size_padding_rfft_r16_cont_1:Continue→Next-step refinement | ...
World Model: Open Action Nodes (candidates) frontier=3 total_open=3
1. rating=8.5/10 score=0.35 diff=2/5 conf=0.96 vs_base~? | node_id=node_007_hyena_fft_size_padding_rfft_r91_cont_1 parent_id=node_007_hyena_fft_size_padding_rfft_r86_large_split_4warps | Next-step refinement: target the top bottleneck operation — Propose one small change that targets the primary bottleneck operation indicated by the latest eval (e.g., reduce sync, reduce redundant loads, or improve locality), without changing the overall mapping plan.
2. rating=6.6/10 score=0.61 diff=5/5 conf=0.61 vs_base~1.05x | node_id=decomposed_cooley_tukey parent_id=root | Decompose transforms that exceed monolithic resource limits — Implement a minimal two-level Cooley-Tukey prototype with an explicit complex workspace and separate local-transform and recombination phases for one representative large size.
3. rating=6.3/10 score=0.35 diff=2/5 conf=0.98 vs_base~? | node_id=node_007_hyena_fft_size_padding_rfft_r6_cont_1 parent_id=radix4_real_symmetry_refinement | Next-step refinement: target the top bottleneck operation — Propose one small change that targets the primary bottleneck operation indicated by the latest eval (e.g., reduce sync, reduce redundant loads, or improve locality), without changing the overall mapping plan.
World Model: Chosen Next Action (from decision tree node)
- node_id: node_007_hyena_fft_size_padding_rfft_r91_cont_1
- base_node_id: node_007_hyena_fft_size_padding_rfft_r86_large_split_4warps
- title: Next-step refinement: target the top bottleneck operation
- difficulty_1_to_5: 2
- description: Propose one small change that targets the primary bottleneck operation indicated by the latest eval (e.g., reduce sync, reduce redundant loads, or improve locality), without changing the overall mapping plan.
- rationale: The parent design is working; this creates a clear single-iteration follow-up to improve it.

=== Optimization Round 96/100 ===
[CYCLE] action_node=20 action_node_id=node_007_hyena_fft_size_padding_rfft_r91_cont_1 attempt=1 parent_is_root=no base_code=yes

[STAGE] codegen: attempt 1 (round 96) no_improve_streak=0/5 no_improve_over_base=0/5

[STAGE] create Solution object from current code (round 96)

[STAGE] evaluate solution (round 96)
[sol-task] 007_hyena_fft_size_padding_rfft: 5/5 feedback workloads passed (passed, wall 7.3s)

=== Optimization Round 97/100 ===
[CYCLE] action_node=20 action_node_id=node_007_hyena_fft_size_padding_rfft_r91_cont_1 attempt=2 parent_is_root=no base_code=yes

[STAGE] codegen: attempt 2 (round 97) no_improve_streak=0/5 no_improve_over_base=0/5

[STAGE] create Solution object from current code (round 97)

[STAGE] evaluate solution (round 97)
[sol-task] 007_hyena_fft_size_padding_rfft: 5/5 feedback workloads passed (passed, wall 6.5s)

=== Optimization Round 98/100 ===
[CYCLE] action_node=20 action_node_id=node_007_hyena_fft_size_padding_rfft_r91_cont_1 attempt=3 parent_is_root=no base_code=yes

[STAGE] codegen: attempt 3 (round 98) no_improve_streak=1/5 no_improve_over_base=0/5

[STAGE] create Solution object from current code (round 98)

[STAGE] evaluate solution (round 98)
[sol-task] 007_hyena_fft_size_padding_rfft: 5/5 feedback workloads passed (passed, wall 7.9s)

=== Optimization Round 99/100 ===
[CYCLE] action_node=20 action_node_id=node_007_hyena_fft_size_padding_rfft_r91_cont_1 attempt=4 parent_is_root=no base_code=yes

[STAGE] codegen: attempt 4 (round 99) no_improve_streak=2/5 no_improve_over_base=0/5

[STAGE] create Solution object from current code (round 99)

[STAGE] evaluate solution (round 99)
[sol-task] 007_hyena_fft_size_padding_rfft: 5/5 feedback workloads passed (passed, wall 6.3s)

=== Optimization Round 100/100 ===
[CYCLE] action_node=20 action_node_id=node_007_hyena_fft_size_padding_rfft_r91_cont_1 attempt=5 parent_is_root=no base_code=yes

[STAGE] codegen: attempt 5 (round 100) no_improve_streak=3/5 no_improve_over_base=0/5

[STAGE] create Solution object from current code (round 100)

[STAGE] evaluate solution (round 100)
[sol-task] 007_hyena_fft_size_padding_rfft: 5/5 feedback workloads passed (passed, wall 7.2s)

[STAGE] cycle end: attach+refine best PASSED (round 96, score=1.276)
WM status: nodes=23 attached_solutions=20 active_leaf_id=node_007_hyena_fft_size_padding_rfft_r91_cont_1 depth=18
  last_trace: status=passed speedup=1.28x latency=0.9293ms
  active_path: root:<root> | direct_frequency_evaluation:algorithm_family->direct_frequency_evaluation | direct_frequency_frequency_grouping:frequency_ownership->group_2_or_4_adjacent_frequencies | node_007_hyena_fft_size_padding_rfft_r16_cont_1:Continue->Next-step refinement | node_007_hyena_fft_size_padding_rfft_r22_cont_1:Continue->Next-step refinement | ... | node_007_hyena_fft_size_padding_rfft_r91_cont_1:Continue->Next-step refinement
  nodes_preview: root:<root> | direct_frequency_evaluation:algorithm_family→direct_frequency_evaluation | monolithic_cooley_tukey:algorithm_family→monolithic_cooley_tukey | decomposed_cooley_tukey:algorithm_family→decomposed_cooley_tukey | radix4_real_symmetry_refinement:butterfly_structure→radix4_real_symmetry | node_007_hyena_fft_size_padding_rfft_r6_cont_1:Continue→Next-step refinement | direct_frequency_frequency_grouping:frequency_ownership→group_2_or_4_adjacent_frequencies | node_007_hyena_fft_size_padding_rfft_r16_cont_1:Continue→Next-step refinement | ...
[WM] apply_edit_ops: ops=2 updates=1 inserts=0 split_children=0 deletes=0 new_nodes_added=0/3 skipped_cap=0 skipped_missing_parent=0 skipped_parent_solution_id_mismatch=1 skipped_update_missing_node=0 skipped_insert_invalid_node=0 skipped_split_invalid_children=0 skipped_delete_not_allowed=0
[WM][WARN] edit-ops had skipped operations; refine will retry if this was a refine call.
[WM] apply_edit_ops: ops=3 updates=2 inserts=0 split_children=0 deletes=0 new_nodes_added=0/3 skipped_cap=0 skipped_missing_parent=0 skipped_parent_solution_id_mismatch=1 skipped_update_missing_node=0 skipped_insert_invalid_node=0 skipped_split_invalid_children=0 skipped_delete_not_allowed=0
[WM][WARN] edit-ops had skipped operations; refine will retry if this was a refine call.
[WM] apply_edit_ops: ops=3 updates=2 inserts=1 split_children=0 deletes=0 new_nodes_added=1/3 skipped_cap=0 skipped_missing_parent=0 skipped_parent_solution_id_mismatch=0 skipped_update_missing_node=0 skipped_insert_invalid_node=0 skipped_split_invalid_children=0 skipped_delete_not_allowed=0
WM status: nodes=24 attached_solutions=20 active_leaf_id=node_007_hyena_fft_size_padding_rfft_r92_fft_forward_norm depth=19
  last_trace: status=passed speedup=1.28x latency=0.9297ms
  active_path: root:<root> | direct_frequency_evaluation:algorithm_family->direct_frequency_evaluation | direct_frequency_frequency_grouping:frequency_ownership->group_2_or_4_adjacent_frequencies | node_007_hyena_fft_size_padding_rfft_r16_cont_1:Continue->Next-step refinement | node_007_hyena_fft_size_padding_rfft_r22_cont_1:Continue->Next-step refinement | ... | node_007_hyena_fft_size_padding_rfft_r92_fft_forward_norm:normalization_placement->fft_forward_norm_with_copy_only_split
  nodes_preview: root:<root> | direct_frequency_evaluation:algorithm_family→direct_frequency_evaluation | monolithic_cooley_tukey:algorithm_family→monolithic_cooley_tukey | decomposed_cooley_tukey:algorithm_family→decomposed_cooley_tukey | radix4_real_symmetry_refinement:butterfly_structure→radix4_real_symmetry | node_007_hyena_fft_size_padding_rfft_r6_cont_1:Continue→Next-step refinement | direct_frequency_frequency_grouping:frequency_ownership→group_2_or_4_adjacent_frequencies | node_007_hyena_fft_size_padding_rfft_r16_cont_1:Continue→Next-step refinement | ...
  ✓ Saved solution to: /data1/workspace/weihongren/baseline/ksearch-sol-execbench/experiments/formal_20260914/007_hyena_fft_size_padding_rfft/run_seed0/ksearch-artifacts/007_hyena_fft_size_padding_rfft/solutions/007_hyena_fft_size_padding_rfft/AWS-GPT-5.6-Sol_007_hyena_fft_size_padding_rfft_triton_optimized_r34_20260914_190802_5b11a34c.json
[007_hyena_fft_size_padding_rfft] Generated solution: AWS-GPT-5.6-Sol_007_hyena_fft_size_padding_rfft_triton_optimized_r34_20260914_190802_5b11a34c
[007_hyena_fft_size_padding_rfft] Skipping final evaluation (--skip-final-eval); optimization feedback evaluation already ran.
