Generating optimized solution for mla_paged_decode_h16_ckv512_kpe64_ps1
Using workloads for optimization feedback: 220b10b5-0a65-4892-8bf0-4d0ecf5b69d2, e417264f-195d-4204-89fa-3ebdb539f1cf, deb5f26c-b29b-47f4-b5e6-bb70f89080e4, 34026642-ef29-42d6-88b9-4b0ff96c5553, 7e083fc8-60fc-4a06-8536-5bb47511e81d

[STAGE] init SolutionDB

[STAGE] initialize world model
WM status: nodes=4 attached_solutions=0 active_leaf_id=sequence_head_group depth=1
  last_trace: status=not_benchmarked speedup=- latency=-
  active_path: root:<root> | sequence_head_group:program_ownership_family->sequence_owned_head_group
  nodes_preview: root:<root> | sequence_head_group:program_ownership_family→sequence_owned_head_group | sequence_wide_short:program_ownership_family→sequence_wide_short_context | independent_head:program_ownership_family→independent_head_rows
[STAGE] world model init latency: 73.37s

[STAGE] world model: select next action (cycle start @ round 1)
WM status: nodes=4 attached_solutions=0 active_leaf_id=sequence_head_group depth=1
  last_trace: status=not_benchmarked speedup=- latency=-
  active_path: root:<root> | sequence_head_group:program_ownership_family->sequence_owned_head_group
  nodes_preview: root:<root> | sequence_head_group:program_ownership_family→sequence_owned_head_group | sequence_wide_short:program_ownership_family→sequence_wide_short_context | independent_head:program_ownership_family→independent_head_rows
World Model: Open Action Nodes (candidates) frontier=3 total_open=3
1. rating=8.0/10 score=0.82 diff=3/5 conf=0.76 vs_base~0.62x | node_id=sequence_head_group parent_id=root | Prototype sequence-owned head-group attention — Implement one online-attention program per sequence and small head group, with FP32 softmax/output accumulation and correct empty-sequence handling.
2. rating=7.0/10 score=0.74 diff=3/5 conf=0.68 vs_base~0.48x | node_id=sequence_wide_short parent_id=root | Prototype short-context sequence-wide attention — Implement a specialized short-context path in which one sequence program computes all 16 heads while retaining a compact logits tile and processing output dimensions in bounded tiles.
3. rating=7.0/10 score=0.67 diff=2/5 conf=0.72 vs_base~0.78x | node_id=independent_head parent_id=root | Prototype independent-head attention — Implement one online-attention program per batch/head row so long contexts and small batches expose 16-way head parallelism with a simple FP32 state.
World Model: Chosen Next Action (from decision tree node)
- node_id: sequence_head_group
- base_node_id: root
- title: Prototype sequence-owned head-group attention
- difficulty_1_to_5: 3
- description: Implement one online-attention program per sequence and small head group, with FP32 softmax/output accumulation and correct empty-sequence handling.
- expected_vs_baseline_factor: 0.62x
- rationale: This is the most balanced initial path: grouped heads reuse each indirect CKV/KPE row while limiting the live 512-wide output state.

=== Optimization Round 1/100 ===
[CYCLE] action_node=1 action_node_id=sequence_head_group attempt=1 parent_is_root=yes base_code=no

[STAGE] codegen: attempt 1 (round 1) no_improve_streak=0/5 no_improve_over_base=0/5

[STAGE] create Solution object from current code (round 1)

[STAGE] evaluate solution (round 1)
Round summary: passed 5/5 | mean_vs_baseline=- | mean_speedup=9.03x | mean_latency=1.4705 ms

=== Optimization Round 2/100 ===
[CYCLE] action_node=1 action_node_id=sequence_head_group attempt=2 parent_is_root=yes base_code=no

[STAGE] codegen: attempt 2 (round 2) no_improve_streak=0/5 no_improve_over_base=0/5

[STAGE] create Solution object from current code (round 2)

[STAGE] evaluate solution (round 2)
Round summary: passed 5/5 | mean_vs_baseline=- | mean_speedup=9.30x | mean_latency=1.4350 ms

=== Optimization Round 3/100 ===
[CYCLE] action_node=1 action_node_id=sequence_head_group attempt=3 parent_is_root=yes base_code=no

[STAGE] codegen: attempt 3 (round 3) no_improve_streak=0/5 no_improve_over_base=0/5

[STAGE] create Solution object from current code (round 3)

[STAGE] evaluate solution (round 3)
Round summary: passed 5/5 | mean_vs_baseline=- | mean_speedup=8.89x | mean_latency=1.5878 ms

=== Optimization Round 4/100 ===
[CYCLE] action_node=1 action_node_id=sequence_head_group attempt=4 parent_is_root=yes base_code=no

[STAGE] codegen: attempt 4 (round 4) no_improve_streak=1/5 no_improve_over_base=0/5

[STAGE] create Solution object from current code (round 4)

[STAGE] evaluate solution (round 4)
Round summary: passed 5/5 | mean_vs_baseline=- | mean_speedup=9.34x | mean_latency=1.4298 ms

=== Optimization Round 5/100 ===
[CYCLE] action_node=1 action_node_id=sequence_head_group attempt=5 parent_is_root=yes base_code=no

[STAGE] codegen: attempt 5 (round 5) no_improve_streak=0/5 no_improve_over_base=0/5

[STAGE] create Solution object from current code (round 5)

[STAGE] evaluate solution (round 5)
Round summary: passed 5/5 | mean_vs_baseline=- | mean_speedup=9.78x | mean_latency=1.4007 ms

[STAGE] cycle end: attach+refine best PASSED (round 5, score=9.785)
WM status: nodes=4 attached_solutions=1 active_leaf_id=sequence_head_group depth=1
  last_trace: status=not_benchmarked speedup=- latency=-
  active_path: root:<root> | sequence_head_group:program_ownership_family->sequence_owned_head_group
  nodes_preview: root:<root> | sequence_head_group:program_ownership_family→sequence_owned_head_group | sequence_wide_short:program_ownership_family→sequence_wide_short_context | independent_head:program_ownership_family→independent_head_rows
[WM] apply_edit_ops: ops=4 updates=3 inserts=1 split_children=0 deletes=0 new_nodes_added=1/3 skipped_cap=0 skipped_missing_parent=0 skipped_parent_solution_id_mismatch=0 skipped_update_missing_node=0 skipped_insert_invalid_node=0 skipped_split_invalid_children=0 skipped_delete_not_allowed=0
WM status: nodes=5 attached_solutions=1 active_leaf_id=sequence_head_group_prefetch depth=2
  last_trace: status=passed speedup=9.78x latency=1.4007ms
  active_path: root:<root> | sequence_head_group:program_ownership_family->sequence_owned_head_group | sequence_head_group_prefetch:load_schedule_refinement->software_pipelined_page_prefetch
  nodes_preview: root:<root> | sequence_head_group:program_ownership_family→sequence_owned_head_group | sequence_wide_short:program_ownership_family→sequence_wide_short_context | independent_head:program_ownership_family→independent_head_rows | sequence_head_group_prefetch:load_schedule_refinement→software_pipelined_page_prefetch

[STAGE] world model: select next action (cycle start @ round 6)
WM status: nodes=5 attached_solutions=1 active_leaf_id=sequence_head_group_prefetch depth=2
  last_trace: status=passed speedup=9.78x latency=1.4007ms
  active_path: root:<root> | sequence_head_group:program_ownership_family->sequence_owned_head_group | sequence_head_group_prefetch:load_schedule_refinement->software_pipelined_page_prefetch
  nodes_preview: root:<root> | sequence_head_group:program_ownership_family→sequence_owned_head_group | sequence_wide_short:program_ownership_family→sequence_wide_short_context | independent_head:program_ownership_family→independent_head_rows | sequence_head_group_prefetch:load_schedule_refinement→software_pipelined_page_prefetch
World Model: Open Action Nodes (candidates) frontier=3 total_open=3
1. rating=8.3/10 score=0.84 diff=4/5 conf=0.72 vs_base~0.90x | node_id=sequence_head_group_prefetch parent_id=sequence_head_group | Pipeline next-page index and cache loads
2. rating=5.8/10 score=0.56 diff=3/5 conf=0.62 vs_base~0.48x | node_id=sequence_wide_short parent_id=root | Prototype short-context sequence-wide attention — Implement a specialized short-context path in which one sequence program computes all 16 heads while retaining a compact logits tile and processing output dimensions in bounded tiles.
3. rating=5.2/10 score=0.49 diff=2/5 conf=0.67 vs_base~0.78x | node_id=independent_head parent_id=root | Prototype independent-head row attention — Implement one online-attention program per batch/head row so long contexts and small batches expose 16-way head parallelism with a simple FP32 state.
World Model: Chosen Next Action (from decision tree node)
- node_id: sequence_head_group_prefetch
- base_node_id: sequence_head_group
- title: Pipeline next-page index and cache loads
- difficulty_1_to_5: 4
- expected_vs_baseline_factor: 0.90x

=== Optimization Round 6/100 ===
[CYCLE] action_node=2 action_node_id=sequence_head_group_prefetch attempt=1 parent_is_root=no base_code=yes

[STAGE] codegen: attempt 1 (round 6) no_improve_streak=0/5 no_improve_over_base=0/5

[STAGE] create Solution object from current code (round 6)

[STAGE] evaluate solution (round 6)
Round summary: passed 5/5 | mean_vs_baseline=- | mean_speedup=13.76x | mean_latency=0.9544 ms

=== Optimization Round 7/100 ===
[CYCLE] action_node=2 action_node_id=sequence_head_group_prefetch attempt=2 parent_is_root=no base_code=yes

[STAGE] codegen: attempt 2 (round 7) no_improve_streak=0/5 no_improve_over_base=0/5

[STAGE] create Solution object from current code (round 7)

[STAGE] evaluate solution (round 7)
Round summary: passed 5/5 | mean_vs_baseline=- | mean_speedup=13.82x | mean_latency=0.9553 ms

=== Optimization Round 8/100 ===
[CYCLE] action_node=2 action_node_id=sequence_head_group_prefetch attempt=3 parent_is_root=no base_code=yes

[STAGE] codegen: attempt 3 (round 8) no_improve_streak=0/5 no_improve_over_base=0/5

[STAGE] create Solution object from current code (round 8)

[STAGE] evaluate solution (round 8)
Round summary: passed 5/5 | mean_vs_baseline=- | mean_speedup=13.00x | mean_latency=1.0612 ms

=== Optimization Round 9/100 ===
[CYCLE] action_node=2 action_node_id=sequence_head_group_prefetch attempt=4 parent_is_root=no base_code=yes

[STAGE] codegen: attempt 4 (round 9) no_improve_streak=1/5 no_improve_over_base=0/5

[STAGE] create Solution object from current code (round 9)

[STAGE] evaluate solution (round 9)
Round summary: passed 5/5 | mean_vs_baseline=- | mean_speedup=13.72x | mean_latency=0.9569 ms

=== Optimization Round 10/100 ===
[CYCLE] action_node=2 action_node_id=sequence_head_group_prefetch attempt=5 parent_is_root=no base_code=yes

[STAGE] codegen: attempt 5 (round 10) no_improve_streak=2/5 no_improve_over_base=0/5

[STAGE] create Solution object from current code (round 10)

[STAGE] evaluate solution (round 10)
Round summary: passed 5/5 | mean_vs_baseline=- | mean_speedup=11.38x | mean_latency=1.1948 ms

[STAGE] cycle end: attach+refine best PASSED (round 7, score=13.825)
WM status: nodes=5 attached_solutions=2 active_leaf_id=sequence_head_group_prefetch depth=2
  last_trace: status=passed speedup=9.78x latency=1.4007ms
  active_path: root:<root> | sequence_head_group:program_ownership_family->sequence_owned_head_group | sequence_head_group_prefetch:load_schedule_refinement->software_pipelined_page_prefetch
  nodes_preview: root:<root> | sequence_head_group:program_ownership_family→sequence_owned_head_group | sequence_wide_short:program_ownership_family→sequence_wide_short_context | independent_head:program_ownership_family→independent_head_rows | sequence_head_group_prefetch:load_schedule_refinement→software_pipelined_page_prefetch
[WM] apply_edit_ops: ops=5 updates=4 inserts=0 split_children=0 deletes=0 new_nodes_added=0/3 skipped_cap=0 skipped_missing_parent=0 skipped_parent_solution_id_mismatch=1 skipped_update_missing_node=0 skipped_insert_invalid_node=0 skipped_split_invalid_children=0 skipped_delete_not_allowed=0
[WM][WARN] edit-ops had skipped operations; refine will retry if this was a refine call.
[WM] apply_edit_ops: ops=1 updates=0 inserts=0 split_children=1 deletes=0 new_nodes_added=1/3 skipped_cap=0 skipped_missing_parent=0 skipped_parent_solution_id_mismatch=0 skipped_update_missing_node=0 skipped_insert_invalid_node=0 skipped_split_invalid_children=0 skipped_delete_not_allowed=0
WM status: nodes=6 attached_solutions=2 active_leaf_id=prefetch_context_bucketed_group4 depth=3
  last_trace: status=passed speedup=13.82x latency=0.9553ms
  active_path: root:<root> | sequence_head_group:program_ownership_family->sequence_owned_head_group | sequence_head_group_prefetch:load_schedule_refinement->software_pipelined_page_prefetch | prefetch_context_bucketed_group4:head_group_schedule_refinement->context_bucketed_group4
  nodes_preview: root:<root> | sequence_head_group:program_ownership_family→sequence_owned_head_group | sequence_wide_short:program_ownership_family→sequence_wide_short_context | independent_head:program_ownership_family→independent_head_rows | sequence_head_group_prefetch:load_schedule_refinement→software_pipelined_page_prefetch | prefetch_context_bucketed_group4:head_gro ... e_refinement→context_bucketed_group4

[STAGE] world model: select next action (cycle start @ round 11)
WM status: nodes=6 attached_solutions=2 active_leaf_id=prefetch_context_bucketed_group4 depth=3
  last_trace: status=passed speedup=13.82x latency=0.9553ms
  active_path: root:<root> | sequence_head_group:program_ownership_family->sequence_owned_head_group | sequence_head_group_prefetch:load_schedule_refinement->software_pipelined_page_prefetch | prefetch_context_bucketed_group4:head_group_schedule_refinement->context_bucketed_group4
  nodes_preview: root:<root> | sequence_head_group:program_ownership_family→sequence_owned_head_group | sequence_wide_short:program_ownership_family→sequence_wide_short_context | independent_head:program_ownership_family→independent_head_rows | sequence_head_group_prefetch:load_schedule_refinement→software_pipelined_page_prefetch | prefetch_context_bucketed_group4:head_gro ... e_refinement→context_bucketed_group4
World Model: Open Action Nodes (candidates) frontier=3 total_open=3
1. rating=8.0/10 score=0.78 diff=3/5 conf=0.70 vs_base~0.88x | node_id=prefetch_context_bucketed_group4 parent_id=sequence_head_group_prefetch | Dispatch four-head groups for short contexts
2. rating=5.8/10 score=0.48 diff=4/5 conf=0.67 vs_base~0.90x | node_id=sequence_wide_short parent_id=root | Prototype sequence-wide ownership for very short contexts — Implement a specialized short-context path in which one sequence program computes all 16 heads while retaining a compact logits tile and processing output dimensions in bounded tiles.
3. rating=3.9/10 score=0.26 diff=2/5 conf=0.82 vs_base~1.12x | node_id=independent_head parent_id=root | Prototype independent per-head rows — Implement one online-attention program per batch/head row so long contexts and small batches expose 16-way head parallelism with a simple FP32 state.
World Model: Chosen Next Action (from decision tree node)
- node_id: prefetch_context_bucketed_group4
- base_node_id: sequence_head_group_prefetch
- title: Dispatch four-head groups for short contexts
- difficulty_1_to_5: 3
- expected_vs_baseline_factor: 0.88x

=== Optimization Round 11/100 ===
[CYCLE] action_node=3 action_node_id=prefetch_context_bucketed_group4 attempt=1 parent_is_root=no base_code=yes

[STAGE] codegen: attempt 1 (round 11) no_improve_streak=0/5 no_improve_over_base=0/5

[STAGE] create Solution object from current code (round 11)

[STAGE] evaluate solution (round 11)
Round summary: passed 5/5 | mean_vs_baseline=- | mean_speedup=13.71x | mean_latency=0.9567 ms

=== Optimization Round 12/100 ===
[CYCLE] action_node=3 action_node_id=prefetch_context_bucketed_group4 attempt=2 parent_is_root=no base_code=yes

[STAGE] codegen: attempt 2 (round 12) no_improve_streak=0/5 no_improve_over_base=1/5

[STAGE] create Solution object from current code (round 12)

[STAGE] evaluate solution (round 12)
Round summary: passed 5/5 | mean_vs_baseline=- | mean_speedup=13.68x | mean_latency=0.9574 ms

=== Optimization Round 13/100 ===
[CYCLE] action_node=3 action_node_id=prefetch_context_bucketed_group4 attempt=3 parent_is_root=no base_code=yes

[STAGE] codegen: attempt 3 (round 13) no_improve_streak=1/5 no_improve_over_base=2/5

[STAGE] create Solution object from current code (round 13)

[STAGE] evaluate solution (round 13)
Round summary: passed 5/5 | mean_vs_baseline=- | mean_speedup=13.78x | mean_latency=0.9565 ms

=== Optimization Round 14/100 ===
[CYCLE] action_node=3 action_node_id=prefetch_context_bucketed_group4 attempt=4 parent_is_root=no base_code=yes

[STAGE] codegen: attempt 4 (round 14) no_improve_streak=0/5 no_improve_over_base=3/5

[STAGE] create Solution object from current code (round 14)

[STAGE] evaluate solution (round 14)
Round summary: passed 5/5 | mean_vs_baseline=- | mean_speedup=13.82x | mean_latency=0.9578 ms

=== Optimization Round 15/100 ===
[CYCLE] action_node=3 action_node_id=prefetch_context_bucketed_group4 attempt=5 parent_is_root=no base_code=yes

[STAGE] codegen: attempt 5 (round 15) no_improve_streak=0/5 no_improve_over_base=4/5

[STAGE] create Solution object from current code (round 15)

[STAGE] evaluate solution (round 15)
Round summary: passed 5/5 | mean_vs_baseline=- | mean_speedup=13.78x | mean_latency=0.9561 ms

[STAGE] cycle end: attach+refine best PASSED (round 14, score=13.816)
WM status: nodes=6 attached_solutions=3 active_leaf_id=prefetch_context_bucketed_group4 depth=3
  last_trace: status=passed speedup=13.82x latency=0.9553ms
  active_path: root:<root> | sequence_head_group:program_ownership_family->sequence_owned_head_group | sequence_head_group_prefetch:load_schedule_refinement->software_pipelined_page_prefetch | prefetch_context_bucketed_group4:head_group_schedule_refinement->context_bucketed_group4
  nodes_preview: root:<root> | sequence_head_group:program_ownership_family→sequence_owned_head_group | sequence_wide_short:program_ownership_family→sequence_wide_short_context | independent_head:program_ownership_family→independent_head_rows | sequence_head_group_prefetch:load_schedule_refinement→software_pipelined_page_prefetch | prefetch_context_bucketed_group4:head_gro ... e_refinement→context_bucketed_group4
[WM] apply_edit_ops: ops=3 updates=2 inserts=0 split_children=0 deletes=0 new_nodes_added=0/3 skipped_cap=0 skipped_missing_parent=0 skipped_parent_solution_id_mismatch=1 skipped_update_missing_node=0 skipped_insert_invalid_node=0 skipped_split_invalid_children=0 skipped_delete_not_allowed=0
[WM][WARN] edit-ops had skipped operations; refine will retry if this was a refine call.
[WM] apply_edit_ops: ops=3 updates=2 inserts=0 split_children=0 deletes=0 new_nodes_added=0/3 skipped_cap=0 skipped_missing_parent=0 skipped_parent_solution_id_mismatch=1 skipped_update_missing_node=0 skipped_insert_invalid_node=0 skipped_split_invalid_children=0 skipped_delete_not_allowed=0
[WM][WARN] edit-ops had skipped operations; refine will retry if this was a refine call.
[WM] apply_edit_ops: ops=3 updates=2 inserts=0 split_children=0 deletes=0 new_nodes_added=0/3 skipped_cap=0 skipped_missing_parent=0 skipped_parent_solution_id_mismatch=1 skipped_update_missing_node=0 skipped_insert_invalid_node=0 skipped_split_invalid_children=0 skipped_delete_not_allowed=0
[WM][WARN] edit-ops had skipped operations; refine will retry if this was a refine call.
WM status: nodes=7 attached_solutions=3 active_leaf_id=prefetch_context_bucketed_group4 depth=3
  last_trace: status=passed speedup=13.82x latency=0.9578ms
  active_path: root:<root> | sequence_head_group:program_ownership_family->sequence_owned_head_group | sequence_head_group_prefetch:load_schedule_refinement->software_pipelined_page_prefetch | prefetch_context_bucketed_group4:head_group_schedule_refinement->context_bucketed_group4
  nodes_preview: root:<root> | sequence_head_group:program_ownership_family→sequence_owned_head_group | sequence_wide_short:program_ownership_family→sequence_wide_short_context | independent_head:program_ownership_family→independent_head_rows | sequence_head_group_prefetch:load_schedule_refinement→software_pipelined_page_prefetch | prefetch_context_bucketed_group4:head_gro ... e_refinement→context_bucketed_group4 | node_mla_paged_decode_h16_ckv512_kpe64_ps1_r14_cont_1:Continue→Next-step refinement

[STAGE] world model: select next action (cycle start @ round 16)
[WM] apply_edit_ops: ops=4 updates=3 inserts=0 split_children=0 deletes=0 new_nodes_added=0/3 skipped_cap=0 skipped_missing_parent=0 skipped_parent_solution_id_mismatch=1 skipped_update_missing_node=0 skipped_insert_invalid_node=0 skipped_split_invalid_children=0 skipped_delete_not_allowed=0
[WM][WARN] edit-ops had skipped operations; refine will retry if this was a refine call.
[WM] apply_edit_ops: ops=4 updates=3 inserts=0 split_children=0 deletes=0 new_nodes_added=0/3 skipped_cap=0 skipped_missing_parent=0 skipped_parent_solution_id_mismatch=1 skipped_update_missing_node=0 skipped_insert_invalid_node=0 skipped_split_invalid_children=0 skipped_delete_not_allowed=0
[WM][WARN] edit-ops had skipped operations; refine will retry if this was a refine call.
WM status: nodes=8 attached_solutions=3 active_leaf_id=prefetch_context_bucketed_group4 depth=3
  last_trace: status=passed speedup=13.82x latency=0.9578ms
  active_path: root:<root> | sequence_head_group:program_ownership_family->sequence_owned_head_group | sequence_head_group_prefetch:load_schedule_refinement->software_pipelined_page_prefetch | prefetch_context_bucketed_group4:head_group_schedule_refinement->context_bucketed_group4
  nodes_preview: root:<root> | sequence_head_group:program_ownership_family→sequence_owned_head_group | sequence_wide_short:program_ownership_family→sequence_wide_short_context | independent_head:program_ownership_family→independent_head_rows | sequence_head_group_prefetch:load_schedule_refinement→software_pipelined_page_prefetch | prefetch_context_bucketed_group4:head_gro ... e_refinement→context_bucketed_group4 | node_mla_paged_decode_h16_ckv512_kpe64_ps1_r14_cont_1:Continue→Next-step refinement | node_best_cont_r16_1:Continue from best→Next-step refine ... est solution
World Model: Open Action Nodes (candidates) frontier=4 total_open=4
1. rating=9.9/10 score=0.60 diff=2/5 conf=0.99 vs_base~? | node_id=node_best_cont_r16_1 parent_id=sequence_head_group_prefetch | Refine best solution: target the top bottleneck — Propose one small change that targets the primary bottleneck indicated by the latest eval on the best solution, without changing the overall mapping plan.
2. rating=6.7/10 score=0.61 diff=3/5 conf=0.62 vs_base~0.98x | node_id=node_mla_paged_decode_h16_ckv512_kpe64_ps1_r14_cont_1 parent_id=prefetch_context_bucketed_group4 | Refine adaptive threshold and warp count — Propose one small change that targets the primary bottleneck operation indicated by the latest eval (e.g., reduce sync, reduce redundant loads, or improve locality), without changing the overall mapping plan.
3. rating=5.8/10 score=0.48 diff=4/5 conf=0.67 vs_base~0.90x | node_id=sequence_wide_short parent_id=root | Prototype sequence-wide ownership for very short contexts — Implement a specialized short-context path in which one sequence program computes all 16 heads while retaining a compact logits tile and processing output dimensions in bounded tiles.
4. rating=3.9/10 score=0.26 diff=2/5 conf=0.82 vs_base~1.12x | node_id=independent_head parent_id=root | Prototype independent per-head rows — Implement one online-attention program per batch/head row so long contexts and small batches expose 16-way head parallelism with a simple FP32 state.
World Model: Chosen Next Action (from decision tree node)
- node_id: node_mla_paged_decode_h16_ckv512_kpe64_ps1_r14_cont_1
- base_node_id: prefetch_context_bucketed_group4
- title: Refine adaptive threshold and warp count
- difficulty_1_to_5: 3
- description: Propose one small change that targets the primary bottleneck operation indicated by the latest eval (e.g., reduce sync, reduce redundant loads, or improve locality), without changing the overall mapping plan.
- expected_vs_baseline_factor: 0.98x
- rationale: The parent design is working; this creates a clear single-iteration follow-up to improve it.

=== Optimization Round 16/100 ===
[CYCLE] action_node=4 action_node_id=node_mla_paged_decode_h16_ckv512_kpe64_ps1_r14_cont_1 attempt=1 parent_is_root=no base_code=yes

[STAGE] codegen: attempt 1 (round 16) no_improve_streak=0/5 no_improve_over_base=0/5

[STAGE] create Solution object from current code (round 16)

[STAGE] evaluate solution (round 16)
Round summary: passed 5/5 | mean_vs_baseline=- | mean_speedup=13.76x | mean_latency=0.9579 ms

=== Optimization Round 17/100 ===
[CYCLE] action_node=4 action_node_id=node_mla_paged_decode_h16_ckv512_kpe64_ps1_r14_cont_1 attempt=2 parent_is_root=no base_code=yes

[STAGE] codegen: attempt 2 (round 17) no_improve_streak=0/5 no_improve_over_base=1/5

[STAGE] create Solution object from current code (round 17)

[STAGE] evaluate solution (round 17)
Round summary: passed 5/5 | mean_vs_baseline=- | mean_speedup=13.65x | mean_latency=0.9588 ms

=== Optimization Round 18/100 ===
[CYCLE] action_node=4 action_node_id=node_mla_paged_decode_h16_ckv512_kpe64_ps1_r14_cont_1 attempt=3 parent_is_root=no base_code=yes

[STAGE] codegen: attempt 3 (round 18) no_improve_streak=1/5 no_improve_over_base=2/5

[STAGE] create Solution object from current code (round 18)

[STAGE] evaluate solution (round 18)
Round summary: passed 5/5 | mean_vs_baseline=- | mean_speedup=12.96x | mean_latency=1.0559 ms

=== Optimization Round 19/100 ===
[CYCLE] action_node=4 action_node_id=node_mla_paged_decode_h16_ckv512_kpe64_ps1_r14_cont_1 attempt=4 parent_is_root=no base_code=yes

[STAGE] codegen: attempt 4 (round 19) no_improve_streak=2/5 no_improve_over_base=3/5

[STAGE] create Solution object from current code (round 19)

[STAGE] evaluate solution (round 19)
Round summary: passed 5/5 | mean_vs_baseline=- | mean_speedup=13.78x | mean_latency=0.9577 ms

=== Optimization Round 20/100 ===
[CYCLE] action_node=4 action_node_id=node_mla_paged_decode_h16_ckv512_kpe64_ps1_r14_cont_1 attempt=5 parent_is_root=no base_code=yes

[STAGE] codegen: attempt 5 (round 20) no_improve_streak=0/5 no_improve_over_base=4/5

[STAGE] create Solution object from current code (round 20)

[STAGE] evaluate solution (round 20)
Round summary: passed 5/5 | mean_vs_baseline=- | mean_speedup=13.73x | mean_latency=0.9573 ms

[STAGE] cycle end: attach+refine best PASSED (round 19, score=13.782)
WM status: nodes=8 attached_solutions=4 active_leaf_id=node_mla_paged_decode_h16_ckv512_kpe64_ps1_r14_cont_1 depth=4
  last_trace: status=passed speedup=13.82x latency=0.9578ms
  active_path: root:<root> | sequence_head_group:program_ownership_family->sequence_owned_head_group | sequence_head_group_prefetch:load_schedule_refinement->software_pipelined_page_prefetch | prefetch_context_bucketed_group4:head_group_schedule_refinement->context_bucketed_group4 | node_mla_paged_decode_h16_ckv512_kpe64_ps1_r14_cont_1:Continue->Next-step refinement
  nodes_preview: root:<root> | sequence_head_group:program_ownership_family→sequence_owned_head_group | sequence_wide_short:program_ownership_family→sequence_wide_short_context | independent_head:program_ownership_family→independent_head_rows | sequence_head_group_prefetch:load_schedule_refinement→software_pipelined_page_prefetch | prefetch_context_bucketed_group4:head_gro ... e_refinement→context_bucketed_group4 | node_mla_paged_decode_h16_ckv512_kpe64_ps1_r14_cont_1:Continue→Next-step refinement | node_best_cont_r16_1:Continue from best→Next-step refine ... est solution
[WM] apply_edit_ops: ops=3 updates=2 inserts=1 split_children=0 deletes=0 new_nodes_added=1/3 skipped_cap=0 skipped_missing_parent=0 skipped_parent_solution_id_mismatch=0 skipped_update_missing_node=0 skipped_insert_invalid_node=0 skipped_split_invalid_children=0 skipped_delete_not_allowed=0
WM status: nodes=9 attached_solutions=4 active_leaf_id=node_mla_paged_decode_h16_ckv512_kpe64_ps1_r15_adaptive_warps depth=5
  last_trace: status=passed speedup=13.78x latency=0.9577ms
  active_path: root:<root> | sequence_head_group:program_ownership_family->sequence_owned_head_group | sequence_head_group_prefetch:load_schedule_refinement->software_pipelined_page_prefetch | prefetch_context_bucketed_group4:head_group_schedule_refinement->context_bucketed_group4 | node_mla_paged_decode_h16_ckv512_kpe64_ps1_r14_cont_1:Continue->Next-step refinement | node_mla_paged_decode_h16_ckv512_kpe64_ps1_r15_adaptive_warps:launch_schedule_refinement->average_pages_adaptive_four_or_eight_warps
  nodes_preview: root:<root> | sequence_head_group:program_ownership_family→sequence_owned_head_group | sequence_wide_short:program_ownership_family→sequence_wide_short_context | independent_head:program_ownership_family→independent_head_rows | sequence_head_group_prefetch:load_schedule_refinement→software_pipelined_page_prefetch | prefetch_context_bucketed_group4:head_gro ... e_refinement→context_bucketed_group4 | node_mla_paged_decode_h16_ckv512_kpe64_ps1_r14_cont_1:Continue→Next-step refinement | node_best_cont_r16_1:Continue from best→Next-step refine ... est solution | ...

[STAGE] world model: select next action (cycle start @ round 21)
WM status: nodes=9 attached_solutions=4 active_leaf_id=node_mla_paged_decode_h16_ckv512_kpe64_ps1_r15_adaptive_warps depth=5
  last_trace: status=passed speedup=13.78x latency=0.9577ms
  active_path: root:<root> | sequence_head_group:program_ownership_family->sequence_owned_head_group | sequence_head_group_prefetch:load_schedule_refinement->software_pipelined_page_prefetch | prefetch_context_bucketed_group4:head_group_schedule_refinement->context_bucketed_group4 | node_mla_paged_decode_h16_ckv512_kpe64_ps1_r14_cont_1:Continue->Next-step refinement | node_mla_paged_decode_h16_ckv512_kpe64_ps1_r15_adaptive_warps:launch_schedule_refinement->average_pages_adaptive_four_or_eight_warps
  nodes_preview: root:<root> | sequence_head_group:program_ownership_family→sequence_owned_head_group | sequence_wide_short:program_ownership_family→sequence_wide_short_context | independent_head:program_ownership_family→independent_head_rows | sequence_head_group_prefetch:load_schedule_refinement→software_pipelined_page_prefetch | prefetch_context_bucketed_group4:head_gro ... e_refinement→context_bucketed_group4 | node_mla_paged_decode_h16_ckv512_kpe64_ps1_r14_cont_1:Continue→Next-step refinement | node_best_cont_r16_1:Continue from best→Next-step refine ... est solution | ...
World Model: Open Action Nodes (candidates) frontier=4 total_open=4
1. rating=9.9/10 score=0.60 diff=2/5 conf=0.99 vs_base~? | node_id=node_best_cont_r16_1 parent_id=sequence_head_group_prefetch | Refine best solution: target the top bottleneck — Propose one small change that targets the primary bottleneck indicated by the latest eval on the best solution, without changing the overall mapping plan.
2. rating=7.9/10 score=0.79 diff=3/5 conf=0.64 vs_base~0.98x | node_id=node_mla_paged_decode_h16_ckv512_kpe64_ps1_r15_adaptive_warps parent_id=node_mla_paged_decode_h16_ckv512_kpe64_ps1_r14_cont_1 | Dispatch four or eight warps from average page count
3. rating=5.8/10 score=0.48 diff=4/5 conf=0.67 vs_base~0.90x | node_id=sequence_wide_short parent_id=root | Prototype sequence-wide ownership for very short contexts — Implement a specialized short-context path in which one sequence program computes all 16 heads while retaining a compact logits tile and processing output dimensions in bounded tiles.
4. rating=3.9/10 score=0.26 diff=2/5 conf=0.82 vs_base~1.12x | node_id=independent_head parent_id=root | Prototype independent per-head rows — Implement one online-attention program per batch/head row so long contexts and small batches expose 16-way head parallelism with a simple FP32 state.
World Model: Chosen Next Action (from decision tree node)
- node_id: node_mla_paged_decode_h16_ckv512_kpe64_ps1_r15_adaptive_warps
- base_node_id: node_mla_paged_decode_h16_ckv512_kpe64_ps1_r14_cont_1
- title: Dispatch four or eight warps from average page count
- difficulty_1_to_5: 3
- expected_vs_baseline_factor: 0.98x

=== Optimization Round 21/100 ===
[CYCLE] action_node=5 action_node_id=node_mla_paged_decode_h16_ckv512_kpe64_ps1_r15_adaptive_warps attempt=1 parent_is_root=no base_code=yes

[STAGE] codegen: attempt 1 (round 21) no_improve_streak=0/5 no_improve_over_base=0/5

[STAGE] create Solution object from current code (round 21)

[STAGE] evaluate solution (round 21)
Round summary: passed 5/5 | mean_vs_baseline=- | mean_speedup=12.77x | mean_latency=0.9902 ms

=== Optimization Round 22/100 ===
[CYCLE] action_node=5 action_node_id=node_mla_paged_decode_h16_ckv512_kpe64_ps1_r15_adaptive_warps attempt=2 parent_is_root=no base_code=yes

[STAGE] codegen: attempt 2 (round 22) no_improve_streak=0/5 no_improve_over_base=1/5

[STAGE] create Solution object from current code (round 22)

[STAGE] evaluate solution (round 22)
Round summary: passed 5/5 | mean_vs_baseline=- | mean_speedup=13.62x | mean_latency=0.9586 ms

=== Optimization Round 23/100 ===
[CYCLE] action_node=5 action_node_id=node_mla_paged_decode_h16_ckv512_kpe64_ps1_r15_adaptive_warps attempt=3 parent_is_root=no base_code=yes

[STAGE] codegen: attempt 3 (round 23) no_improve_streak=0/5 no_improve_over_base=2/5

[STAGE] create Solution object from current code (round 23)

[STAGE] evaluate solution (round 23)
Round summary: passed 5/5 | mean_vs_baseline=- | mean_speedup=13.74x | mean_latency=0.9595 ms

=== Optimization Round 24/100 ===
[CYCLE] action_node=5 action_node_id=node_mla_paged_decode_h16_ckv512_kpe64_ps1_r15_adaptive_warps attempt=4 parent_is_root=no base_code=yes

[STAGE] codegen: attempt 4 (round 24) no_improve_streak=0/5 no_improve_over_base=3/5

[STAGE] create Solution object from current code (round 24)

[STAGE] evaluate solution (round 24)
Round summary: passed 5/5 | mean_vs_baseline=- | mean_speedup=13.75x | mean_latency=0.9582 ms

=== Optimization Round 25/100 ===
[CYCLE] action_node=5 action_node_id=node_mla_paged_decode_h16_ckv512_kpe64_ps1_r15_adaptive_warps attempt=5 parent_is_root=no base_code=yes

[STAGE] codegen: attempt 5 (round 25) no_improve_streak=0/5 no_improve_over_base=4/5

[STAGE] create Solution object from current code (round 25)

[STAGE] evaluate solution (round 25)
Round summary: passed 5/5 | mean_vs_baseline=- | mean_speedup=13.71x | mean_latency=0.9574 ms

[STAGE] cycle end: attach+refine best PASSED (round 24, score=13.751)
WM status: nodes=9 attached_solutions=5 active_leaf_id=node_mla_paged_decode_h16_ckv512_kpe64_ps1_r15_adaptive_warps depth=5
  last_trace: status=passed speedup=13.78x latency=0.9577ms
  active_path: root:<root> | sequence_head_group:program_ownership_family->sequence_owned_head_group | sequence_head_group_prefetch:load_schedule_refinement->software_pipelined_page_prefetch | prefetch_context_bucketed_group4:head_group_schedule_refinement->context_bucketed_group4 | node_mla_paged_decode_h16_ckv512_kpe64_ps1_r14_cont_1:Continue->Next-step refinement | node_mla_paged_decode_h16_ckv512_kpe64_ps1_r15_adaptive_warps:launch_schedule_refinement->average_pages_adaptive_four_or_eight_warps
  nodes_preview: root:<root> | sequence_head_group:program_ownership_family→sequence_owned_head_group | sequence_wide_short:program_ownership_family→sequence_wide_short_context | independent_head:program_ownership_family→independent_head_rows | sequence_head_group_prefetch:load_schedule_refinement→software_pipelined_page_prefetch | prefetch_context_bucketed_group4:head_gro ... e_refinement→context_bucketed_group4 | node_mla_paged_decode_h16_ckv512_kpe64_ps1_r14_cont_1:Continue→Next-step refinement | node_best_cont_r16_1:Continue from best→Next-step refine ... est solution | ...
[WM] apply_edit_ops: ops=2 updates=1 inserts=0 split_children=0 deletes=0 new_nodes_added=0/3 skipped_cap=0 skipped_missing_parent=0 skipped_parent_solution_id_mismatch=1 skipped_update_missing_node=0 skipped_insert_invalid_node=0 skipped_split_invalid_children=0 skipped_delete_not_allowed=0
[WM][WARN] edit-ops had skipped operations; refine will retry if this was a refine call.
[WM] apply_edit_ops: ops=2 updates=1 inserts=0 split_children=0 deletes=0 new_nodes_added=0/3 skipped_cap=0 skipped_missing_parent=0 skipped_parent_solution_id_mismatch=1 skipped_update_missing_node=0 skipped_insert_invalid_node=0 skipped_split_invalid_children=0 skipped_delete_not_allowed=0
[WM][WARN] edit-ops had skipped operations; refine will retry if this was a refine call.
WM status: nodes=10 attached_solutions=5 active_leaf_id=node_mla_paged_decode_h16_ckv512_kpe64_ps1_r15_adaptive_warps depth=5
  last_trace: status=passed speedup=13.75x latency=0.9582ms
  active_path: root:<root> | sequence_head_group:program_ownership_family->sequence_owned_head_group | sequence_head_group_prefetch:load_schedule_refinement->software_pipelined_page_prefetch | prefetch_context_bucketed_group4:head_group_schedule_refinement->context_bucketed_group4 | node_mla_paged_decode_h16_ckv512_kpe64_ps1_r14_cont_1:Continue->Next-step refinement | node_mla_paged_decode_h16_ckv512_kpe64_ps1_r15_adaptive_warps:launch_schedule_refinement->average_pages_adaptive_four_or_eight_warps
  nodes_preview: root:<root> | sequence_head_group:program_ownership_family→sequence_owned_head_group | sequence_wide_short:program_ownership_family→sequence_wide_short_context | independent_head:program_ownership_family→independent_head_rows | sequence_head_group_prefetch:load_schedule_refinement→software_pipelined_page_prefetch | prefetch_context_bucketed_group4:head_gro ... e_refinement→context_bucketed_group4 | node_mla_paged_decode_h16_ckv512_kpe64_ps1_r14_cont_1:Continue→Next-step refinement | node_best_cont_r16_1:Continue from best→Next-step refine ... est solution | ...

[STAGE] world model: select next action (cycle start @ round 26)
WM status: nodes=10 attached_solutions=5 active_leaf_id=node_mla_paged_decode_h16_ckv512_kpe64_ps1_r15_adaptive_warps depth=5
  last_trace: status=passed speedup=13.75x latency=0.9582ms
  active_path: root:<root> | sequence_head_group:program_ownership_family->sequence_owned_head_group | sequence_head_group_prefetch:load_schedule_refinement->software_pipelined_page_prefetch | prefetch_context_bucketed_group4:head_group_schedule_refinement->context_bucketed_group4 | node_mla_paged_decode_h16_ckv512_kpe64_ps1_r14_cont_1:Continue->Next-step refinement | node_mla_paged_decode_h16_ckv512_kpe64_ps1_r15_adaptive_warps:launch_schedule_refinement->average_pages_adaptive_four_or_eight_warps
  nodes_preview: root:<root> | sequence_head_group:program_ownership_family→sequence_owned_head_group | sequence_wide_short:program_ownership_family→sequence_wide_short_context | independent_head:program_ownership_family→independent_head_rows | sequence_head_group_prefetch:load_schedule_refinement→software_pipelined_page_prefetch | prefetch_context_bucketed_group4:head_gro ... e_refinement→context_bucketed_group4 | node_mla_paged_decode_h16_ckv512_kpe64_ps1_r14_cont_1:Continue→Next-step refinement | node_best_cont_r16_1:Continue from best→Next-step refine ... est solution | ...
World Model: Open Action Nodes (candidates) frontier=4 total_open=4
1. rating=9.9/10 score=0.60 diff=2/5 conf=0.99 vs_base~? | node_id=node_best_cont_r16_1 parent_id=sequence_head_group_prefetch | Refine best solution: target the top bottleneck — Propose one small change that targets the primary bottleneck indicated by the latest eval on the best solution, without changing the overall mapping plan.
2. rating=5.8/10 score=0.48 diff=4/5 conf=0.67 vs_base~0.90x | node_id=sequence_wide_short parent_id=root | Prototype sequence-wide ownership for very short contexts — Implement a specialized short-context path in which one sequence program computes all 16 heads while retaining a compact logits tile and processing output dimensions in bounded tiles.
3. rating=5.1/10 score=0.35 diff=2/5 conf=0.96 vs_base~? | node_id=node_mla_paged_decode_h16_ckv512_kpe64_ps1_r24_cont_1 parent_id=node_mla_paged_decode_h16_ckv512_kpe64_ps1_r15_adaptive_warps | Next-step refinement: target the top bottleneck operation — Propose one small change that targets the primary bottleneck operation indicated by the latest eval (e.g., reduce sync, reduce redundant loads, or improve locality), without changing the overall mapping plan.
4. rating=3.9/10 score=0.26 diff=2/5 conf=0.82 vs_base~1.12x | node_id=independent_head parent_id=root | Prototype independent per-head rows — Implement one online-attention program per batch/head row so long contexts and small batches expose 16-way head parallelism with a simple FP32 state.
World Model: Chosen Next Action (from decision tree node)
- node_id: node_best_cont_r16_1
- base_node_id: sequence_head_group_prefetch
- title: Refine best solution: target the top bottleneck
- difficulty_1_to_5: 2
- description: Propose one small change that targets the primary bottleneck indicated by the latest eval on the best solution, without changing the overall mapping plan.
- rationale: The best solution should always have a continuation path for further improvement.

=== Optimization Round 26/100 ===
[CYCLE] action_node=6 action_node_id=node_best_cont_r16_1 attempt=1 parent_is_root=no base_code=yes

[STAGE] codegen: attempt 1 (round 26) no_improve_streak=0/5 no_improve_over_base=0/5

[STAGE] create Solution object from current code (round 26)

[STAGE] evaluate solution (round 26)
Round summary: passed 5/5 | mean_vs_baseline=- | mean_speedup=13.60x | mean_latency=0.9760 ms

=== Optimization Round 27/100 ===
[CYCLE] action_node=6 action_node_id=node_best_cont_r16_1 attempt=2 parent_is_root=no base_code=yes

[STAGE] codegen: attempt 2 (round 27) no_improve_streak=0/5 no_improve_over_base=1/5

[STAGE] create Solution object from current code (round 27)

[STAGE] evaluate solution (round 27)
Round summary: passed 5/5 | mean_vs_baseline=- | mean_speedup=13.58x | mean_latency=0.9602 ms

=== Optimization Round 28/100 ===
[CYCLE] action_node=6 action_node_id=node_best_cont_r16_1 attempt=3 parent_is_root=no base_code=yes

[STAGE] codegen: attempt 3 (round 28) no_improve_streak=1/5 no_improve_over_base=2/5

[STAGE] create Solution object from current code (round 28)

[STAGE] evaluate solution (round 28)
Round summary: passed 5/5 | mean_vs_baseline=- | mean_speedup=13.67x | mean_latency=0.9583 ms

=== Optimization Round 29/100 ===
[CYCLE] action_node=6 action_node_id=node_best_cont_r16_1 attempt=4 parent_is_root=no base_code=yes

[STAGE] codegen: attempt 4 (round 29) no_improve_streak=0/5 no_improve_over_base=3/5

[STAGE] create Solution object from current code (round 29)

[STAGE] evaluate solution (round 29)
Round summary: passed 5/5 | mean_vs_baseline=- | mean_speedup=13.80x | mean_latency=0.9561 ms

=== Optimization Round 30/100 ===
[CYCLE] action_node=6 action_node_id=node_best_cont_r16_1 attempt=5 parent_is_root=no base_code=yes

[STAGE] codegen: attempt 5 (round 30) no_improve_streak=0/5 no_improve_over_base=4/5

[STAGE] create Solution object from current code (round 30)

[STAGE] evaluate solution (round 30)
Round summary: passed 5/5 | mean_vs_baseline=- | mean_speedup=13.51x | mean_latency=0.9608 ms

[STAGE] cycle end: attach+refine best PASSED (round 29, score=13.804)
WM status: nodes=10 attached_solutions=6 active_leaf_id=node_best_cont_r16_1 depth=3
  last_trace: status=passed speedup=13.75x latency=0.9582ms
  active_path: root:<root> | sequence_head_group:program_ownership_family->sequence_owned_head_group | sequence_head_group_prefetch:load_schedule_refinement->software_pipelined_page_prefetch | node_best_cont_r16_1:Continue from best->Next-step refinement of best solution
  nodes_preview: root:<root> | sequence_head_group:program_ownership_family→sequence_owned_head_group | sequence_wide_short:program_ownership_family→sequence_wide_short_context | independent_head:program_ownership_family→independent_head_rows | sequence_head_group_prefetch:load_schedule_refinement→software_pipelined_page_prefetch | prefetch_context_bucketed_group4:head_gro ... e_refinement→context_bucketed_group4 | node_mla_paged_decode_h16_ckv512_kpe64_ps1_r14_cont_1:Continue→Next-step refinement | node_best_cont_r16_1:Continue from best→Next-step refine ... est solution | ...
[WM] apply_edit_ops: ops=3 updates=2 inserts=1 split_children=0 deletes=0 new_nodes_added=1/3 skipped_cap=0 skipped_missing_parent=0 skipped_parent_solution_id_mismatch=0 skipped_update_missing_node=0 skipped_insert_invalid_node=0 skipped_split_invalid_children=0 skipped_delete_not_allowed=0
WM status: nodes=11 attached_solutions=6 active_leaf_id=node_best_cont_r16_hg4_short_dispatch depth=4
  last_trace: status=passed speedup=13.80x latency=0.9561ms
  active_path: root:<root> | sequence_head_group:program_ownership_family->sequence_owned_head_group | sequence_head_group_prefetch:load_schedule_refinement->software_pipelined_page_prefetch | node_best_cont_r16_1:Continue from best->Next-step refinement of best solution | node_best_cont_r16_hg4_short_dispatch:short_context_head_group_width->dispatch_head_group_4_for_short_contexts
  nodes_preview: root:<root> | sequence_head_group:program_ownership_family→sequence_owned_head_group | sequence_wide_short:program_ownership_family→sequence_wide_short_context | independent_head:program_ownership_family→independent_head_rows | sequence_head_group_prefetch:load_schedule_refinement→software_pipelined_page_prefetch | prefetch_context_bucketed_group4:head_gro ... e_refinement→context_bucketed_group4 | node_mla_paged_decode_h16_ckv512_kpe64_ps1_r14_cont_1:Continue→Next-step refinement | node_best_cont_r16_1:Continue from best→Next-step refine ... est solution | ...

[STAGE] world model: select next action (cycle start @ round 31)
[WM] apply_edit_ops: ops=3 updates=2 inserts=0 split_children=1 deletes=0 new_nodes_added=1/3 skipped_cap=0 skipped_missing_parent=0 skipped_parent_solution_id_mismatch=0 skipped_update_missing_node=0 skipped_insert_invalid_node=0 skipped_split_invalid_children=0 skipped_delete_not_allowed=0
WM status: nodes=12 attached_solutions=6 active_leaf_id=node_prefetch_fixed_hg2_w4 depth=3
  last_trace: status=passed speedup=13.80x latency=0.9561ms
  active_path: root:<root> | sequence_head_group:program_ownership_family->sequence_owned_head_group | sequence_head_group_prefetch:load_schedule_refinement->software_pipelined_page_prefetch | node_prefetch_fixed_hg2_w4:warp_count_refinement->fixed_head_group_2_num_warps_4
  nodes_preview: root:<root> | sequence_head_group:program_ownership_family→sequence_owned_head_group | sequence_wide_short:program_ownership_family→sequence_wide_short_context | independent_head:program_ownership_family→independent_head_rows | sequence_head_group_prefetch:load_schedule_refinement→software_pipelined_page_prefetch | prefetch_context_bucketed_group4:head_gro ... e_refinement→context_bucketed_group4 | node_mla_paged_decode_h16_ckv512_kpe64_ps1_r14_cont_1:Continue→Next-step refinement | node_best_cont_r16_1:Continue from best→Next-step refine ... est solution | ...
World Model: Open Action Nodes (candidates) frontier=5 total_open=5
1. rating=7.5/10 score=0.74 diff=2/5 conf=0.67 vs_base~0.95x | node_id=node_prefetch_fixed_hg2_w4 parent_id=sequence_head_group_prefetch | Benchmark fixed HG2 prefetch with four warps
2. rating=5.8/10 score=0.48 diff=4/5 conf=0.67 vs_base~0.90x | node_id=sequence_wide_short parent_id=root | Prototype sequence-wide ownership for very short contexts — Implement a specialized short-context path in which one sequence program computes all 16 heads while retaining a compact logits tile and processing output dimensions in bounded tiles.
3. rating=5.1/10 score=0.35 diff=2/5 conf=0.96 vs_base~? | node_id=node_mla_paged_decode_h16_ckv512_kpe64_ps1_r24_cont_1 parent_id=node_mla_paged_decode_h16_ckv512_kpe64_ps1_r15_adaptive_warps | Next-step refinement: target the top bottleneck operation — Propose one small change that targets the primary bottleneck operation indicated by the latest eval (e.g., reduce sync, reduce redundant loads, or improve locality), without changing the overall mapping plan.
4. rating=4.1/10 score=0.31 diff=4/5 conf=0.43 vs_base~0.92x | node_id=node_best_cont_r16_hg4_short_dispatch parent_id=node_best_cont_r16_1 | Dispatch four-head groups for short contexts
5. rating=3.9/10 score=0.26 diff=2/5 conf=0.82 vs_base~1.12x | node_id=independent_head parent_id=root | Prototype independent per-head rows — Implement one online-attention program per batch/head row so long contexts and small batches expose 16-way head parallelism with a simple FP32 state.
World Model: Chosen Next Action (from decision tree node)
- node_id: node_prefetch_fixed_hg2_w4
- base_node_id: sequence_head_group_prefetch
- title: Benchmark fixed HG2 prefetch with four warps
- difficulty_1_to_5: 2
- expected_vs_baseline_factor: 0.95x

=== Optimization Round 31/100 ===
[CYCLE] action_node=7 action_node_id=node_prefetch_fixed_hg2_w4 attempt=1 parent_is_root=no base_code=yes

[STAGE] codegen: attempt 1 (round 31) no_improve_streak=0/5 no_improve_over_base=0/5

[STAGE] create Solution object from current code (round 31)

[STAGE] evaluate solution (round 31)
Round summary: passed 5/5 | mean_vs_baseline=- | mean_speedup=12.08x | mean_latency=1.1159 ms

=== Optimization Round 32/100 ===
[CYCLE] action_node=7 action_node_id=node_prefetch_fixed_hg2_w4 attempt=2 parent_is_root=no base_code=yes

[STAGE] codegen: attempt 2 (round 32) no_improve_streak=0/5 no_improve_over_base=1/5

[STAGE] create Solution object from current code (round 32)

[STAGE] evaluate solution (round 32)
Round summary: passed 5/5 | mean_vs_baseline=- | mean_speedup=13.74x | mean_latency=0.9595 ms

=== Optimization Round 33/100 ===
[CYCLE] action_node=7 action_node_id=node_prefetch_fixed_hg2_w4 attempt=3 parent_is_root=no base_code=yes

[STAGE] codegen: attempt 3 (round 33) no_improve_streak=0/5 no_improve_over_base=2/5

[STAGE] create Solution object from current code (round 33)

[STAGE] evaluate solution (round 33)
Round summary: passed 5/5 | mean_vs_baseline=- | mean_speedup=12.09x | mean_latency=1.1179 ms

=== Optimization Round 34/100 ===
[CYCLE] action_node=7 action_node_id=node_prefetch_fixed_hg2_w4 attempt=4 parent_is_root=no base_code=yes

[STAGE] codegen: attempt 4 (round 34) no_improve_streak=1/5 no_improve_over_base=3/5

[STAGE] create Solution object from current code (round 34)

[STAGE] evaluate solution (round 34)
Round summary: passed 5/5 | mean_vs_baseline=- | mean_speedup=13.55x | mean_latency=0.9601 ms

=== Optimization Round 35/100 ===
[CYCLE] action_node=7 action_node_id=node_prefetch_fixed_hg2_w4 attempt=5 parent_is_root=no base_code=yes

[STAGE] codegen: attempt 5 (round 35) no_improve_streak=2/5 no_improve_over_base=4/5

[STAGE] create Solution object from current code (round 35)

[STAGE] evaluate solution (round 35)
Round summary: passed 5/5 | mean_vs_baseline=- | mean_speedup=12.05x | mean_latency=1.1174 ms

[STAGE] cycle end: attach+refine best PASSED (round 32, score=13.737)
WM status: nodes=12 attached_solutions=7 active_leaf_id=node_prefetch_fixed_hg2_w4 depth=3
  last_trace: status=passed speedup=13.80x latency=0.9561ms
  active_path: root:<root> | sequence_head_group:program_ownership_family->sequence_owned_head_group | sequence_head_group_prefetch:load_schedule_refinement->software_pipelined_page_prefetch | node_prefetch_fixed_hg2_w4:warp_count_refinement->fixed_head_group_2_num_warps_4
  nodes_preview: root:<root> | sequence_head_group:program_ownership_family→sequence_owned_head_group | sequence_wide_short:program_ownership_family→sequence_wide_short_context | independent_head:program_ownership_family→independent_head_rows | sequence_head_group_prefetch:load_schedule_refinement→software_pipelined_page_prefetch | prefetch_context_bucketed_group4:head_gro ... e_refinement→context_bucketed_group4 | node_mla_paged_decode_h16_ckv512_kpe64_ps1_r14_cont_1:Continue→Next-step refinement | node_best_cont_r16_1:Continue from best→Next-step refine ... est solution | ...
[WM] apply_edit_ops: ops=3 updates=2 inserts=0 split_children=0 deletes=0 new_nodes_added=0/3 skipped_cap=0 skipped_missing_parent=0 skipped_parent_solution_id_mismatch=1 skipped_update_missing_node=0 skipped_insert_invalid_node=0 skipped_split_invalid_children=0 skipped_delete_not_allowed=0
[WM][WARN] edit-ops had skipped operations; refine will retry if this was a refine call.
[WM] apply_edit_ops: ops=3 updates=2 inserts=0 split_children=1 deletes=0 new_nodes_added=1/3 skipped_cap=0 skipped_missing_parent=0 skipped_parent_solution_id_mismatch=0 skipped_update_missing_node=0 skipped_insert_invalid_node=0 skipped_split_invalid_children=0 skipped_delete_not_allowed=0
WM status: nodes=13 attached_solutions=7 active_leaf_id=node_prefetch_fixed_hg2_w4_correct_launch depth=4
  last_trace: status=passed speedup=13.74x latency=0.9595ms
  active_path: root:<root> | sequence_head_group:program_ownership_family->sequence_owned_head_group | sequence_head_group_prefetch:load_schedule_refinement->software_pipelined_page_prefetch | node_prefetch_fixed_hg2_w4:warp_count_refinement->fixed_head_group_2_num_warps_4 | node_prefetch_fixed_hg2_w4_correct_launch:warp_count_implementation_correction->launch_num_warps_4
  nodes_preview: root:<root> | sequence_head_group:program_ownership_family→sequence_owned_head_group | sequence_wide_short:program_ownership_family→sequence_wide_short_context | independent_head:program_ownership_family→independent_head_rows | sequence_head_group_prefetch:load_schedule_refinement→software_pipelined_page_prefetch | prefetch_context_bucketed_group4:head_gro ... e_refinement→context_bucketed_group4 | node_mla_paged_decode_h16_ckv512_kpe64_ps1_r14_cont_1:Continue→Next-step refinement | node_best_cont_r16_1:Continue from best→Next-step refine ... est solution | ...

[STAGE] world model: select next action (cycle start @ round 36)
[WM] apply_edit_ops: ops=4 updates=3 inserts=0 split_children=0 deletes=0 new_nodes_added=0/3 skipped_cap=0 skipped_missing_parent=0 skipped_parent_solution_id_mismatch=1 skipped_update_missing_node=0 skipped_insert_invalid_node=0 skipped_split_invalid_children=0 skipped_delete_not_allowed=0
[WM][WARN] edit-ops had skipped operations; refine will retry if this was a refine call.
WM status: nodes=14 attached_solutions=7 active_leaf_id=node_prefetch_fixed_hg2_w4_correct_launch depth=4
  last_trace: status=passed speedup=13.74x latency=0.9595ms
  active_path: root:<root> | sequence_head_group:program_ownership_family->sequence_owned_head_group | sequence_head_group_prefetch:load_schedule_refinement->software_pipelined_page_prefetch | node_prefetch_fixed_hg2_w4:warp_count_refinement->fixed_head_group_2_num_warps_4 | node_prefetch_fixed_hg2_w4_correct_launch:warp_count_implementation_correction->launch_num_warps_4
  nodes_preview: root:<root> | sequence_head_group:program_ownership_family→sequence_owned_head_group | sequence_wide_short:program_ownership_family→sequence_wide_short_context | independent_head:program_ownership_family→independent_head_rows | sequence_head_group_prefetch:load_schedule_refinement→software_pipelined_page_prefetch | prefetch_context_bucketed_group4:head_gro ... e_refinement→context_bucketed_group4 | node_mla_paged_decode_h16_ckv512_kpe64_ps1_r14_cont_1:Continue→Next-step refinement | node_best_cont_r16_1:Continue from best→Next-step refine ... est solution | ...
World Model: Open Action Nodes (candidates) frontier=6 total_open=6
1. rating=9.8/10 score=0.60 diff=2/5 conf=0.99 vs_base~? | node_id=node_best_cont_r36_1 parent_id=sequence_head_group_prefetch | Refine best solution: target the top bottleneck — Propose one small change that targets the primary bottleneck indicated by the latest eval on the best solution, without changing the overall mapping plan.
2. rating=9.5/10 score=0.97 diff=2/5 conf=0.98 vs_base~0.07x | node_id=node_prefetch_fixed_hg2_w4_correct_launch parent_id=node_prefetch_fixed_hg2_w4 | Launch the fixed two-head kernel with num_warps=4
3. rating=5.8/10 score=0.48 diff=4/5 conf=0.67 vs_base~0.90x | node_id=sequence_wide_short parent_id=root | Prototype sequence-wide ownership for very short contexts — Implement a specialized short-context path in which one sequence program computes all 16 heads while retaining a compact logits tile and processing output dimensions in bounded tiles.
4. rating=5.1/10 score=0.35 diff=2/5 conf=0.96 vs_base~? | node_id=node_mla_paged_decode_h16_ckv512_kpe64_ps1_r24_cont_1 parent_id=node_mla_paged_decode_h16_ckv512_kpe64_ps1_r15_adaptive_warps | Next-step refinement: target the top bottleneck operation — Propose one small change that targets the primary bottleneck operation indicated by the latest eval (e.g., reduce sync, reduce redundant loads, or improve locality), without changing the overall mapping plan.
5. rating=4.1/10 score=0.31 diff=4/5 conf=0.43 vs_base~0.92x | node_id=node_best_cont_r16_hg4_short_dispatch parent_id=node_best_cont_r16_1 | Dispatch four-head groups for short contexts
6. rating=3.9/10 score=0.26 diff=2/5 conf=0.82 vs_base~1.12x | node_id=independent_head parent_id=root | Prototype independent per-head rows — Implement one online-attention program per batch/head row so long contexts and small batches expose 16-way head parallelism with a simple FP32 state.
World Model: Chosen Next Action (from decision tree node)
- node_id: node_prefetch_fixed_hg2_w4_correct_launch
- base_node_id: node_prefetch_fixed_hg2_w4
- title: Launch the fixed two-head kernel with num_warps=4
- difficulty_1_to_5: 2
- expected_vs_baseline_factor: 0.07x

=== Optimization Round 36/100 ===
[CYCLE] action_node=8 action_node_id=node_prefetch_fixed_hg2_w4_correct_launch attempt=1 parent_is_root=no base_code=yes

[STAGE] codegen: attempt 1 (round 36) no_improve_streak=0/5 no_improve_over_base=0/5

[STAGE] create Solution object from current code (round 36)

[STAGE] evaluate solution (round 36)
Round summary: passed 5/5 | mean_vs_baseline=- | mean_speedup=12.09x | mean_latency=1.1156 ms

=== Optimization Round 37/100 ===
[CYCLE] action_node=8 action_node_id=node_prefetch_fixed_hg2_w4_correct_launch attempt=2 parent_is_root=no base_code=yes

[STAGE] codegen: attempt 2 (round 37) no_improve_streak=0/5 no_improve_over_base=1/5

[STAGE] create Solution object from current code (round 37)

[STAGE] evaluate solution (round 37)
Round summary: passed 5/5 | mean_vs_baseline=- | mean_speedup=13.72x | mean_latency=0.9585 ms

=== Optimization Round 38/100 ===
[CYCLE] action_node=8 action_node_id=node_prefetch_fixed_hg2_w4_correct_launch attempt=3 parent_is_root=no base_code=yes

[STAGE] codegen: attempt 3 (round 38) no_improve_streak=0/5 no_improve_over_base=2/5

[STAGE] create Solution object from current code (round 38)

[STAGE] evaluate solution (round 38)
Round summary: passed 5/5 | mean_vs_baseline=- | mean_speedup=12.07x | mean_latency=1.1164 ms

=== Optimization Round 39/100 ===
[CYCLE] action_node=8 action_node_id=node_prefetch_fixed_hg2_w4_correct_launch attempt=4 parent_is_root=no base_code=yes

[STAGE] codegen: attempt 4 (round 39) no_improve_streak=1/5 no_improve_over_base=3/5

[STAGE] create Solution object from current code (round 39)

[STAGE] evaluate solution (round 39)
Round summary: passed 5/5 | mean_vs_baseline=- | mean_speedup=13.67x | mean_latency=0.9601 ms

=== Optimization Round 40/100 ===
[CYCLE] action_node=8 action_node_id=node_prefetch_fixed_hg2_w4_correct_launch attempt=5 parent_is_root=no base_code=yes

[STAGE] codegen: attempt 5 (round 40) no_improve_streak=2/5 no_improve_over_base=4/5

[STAGE] create Solution object from current code (round 40)

[STAGE] evaluate solution (round 40)
Round summary: passed 5/5 | mean_vs_baseline=- | mean_speedup=12.04x | mean_latency=1.1185 ms

[STAGE] cycle end: attach+refine best PASSED (round 37, score=13.716)
WM status: nodes=14 attached_solutions=8 active_leaf_id=node_prefetch_fixed_hg2_w4_correct_launch depth=4
  last_trace: status=passed speedup=13.74x latency=0.9595ms
  active_path: root:<root> | sequence_head_group:program_ownership_family->sequence_owned_head_group | sequence_head_group_prefetch:load_schedule_refinement->software_pipelined_page_prefetch | node_prefetch_fixed_hg2_w4:warp_count_refinement->fixed_head_group_2_num_warps_4 | node_prefetch_fixed_hg2_w4_correct_launch:warp_count_implementation_correction->launch_num_warps_4
  nodes_preview: root:<root> | sequence_head_group:program_ownership_family→sequence_owned_head_group | sequence_wide_short:program_ownership_family→sequence_wide_short_context | independent_head:program_ownership_family→independent_head_rows | sequence_head_group_prefetch:load_schedule_refinement→software_pipelined_page_prefetch | prefetch_context_bucketed_group4:head_gro ... e_refinement→context_bucketed_group4 | node_mla_paged_decode_h16_ckv512_kpe64_ps1_r14_cont_1:Continue→Next-step refinement | node_best_cont_r16_1:Continue from best→Next-step refine ... est solution | ...
[WM] apply_edit_ops: ops=3 updates=2 inserts=1 split_children=0 deletes=0 new_nodes_added=1/3 skipped_cap=0 skipped_missing_parent=0 skipped_parent_solution_id_mismatch=0 skipped_update_missing_node=0 skipped_insert_invalid_node=0 skipped_split_invalid_children=0 skipped_delete_not_allowed=0
WM status: nodes=15 attached_solutions=8 active_leaf_id=node_actual_launch_hg2_w4 depth=5
  last_trace: status=passed speedup=13.72x latency=0.9585ms
  active_path: root:<root> | sequence_head_group:program_ownership_family->sequence_owned_head_group | sequence_head_group_prefetch:load_schedule_refinement->software_pipelined_page_prefetch | node_prefetch_fixed_hg2_w4:warp_count_refinement->fixed_head_group_2_num_warps_4 | node_prefetch_fixed_hg2_w4_correct_launch:warp_count_implementation_correction->launch_num_warps_4 | node_actual_launch_hg2_w4:launch_configuration_retry->replace_num_warps_8_with_4
  nodes_preview: root:<root> | sequence_head_group:program_ownership_family→sequence_owned_head_group | sequence_wide_short:program_ownership_family→sequence_wide_short_context | independent_head:program_ownership_family→independent_head_rows | sequence_head_group_prefetch:load_schedule_refinement→software_pipelined_page_prefetch | prefetch_context_bucketed_group4:head_gro ... e_refinement→context_bucketed_group4 | node_mla_paged_decode_h16_ckv512_kpe64_ps1_r14_cont_1:Continue→Next-step refinement | node_best_cont_r16_1:Continue from best→Next-step refine ... est solution | ...

[STAGE] world model: select next action (cycle start @ round 41)
WM status: nodes=15 attached_solutions=8 active_leaf_id=node_actual_launch_hg2_w4 depth=5
  last_trace: status=passed speedup=13.72x latency=0.9585ms
  active_path: root:<root> | sequence_head_group:program_ownership_family->sequence_owned_head_group | sequence_head_group_prefetch:load_schedule_refinement->software_pipelined_page_prefetch | node_prefetch_fixed_hg2_w4:warp_count_refinement->fixed_head_group_2_num_warps_4 | node_prefetch_fixed_hg2_w4_correct_launch:warp_count_implementation_correction->launch_num_warps_4 | node_actual_launch_hg2_w4:launch_configuration_retry->replace_num_warps_8_with_4
  nodes_preview: root:<root> | sequence_head_group:program_ownership_family→sequence_owned_head_group | sequence_wide_short:program_ownership_family→sequence_wide_short_context | independent_head:program_ownership_family→independent_head_rows | sequence_head_group_prefetch:load_schedule_refinement→software_pipelined_page_prefetch | prefetch_context_bucketed_group4:head_gro ... e_refinement→context_bucketed_group4 | node_mla_paged_decode_h16_ckv512_kpe64_ps1_r14_cont_1:Continue→Next-step refinement | node_best_cont_r16_1:Continue from best→Next-step refine ... est solution | ...
World Model: Open Action Nodes (candidates) frontier=6 total_open=6
1. rating=9.8/10 score=0.60 diff=2/5 conf=0.99 vs_base~? | node_id=node_best_cont_r36_1 parent_id=sequence_head_group_prefetch | Refine best solution: target the top bottleneck — Propose one small change that targets the primary bottleneck indicated by the latest eval on the best solution, without changing the overall mapping plan.
2. rating=7.4/10 score=0.76 diff=1/5 conf=0.72 vs_base~0.07x | node_id=node_actual_launch_hg2_w4 parent_id=node_prefetch_fixed_hg2_w4_correct_launch | Actually launch the prefetched two-head kernel with four warps
3. rating=5.8/10 score=0.48 diff=4/5 conf=0.67 vs_base~0.90x | node_id=sequence_wide_short parent_id=root | Prototype sequence-wide ownership for very short contexts — Implement a specialized short-context path in which one sequence program computes all 16 heads while retaining a compact logits tile and processing output dimensions in bounded tiles.
4. rating=5.1/10 score=0.35 diff=2/5 conf=0.96 vs_base~? | node_id=node_mla_paged_decode_h16_ckv512_kpe64_ps1_r24_cont_1 parent_id=node_mla_paged_decode_h16_ckv512_kpe64_ps1_r15_adaptive_warps | Next-step refinement: target the top bottleneck operation — Propose one small change that targets the primary bottleneck operation indicated by the latest eval (e.g., reduce sync, reduce redundant loads, or improve locality), without changing the overall mapping plan.
5. rating=4.1/10 score=0.31 diff=4/5 conf=0.43 vs_base~0.92x | node_id=node_best_cont_r16_hg4_short_dispatch parent_id=node_best_cont_r16_1 | Dispatch four-head groups for short contexts
6. rating=3.9/10 score=0.26 diff=2/5 conf=0.82 vs_base~1.12x | node_id=independent_head parent_id=root | Prototype independent per-head rows — Implement one online-attention program per batch/head row so long contexts and small batches expose 16-way head parallelism with a simple FP32 state.
World Model: Chosen Next Action (from decision tree node)
- node_id: node_actual_launch_hg2_w4
- base_node_id: node_prefetch_fixed_hg2_w4_correct_launch
- title: Actually launch the prefetched two-head kernel with four warps
- difficulty_1_to_5: 1
- expected_vs_baseline_factor: 0.07x

=== Optimization Round 41/100 ===
[CYCLE] action_node=9 action_node_id=node_actual_launch_hg2_w4 attempt=1 parent_is_root=no base_code=yes

[STAGE] codegen: attempt 1 (round 41) no_improve_streak=0/5 no_improve_over_base=0/5

[STAGE] create Solution object from current code (round 41)

[STAGE] evaluate solution (round 41)
Round summary: passed 5/5 | mean_vs_baseline=- | mean_speedup=12.11x | mean_latency=1.1153 ms

=== Optimization Round 42/100 ===
[CYCLE] action_node=9 action_node_id=node_actual_launch_hg2_w4 attempt=2 parent_is_root=no base_code=yes

[STAGE] codegen: attempt 2 (round 42) no_improve_streak=0/5 no_improve_over_base=1/5

[STAGE] create Solution object from current code (round 42)

[STAGE] evaluate solution (round 42)
Round summary: passed 5/5 | mean_vs_baseline=- | mean_speedup=13.76x | mean_latency=0.9567 ms

=== Optimization Round 43/100 ===
[CYCLE] action_node=9 action_node_id=node_actual_launch_hg2_w4 attempt=3 parent_is_root=no base_code=yes

[STAGE] codegen: attempt 3 (round 43) no_improve_streak=0/5 no_improve_over_base=0/5

[STAGE] create Solution object from current code (round 43)

[STAGE] evaluate solution (round 43)
Round summary: passed 5/5 | mean_vs_baseline=- | mean_speedup=12.03x | mean_latency=1.1169 ms

=== Optimization Round 44/100 ===
[CYCLE] action_node=9 action_node_id=node_actual_launch_hg2_w4 attempt=4 parent_is_root=no base_code=yes

[STAGE] codegen: attempt 4 (round 44) no_improve_streak=1/5 no_improve_over_base=0/5

[STAGE] create Solution object from current code (round 44)

[STAGE] evaluate solution (round 44)
Round summary: passed 5/5 | mean_vs_baseline=- | mean_speedup=13.76x | mean_latency=0.9575 ms

=== Optimization Round 45/100 ===
[CYCLE] action_node=9 action_node_id=node_actual_launch_hg2_w4 attempt=5 parent_is_root=no base_code=yes

[STAGE] codegen: attempt 5 (round 45) no_improve_streak=2/5 no_improve_over_base=0/5

[STAGE] create Solution object from current code (round 45)

[STAGE] evaluate solution (round 45)
Round summary: passed 5/5 | mean_vs_baseline=- | mean_speedup=12.08x | mean_latency=1.1168 ms

[STAGE] cycle end: attach+refine best PASSED (round 42, score=13.756)
WM status: nodes=15 attached_solutions=9 active_leaf_id=node_actual_launch_hg2_w4 depth=5
  last_trace: status=passed speedup=13.72x latency=0.9585ms
  active_path: root:<root> | sequence_head_group:program_ownership_family->sequence_owned_head_group | sequence_head_group_prefetch:load_schedule_refinement->software_pipelined_page_prefetch | node_prefetch_fixed_hg2_w4:warp_count_refinement->fixed_head_group_2_num_warps_4 | node_prefetch_fixed_hg2_w4_correct_launch:warp_count_implementation_correction->launch_num_warps_4 | node_actual_launch_hg2_w4:launch_configuration_retry->replace_num_warps_8_with_4
  nodes_preview: root:<root> | sequence_head_group:program_ownership_family→sequence_owned_head_group | sequence_wide_short:program_ownership_family→sequence_wide_short_context | independent_head:program_ownership_family→independent_head_rows | sequence_head_group_prefetch:load_schedule_refinement→software_pipelined_page_prefetch | prefetch_context_bucketed_group4:head_gro ... e_refinement→context_bucketed_group4 | node_mla_paged_decode_h16_ckv512_kpe64_ps1_r14_cont_1:Continue→Next-step refinement | node_best_cont_r16_1:Continue from best→Next-step refine ... est solution | ...
[WM] apply_edit_ops: ops=3 updates=2 inserts=1 split_children=0 deletes=0 new_nodes_added=1/3 skipped_cap=0 skipped_missing_parent=0 skipped_parent_solution_id_mismatch=0 skipped_update_missing_node=0 skipped_insert_invalid_node=0 skipped_split_invalid_children=0 skipped_delete_not_allowed=0
WM status: nodes=16 attached_solutions=9 active_leaf_id=node_actual_launch_hg2_w4_literal_repair depth=6
  last_trace: status=passed speedup=13.76x latency=0.9567ms
  active_path: root:<root> | sequence_head_group:program_ownership_family->sequence_owned_head_group | sequence_head_group_prefetch:load_schedule_refinement->software_pipelined_page_prefetch | node_prefetch_fixed_hg2_w4:warp_count_refinement->fixed_head_group_2_num_warps_4 | node_prefetch_fixed_hg2_w4_correct_launch:warp_count_implementation_correction->launch_num_warps_4 | ... | node_actual_launch_hg2_w4_literal_repair:launch_configuration_implementation_repair->set_launch_num_warps_literal_to_4
  nodes_preview: root:<root> | sequence_head_group:program_ownership_family→sequence_owned_head_group | sequence_wide_short:program_ownership_family→sequence_wide_short_context | independent_head:program_ownership_family→independent_head_rows | sequence_head_group_prefetch:load_schedule_refinement→software_pipelined_page_prefetch | prefetch_context_bucketed_group4:head_gro ... e_refinement→context_bucketed_group4 | node_mla_paged_decode_h16_ckv512_kpe64_ps1_r14_cont_1:Continue→Next-step refinement | node_best_cont_r16_1:Continue from best→Next-step refine ... est solution | ...

[STAGE] world model: select next action (cycle start @ round 46)
WM status: nodes=16 attached_solutions=9 active_leaf_id=node_actual_launch_hg2_w4_literal_repair depth=6
  last_trace: status=passed speedup=13.76x latency=0.9567ms
  active_path: root:<root> | sequence_head_group:program_ownership_family->sequence_owned_head_group | sequence_head_group_prefetch:load_schedule_refinement->software_pipelined_page_prefetch | node_prefetch_fixed_hg2_w4:warp_count_refinement->fixed_head_group_2_num_warps_4 | node_prefetch_fixed_hg2_w4_correct_launch:warp_count_implementation_correction->launch_num_warps_4 | ... | node_actual_launch_hg2_w4_literal_repair:launch_configuration_implementation_repair->set_launch_num_warps_literal_to_4
  nodes_preview: root:<root> | sequence_head_group:program_ownership_family→sequence_owned_head_group | sequence_wide_short:program_ownership_family→sequence_wide_short_context | independent_head:program_ownership_family→independent_head_rows | sequence_head_group_prefetch:load_schedule_refinement→software_pipelined_page_prefetch | prefetch_context_bucketed_group4:head_gro ... e_refinement→context_bucketed_group4 | node_mla_paged_decode_h16_ckv512_kpe64_ps1_r14_cont_1:Continue→Next-step refinement | node_best_cont_r16_1:Continue from best→Next-step refine ... est solution | ...
World Model: Open Action Nodes (candidates) frontier=6 total_open=6
1. rating=9.8/10 score=0.60 diff=2/5 conf=0.99 vs_base~? | node_id=node_best_cont_r36_1 parent_id=sequence_head_group_prefetch | Refine best solution: target the top bottleneck — Propose one small change that targets the primary bottleneck indicated by the latest eval on the best solution, without changing the overall mapping plan.
2. rating=7.1/10 score=0.75 diff=1/5 conf=0.61 vs_base~0.07x | node_id=node_actual_launch_hg2_w4_literal_repair parent_id=node_actual_launch_hg2_w4 | Replace the launch literal with four warps and verify the specialization
3. rating=5.8/10 score=0.48 diff=4/5 conf=0.67 vs_base~0.90x | node_id=sequence_wide_short parent_id=root | Prototype sequence-wide ownership for very short contexts — Implement a specialized short-context path in which one sequence program computes all 16 heads while retaining a compact logits tile and processing output dimensions in bounded tiles.
4. rating=5.1/10 score=0.35 diff=2/5 conf=0.96 vs_base~? | node_id=node_mla_paged_decode_h16_ckv512_kpe64_ps1_r24_cont_1 parent_id=node_mla_paged_decode_h16_ckv512_kpe64_ps1_r15_adaptive_warps | Next-step refinement: target the top bottleneck operation — Propose one small change that targets the primary bottleneck operation indicated by the latest eval (e.g., reduce sync, reduce redundant loads, or improve locality), without changing the overall mapping plan.
5. rating=4.1/10 score=0.31 diff=4/5 conf=0.43 vs_base~0.92x | node_id=node_best_cont_r16_hg4_short_dispatch parent_id=node_best_cont_r16_1 | Dispatch four-head groups for short contexts
6. rating=3.9/10 score=0.26 diff=2/5 conf=0.82 vs_base~1.12x | node_id=independent_head parent_id=root | Prototype independent per-head rows — Implement one online-attention program per batch/head row so long contexts and small batches expose 16-way head parallelism with a simple FP32 state.
World Model: Chosen Next Action (from decision tree node)
- node_id: node_actual_launch_hg2_w4_literal_repair
- base_node_id: node_actual_launch_hg2_w4
- title: Replace the launch literal with four warps and verify the specialization
- difficulty_1_to_5: 1
- expected_vs_baseline_factor: 0.07x

=== Optimization Round 46/100 ===
[CYCLE] action_node=10 action_node_id=node_actual_launch_hg2_w4_literal_repair attempt=1 parent_is_root=no base_code=yes

[STAGE] codegen: attempt 1 (round 46) no_improve_streak=0/5 no_improve_over_base=0/5

[STAGE] create Solution object from current code (round 46)

[STAGE] evaluate solution (round 46)
Round summary: passed 5/5 | mean_vs_baseline=- | mean_speedup=12.13x | mean_latency=1.1150 ms

=== Optimization Round 47/100 ===
[CYCLE] action_node=10 action_node_id=node_actual_launch_hg2_w4_literal_repair attempt=2 parent_is_root=no base_code=yes

[STAGE] codegen: attempt 2 (round 47) no_improve_streak=0/5 no_improve_over_base=1/5

[STAGE] create Solution object from current code (round 47)

[STAGE] evaluate solution (round 47)
Round summary: passed 5/5 | mean_vs_baseline=- | mean_speedup=13.71x | mean_latency=0.9576 ms

=== Optimization Round 48/100 ===
[CYCLE] action_node=10 action_node_id=node_actual_launch_hg2_w4_literal_repair attempt=3 parent_is_root=no base_code=yes

[STAGE] codegen: attempt 3 (round 48) no_improve_streak=0/5 no_improve_over_base=2/5

[STAGE] create Solution object from current code (round 48)

[STAGE] evaluate solution (round 48)
Round summary: passed 5/5 | mean_vs_baseline=- | mean_speedup=12.10x | mean_latency=1.1142 ms

=== Optimization Round 49/100 ===
[CYCLE] action_node=10 action_node_id=node_actual_launch_hg2_w4_literal_repair attempt=4 parent_is_root=no base_code=yes

[STAGE] codegen: attempt 4 (round 49) no_improve_streak=1/5 no_improve_over_base=3/5

[STAGE] create Solution object from current code (round 49)

[STAGE] evaluate solution (round 49)
Round summary: passed 5/5 | mean_vs_baseline=- | mean_speedup=13.62x | mean_latency=0.9590 ms

=== Optimization Round 50/100 ===
[CYCLE] action_node=10 action_node_id=node_actual_launch_hg2_w4_literal_repair attempt=5 parent_is_root=no base_code=yes

[STAGE] codegen: attempt 5 (round 50) no_improve_streak=2/5 no_improve_over_base=4/5

[STAGE] create Solution object from current code (round 50)

[STAGE] evaluate solution (round 50)
Round summary: passed 5/5 | mean_vs_baseline=- | mean_speedup=12.06x | mean_latency=1.1153 ms

[STAGE] cycle end: attach+refine best PASSED (round 47, score=13.706)
WM status: nodes=16 attached_solutions=10 active_leaf_id=node_actual_launch_hg2_w4_literal_repair depth=6
  last_trace: status=passed speedup=13.76x latency=0.9567ms
  active_path: root:<root> | sequence_head_group:program_ownership_family->sequence_owned_head_group | sequence_head_group_prefetch:load_schedule_refinement->software_pipelined_page_prefetch | node_prefetch_fixed_hg2_w4:warp_count_refinement->fixed_head_group_2_num_warps_4 | node_prefetch_fixed_hg2_w4_correct_launch:warp_count_implementation_correction->launch_num_warps_4 | ... | node_actual_launch_hg2_w4_literal_repair:launch_configuration_implementation_repair->set_launch_num_warps_literal_to_4
  nodes_preview: root:<root> | sequence_head_group:program_ownership_family→sequence_owned_head_group | sequence_wide_short:program_ownership_family→sequence_wide_short_context | independent_head:program_ownership_family→independent_head_rows | sequence_head_group_prefetch:load_schedule_refinement→software_pipelined_page_prefetch | prefetch_context_bucketed_group4:head_gro ... e_refinement→context_bucketed_group4 | node_mla_paged_decode_h16_ckv512_kpe64_ps1_r14_cont_1:Continue→Next-step refinement | node_best_cont_r16_1:Continue from best→Next-step refine ... est solution | ...
[WM] apply_edit_ops: ops=3 updates=2 inserts=0 split_children=0 deletes=0 new_nodes_added=0/3 skipped_cap=0 skipped_missing_parent=0 skipped_parent_solution_id_mismatch=1 skipped_update_missing_node=0 skipped_insert_invalid_node=0 skipped_split_invalid_children=0 skipped_delete_not_allowed=0
[WM][WARN] edit-ops had skipped operations; refine will retry if this was a refine call.
[WM] apply_edit_ops: ops=3 updates=2 inserts=0 split_children=0 deletes=0 new_nodes_added=0/3 skipped_cap=0 skipped_missing_parent=0 skipped_parent_solution_id_mismatch=1 skipped_update_missing_node=0 skipped_insert_invalid_node=0 skipped_split_invalid_children=0 skipped_delete_not_allowed=0
[WM][WARN] edit-ops had skipped operations; refine will retry if this was a refine call.
[WM] apply_edit_ops: ops=2 updates=1 inserts=0 split_children=0 deletes=0 new_nodes_added=0/3 skipped_cap=0 skipped_missing_parent=0 skipped_parent_solution_id_mismatch=1 skipped_update_missing_node=0 skipped_insert_invalid_node=0 skipped_split_invalid_children=0 skipped_delete_not_allowed=0
[WM][WARN] edit-ops had skipped operations; refine will retry if this was a refine call.
WM status: nodes=17 attached_solutions=10 active_leaf_id=node_actual_launch_hg2_w4_literal_repair depth=6
  last_trace: status=passed speedup=13.71x latency=0.9576ms
  active_path: root:<root> | sequence_head_group:program_ownership_family->sequence_owned_head_group | sequence_head_group_prefetch:load_schedule_refinement->software_pipelined_page_prefetch | node_prefetch_fixed_hg2_w4:warp_count_refinement->fixed_head_group_2_num_warps_4 | node_prefetch_fixed_hg2_w4_correct_launch:warp_count_implementation_correction->launch_num_warps_4 | ... | node_actual_launch_hg2_w4_literal_repair:launch_configuration_implementation_repair->set_launch_num_warps_literal_to_4
  nodes_preview: root:<root> | sequence_head_group:program_ownership_family→sequence_owned_head_group | sequence_wide_short:program_ownership_family→sequence_wide_short_context | independent_head:program_ownership_family→independent_head_rows | sequence_head_group_prefetch:load_schedule_refinement→software_pipelined_page_prefetch | prefetch_context_bucketed_group4:head_gro ... e_refinement→context_bucketed_group4 | node_mla_paged_decode_h16_ckv512_kpe64_ps1_r14_cont_1:Continue→Next-step refinement | node_best_cont_r16_1:Continue from best→Next-step refine ... est solution | ...

[STAGE] world model: select next action (cycle start @ round 51)
WM status: nodes=17 attached_solutions=10 active_leaf_id=node_actual_launch_hg2_w4_literal_repair depth=6
  last_trace: status=passed speedup=13.71x latency=0.9576ms
  active_path: root:<root> | sequence_head_group:program_ownership_family->sequence_owned_head_group | sequence_head_group_prefetch:load_schedule_refinement->software_pipelined_page_prefetch | node_prefetch_fixed_hg2_w4:warp_count_refinement->fixed_head_group_2_num_warps_4 | node_prefetch_fixed_hg2_w4_correct_launch:warp_count_implementation_correction->launch_num_warps_4 | ... | node_actual_launch_hg2_w4_literal_repair:launch_configuration_implementation_repair->set_launch_num_warps_literal_to_4
  nodes_preview: root:<root> | sequence_head_group:program_ownership_family→sequence_owned_head_group | sequence_wide_short:program_ownership_family→sequence_wide_short_context | independent_head:program_ownership_family→independent_head_rows | sequence_head_group_prefetch:load_schedule_refinement→software_pipelined_page_prefetch | prefetch_context_bucketed_group4:head_gro ... e_refinement→context_bucketed_group4 | node_mla_paged_decode_h16_ckv512_kpe64_ps1_r14_cont_1:Continue→Next-step refinement | node_best_cont_r16_1:Continue from best→Next-step refine ... est solution | ...
World Model: Open Action Nodes (candidates) frontier=6 total_open=6
1. rating=9.8/10 score=0.60 diff=2/5 conf=0.99 vs_base~? | node_id=node_best_cont_r36_1 parent_id=sequence_head_group_prefetch | Refine best solution: target the top bottleneck — Propose one small change that targets the primary bottleneck indicated by the latest eval on the best solution, without changing the overall mapping plan.
2. rating=5.8/10 score=0.48 diff=4/5 conf=0.67 vs_base~0.90x | node_id=sequence_wide_short parent_id=root | Prototype sequence-wide ownership for very short contexts — Implement a specialized short-context path in which one sequence program computes all 16 heads while retaining a compact logits tile and processing output dimensions in bounded tiles.
3. rating=5.1/10 score=0.35 diff=2/5 conf=0.96 vs_base~? | node_id=node_mla_paged_decode_h16_ckv512_kpe64_ps1_r24_cont_1 parent_id=node_mla_paged_decode_h16_ckv512_kpe64_ps1_r15_adaptive_warps | Next-step refinement: target the top bottleneck operation — Propose one small change that targets the primary bottleneck operation indicated by the latest eval (e.g., reduce sync, reduce redundant loads, or improve locality), without changing the overall mapping plan.
4. rating=4.3/10 score=0.35 diff=2/5 conf=0.58 vs_base~? | node_id=node_mla_paged_decode_h16_ckv512_kpe64_ps1_r47_cont_1 parent_id=node_actual_launch_hg2_w4_literal_repair | Next-step refinement: target the top bottleneck operation — Propose one small change that targets the primary bottleneck operation indicated by the latest eval (e.g., reduce sync, reduce redundant loads, or improve locality), without changing the overall mapping plan.
5. rating=4.1/10 score=0.31 diff=4/5 conf=0.43 vs_base~0.92x | node_id=node_best_cont_r16_hg4_short_dispatch parent_id=node_best_cont_r16_1 | Dispatch four-head groups for short contexts
6. rating=3.9/10 score=0.26 diff=2/5 conf=0.82 vs_base~1.12x | node_id=independent_head parent_id=root | Prototype independent per-head rows — Implement one online-attention program per batch/head row so long contexts and small batches expose 16-way head parallelism with a simple FP32 state.
World Model: Chosen Next Action (from decision tree node)
- node_id: node_best_cont_r36_1
- base_node_id: sequence_head_group_prefetch
- title: Refine best solution: target the top bottleneck
- difficulty_1_to_5: 2
- description: Propose one small change that targets the primary bottleneck indicated by the latest eval on the best solution, without changing the overall mapping plan.
- rationale: The best solution should always have a continuation path for further improvement.

=== Optimization Round 51/100 ===
[CYCLE] action_node=11 action_node_id=node_best_cont_r36_1 attempt=1 parent_is_root=no base_code=yes

[STAGE] codegen: attempt 1 (round 51) no_improve_streak=0/5 no_improve_over_base=0/5

[STAGE] create Solution object from current code (round 51)

[STAGE] evaluate solution (round 51)
Round summary: passed 5/5 | mean_vs_baseline=- | mean_speedup=13.57x | mean_latency=0.9735 ms

=== Optimization Round 52/100 ===
[CYCLE] action_node=11 action_node_id=node_best_cont_r36_1 attempt=2 parent_is_root=no base_code=yes

[STAGE] codegen: attempt 2 (round 52) no_improve_streak=0/5 no_improve_over_base=1/5

[STAGE] create Solution object from current code (round 52)

[STAGE] evaluate solution (round 52)
Round summary: passed 5/5 | mean_vs_baseline=- | mean_speedup=13.69x | mean_latency=0.9627 ms

=== Optimization Round 53/100 ===
[CYCLE] action_node=11 action_node_id=node_best_cont_r36_1 attempt=3 parent_is_root=no base_code=yes

[STAGE] codegen: attempt 3 (round 53) no_improve_streak=0/5 no_improve_over_base=2/5

[STAGE] create Solution object from current code (round 53)

[STAGE] evaluate solution (round 53)
Round summary: passed 5/5 | mean_vs_baseline=- | mean_speedup=15.30x | mean_latency=0.8569 ms

=== Optimization Round 54/100 ===
[CYCLE] action_node=11 action_node_id=node_best_cont_r36_1 attempt=4 parent_is_root=no base_code=yes

[STAGE] codegen: attempt 4 (round 54) no_improve_streak=0/5 no_improve_over_base=0/5

[STAGE] create Solution object from current code (round 54)

[STAGE] evaluate solution (round 54)
Round summary: passed 5/5 | mean_vs_baseline=- | mean_speedup=15.31x | mean_latency=0.8548 ms

=== Optimization Round 55/100 ===
[CYCLE] action_node=11 action_node_id=node_best_cont_r36_1 attempt=5 parent_is_root=no base_code=yes

[STAGE] codegen: attempt 5 (round 55) no_improve_streak=0/5 no_improve_over_base=0/5

[STAGE] create Solution object from current code (round 55)

[STAGE] evaluate solution (round 55)
Round summary: passed 5/5 | mean_vs_baseline=- | mean_speedup=14.06x | mean_latency=0.9357 ms

[STAGE] cycle end: attach+refine best PASSED (round 54, score=15.311)
WM status: nodes=17 attached_solutions=11 active_leaf_id=node_best_cont_r36_1 depth=3
  last_trace: status=passed speedup=13.71x latency=0.9576ms
  active_path: root:<root> | sequence_head_group:program_ownership_family->sequence_owned_head_group | sequence_head_group_prefetch:load_schedule_refinement->software_pipelined_page_prefetch | node_best_cont_r36_1:Continue from best->Next-step refinement of best solution
  nodes_preview: root:<root> | sequence_head_group:program_ownership_family→sequence_owned_head_group | sequence_wide_short:program_ownership_family→sequence_wide_short_context | independent_head:program_ownership_family→independent_head_rows | sequence_head_group_prefetch:load_schedule_refinement→software_pipelined_page_prefetch | prefetch_context_bucketed_group4:head_gro ... e_refinement→context_bucketed_group4 | node_mla_paged_decode_h16_ckv512_kpe64_ps1_r14_cont_1:Continue→Next-step refinement | node_best_cont_r16_1:Continue from best→Next-step refine ... est solution | ...
[WM] apply_edit_ops: ops=2 updates=1 inserts=0 split_children=0 deletes=0 new_nodes_added=0/3 skipped_cap=0 skipped_missing_parent=0 skipped_parent_solution_id_mismatch=1 skipped_update_missing_node=0 skipped_insert_invalid_node=0 skipped_split_invalid_children=0 skipped_delete_not_allowed=0
[WM][WARN] edit-ops had skipped operations; refine will retry if this was a refine call.
[WM] apply_edit_ops: ops=3 updates=2 inserts=0 split_children=0 deletes=0 new_nodes_added=0/3 skipped_cap=0 skipped_missing_parent=0 skipped_parent_solution_id_mismatch=1 skipped_update_missing_node=0 skipped_insert_invalid_node=0 skipped_split_invalid_children=0 skipped_delete_not_allowed=0
[WM][WARN] edit-ops had skipped operations; refine will retry if this was a refine call.
[WM] apply_edit_ops: ops=3 updates=2 inserts=0 split_children=0 deletes=0 new_nodes_added=0/3 skipped_cap=0 skipped_missing_parent=0 skipped_parent_solution_id_mismatch=1 skipped_update_missing_node=0 skipped_insert_invalid_node=0 skipped_split_invalid_children=0 skipped_delete_not_allowed=0
[WM][WARN] edit-ops had skipped operations; refine will retry if this was a refine call.
WM status: nodes=18 attached_solutions=11 active_leaf_id=node_best_cont_r36_1 depth=3
  last_trace: status=passed speedup=15.31x latency=0.8548ms
  active_path: root:<root> | sequence_head_group:program_ownership_family->sequence_owned_head_group | sequence_head_group_prefetch:load_schedule_refinement->software_pipelined_page_prefetch | node_best_cont_r36_1:Continue from best->Next-step refinement of best solution
  nodes_preview: root:<root> | sequence_head_group:program_ownership_family→sequence_owned_head_group | sequence_wide_short:program_ownership_family→sequence_wide_short_context | independent_head:program_ownership_family→independent_head_rows | sequence_head_group_prefetch:load_schedule_refinement→software_pipelined_page_prefetch | prefetch_context_bucketed_group4:head_gro ... e_refinement→context_bucketed_group4 | node_mla_paged_decode_h16_ckv512_kpe64_ps1_r14_cont_1:Continue→Next-step refinement | node_best_cont_r16_1:Continue from best→Next-step refine ... est solution | ...

[STAGE] world model: select next action (cycle start @ round 56)
WM status: nodes=18 attached_solutions=11 active_leaf_id=node_best_cont_r36_1 depth=3
  last_trace: status=passed speedup=15.31x latency=0.8548ms
  active_path: root:<root> | sequence_head_group:program_ownership_family->sequence_owned_head_group | sequence_head_group_prefetch:load_schedule_refinement->software_pipelined_page_prefetch | node_best_cont_r36_1:Continue from best->Next-step refinement of best solution
  nodes_preview: root:<root> | sequence_head_group:program_ownership_family→sequence_owned_head_group | sequence_wide_short:program_ownership_family→sequence_wide_short_context | independent_head:program_ownership_family→independent_head_rows | sequence_head_group_prefetch:load_schedule_refinement→software_pipelined_page_prefetch | prefetch_context_bucketed_group4:head_gro ... e_refinement→context_bucketed_group4 | node_mla_paged_decode_h16_ckv512_kpe64_ps1_r14_cont_1:Continue→Next-step refinement | node_best_cont_r16_1:Continue from best→Next-step refine ... est solution | ...
World Model: Open Action Nodes (candidates) frontier=6 total_open=6
1. rating=9.9/10 score=0.35 diff=2/5 conf=0.99 vs_base~? | node_id=node_mla_paged_decode_h16_ckv512_kpe64_ps1_r54_cont_1 parent_id=node_best_cont_r36_1 | Next-step refinement: target the top bottleneck operation — Propose one small change that targets the primary bottleneck operation indicated by the latest eval (e.g., reduce sync, reduce redundant loads, or improve locality), without changing the overall mapping plan.
2. rating=5.8/10 score=0.48 diff=4/5 conf=0.67 vs_base~0.90x | node_id=sequence_wide_short parent_id=root | Prototype sequence-wide ownership for very short contexts — Implement a specialized short-context path in which one sequence program computes all 16 heads while retaining a compact logits tile and processing output dimensions in bounded tiles.
3. rating=5.1/10 score=0.35 diff=2/5 conf=0.96 vs_base~? | node_id=node_mla_paged_decode_h16_ckv512_kpe64_ps1_r24_cont_1 parent_id=node_mla_paged_decode_h16_ckv512_kpe64_ps1_r15_adaptive_warps | Next-step refinement: target the top bottleneck operation — Propose one small change that targets the primary bottleneck operation indicated by the latest eval (e.g., reduce sync, reduce redundant loads, or improve locality), without changing the overall mapping plan.
4. rating=4.3/10 score=0.35 diff=2/5 conf=0.58 vs_base~? | node_id=node_mla_paged_decode_h16_ckv512_kpe64_ps1_r47_cont_1 parent_id=node_actual_launch_hg2_w4_literal_repair | Next-step refinement: target the top bottleneck operation — Propose one small change that targets the primary bottleneck operation indicated by the latest eval (e.g., reduce sync, reduce redundant loads, or improve locality), without changing the overall mapping plan.
5. rating=4.1/10 score=0.31 diff=4/5 conf=0.43 vs_base~0.92x | node_id=node_best_cont_r16_hg4_short_dispatch parent_id=node_best_cont_r16_1 | Dispatch four-head groups for short contexts
6. rating=3.9/10 score=0.26 diff=2/5 conf=0.82 vs_base~1.12x | node_id=independent_head parent_id=root | Prototype independent per-head rows — Implement one online-attention program per batch/head row so long contexts and small batches expose 16-way head parallelism with a simple FP32 state.
World Model: Chosen Next Action (from decision tree node)
- node_id: sequence_wide_short
- base_node_id: root
- title: Prototype sequence-wide ownership for very short contexts
- difficulty_1_to_5: 4
- description: Implement a specialized short-context path in which one sequence program computes all 16 heads while retaining a compact logits tile and processing output dimensions in bounded tiles.
- expected_vs_baseline_factor: 0.90x
- rationale: For very short sequences, sharing every gathered cache row across all heads can outweigh reduced occupancy and minimize launch and indexing overhead.

=== Optimization Round 56/100 ===
[CYCLE] action_node=12 action_node_id=sequence_wide_short attempt=1 parent_is_root=yes base_code=no

[STAGE] codegen: attempt 1 (round 56) no_improve_streak=0/5 no_improve_over_base=0/5

[STAGE] create Solution object from current code (round 56)

[STAGE] evaluate solution (round 56)
Round summary: passed 5/5 | mean_vs_baseline=- | mean_speedup=8.75x | mean_latency=2.0617 ms

=== Optimization Round 57/100 ===
[CYCLE] action_node=12 action_node_id=sequence_wide_short attempt=2 parent_is_root=yes base_code=no

[STAGE] codegen: attempt 2 (round 57) no_improve_streak=0/5 no_improve_over_base=0/5

[STAGE] create Solution object from current code (round 57)

[STAGE] evaluate solution (round 57)
Round summary: passed 5/5 | mean_vs_baseline=- | mean_speedup=22.58x | mean_latency=0.6198 ms

=== Optimization Round 58/100 ===
[CYCLE] action_node=12 action_node_id=sequence_wide_short attempt=3 parent_is_root=yes base_code=no

[STAGE] codegen: attempt 3 (round 58) no_improve_streak=0/5 no_improve_over_base=0/5

[STAGE] create Solution object from current code (round 58)

[STAGE] evaluate solution (round 58)
Round summary: passed 5/5 | mean_vs_baseline=- | mean_speedup=28.87x | mean_latency=0.3939 ms

=== Optimization Round 59/100 ===
[CYCLE] action_node=12 action_node_id=sequence_wide_short attempt=4 parent_is_root=yes base_code=no

[STAGE] codegen: attempt 4 (round 59) no_improve_streak=0/5 no_improve_over_base=0/5

[STAGE] create Solution object from current code (round 59)

[STAGE] evaluate solution (round 59)
Round summary: passed 5/5 | mean_vs_baseline=- | mean_speedup=36.26x | mean_latency=0.2923 ms

=== Optimization Round 60/100 ===
[CYCLE] action_node=12 action_node_id=sequence_wide_short attempt=5 parent_is_root=yes base_code=no

[STAGE] codegen: attempt 5 (round 60) no_improve_streak=0/5 no_improve_over_base=0/5

[STAGE] create Solution object from current code (round 60)

[STAGE] evaluate solution (round 60)
Round summary: passed 5/5 | mean_vs_baseline=- | mean_speedup=36.75x | mean_latency=0.2899 ms

[STAGE] cycle end: attach+refine best PASSED (round 60, score=36.753)
WM status: nodes=18 attached_solutions=12 active_leaf_id=sequence_wide_short depth=1
  last_trace: status=passed speedup=15.31x latency=0.8548ms
  active_path: root:<root> | sequence_wide_short:program_ownership_family->sequence_wide_short_context
  nodes_preview: root:<root> | sequence_head_group:program_ownership_family→sequence_owned_head_group | sequence_wide_short:program_ownership_family→sequence_wide_short_context | independent_head:program_ownership_family→independent_head_rows | sequence_head_group_prefetch:load_schedule_refinement→software_pipelined_page_prefetch | prefetch_context_bucketed_group4:head_gro ... e_refinement→context_bucketed_group4 | node_mla_paged_decode_h16_ckv512_kpe64_ps1_r14_cont_1:Continue→Next-step refinement | node_best_cont_r16_1:Continue from best→Next-step refine ... est solution | ...
[WM] apply_edit_ops: ops=3 updates=2 inserts=1 split_children=0 deletes=0 new_nodes_added=1/3 skipped_cap=0 skipped_missing_parent=0 skipped_parent_solution_id_mismatch=0 skipped_update_missing_node=0 skipped_insert_invalid_node=0 skipped_split_invalid_children=0 skipped_delete_not_allowed=0
WM status: nodes=19 attached_solutions=12 active_leaf_id=sequence_wide_short_len_buckets depth=2
  last_trace: status=passed speedup=36.75x latency=0.2899ms
  active_path: root:<root> | sequence_wide_short:program_ownership_family->sequence_wide_short_context | sequence_wide_short_len_buckets:short_context_token_tile_specialization->bucket_lengths_2_4_8_16_32
  nodes_preview: root:<root> | sequence_head_group:program_ownership_family→sequence_owned_head_group | sequence_wide_short:program_ownership_family→sequence_wide_short_context | independent_head:program_ownership_family→independent_head_rows | sequence_head_group_prefetch:load_schedule_refinement→software_pipelined_page_prefetch | prefetch_context_bucketed_group4:head_gro ... e_refinement→context_bucketed_group4 | node_mla_paged_decode_h16_ckv512_kpe64_ps1_r14_cont_1:Continue→Next-step refinement | node_best_cont_r16_1:Continue from best→Next-step refine ... est solution | ...

[STAGE] world model: select next action (cycle start @ round 61)
WM status: nodes=19 attached_solutions=12 active_leaf_id=sequence_wide_short_len_buckets depth=2
  last_trace: status=passed speedup=36.75x latency=0.2899ms
  active_path: root:<root> | sequence_wide_short:program_ownership_family->sequence_wide_short_context | sequence_wide_short_len_buckets:short_context_token_tile_specialization->bucket_lengths_2_4_8_16_32
  nodes_preview: root:<root> | sequence_head_group:program_ownership_family→sequence_owned_head_group | sequence_wide_short:program_ownership_family→sequence_wide_short_context | independent_head:program_ownership_family→independent_head_rows | sequence_head_group_prefetch:load_schedule_refinement→software_pipelined_page_prefetch | prefetch_context_bucketed_group4:head_gro ... e_refinement→context_bucketed_group4 | node_mla_paged_decode_h16_ckv512_kpe64_ps1_r14_cont_1:Continue→Next-step refinement | node_best_cont_r16_1:Continue from best→Next-step refine ... est solution | ...
World Model: Open Action Nodes (candidates) frontier=6 total_open=6
1. rating=9.9/10 score=0.35 diff=2/5 conf=0.99 vs_base~? | node_id=node_mla_paged_decode_h16_ckv512_kpe64_ps1_r54_cont_1 parent_id=node_best_cont_r36_1 | Next-step refinement: target the top bottleneck operation — Propose one small change that targets the primary bottleneck operation indicated by the latest eval (e.g., reduce sync, reduce redundant loads, or improve locality), without changing the overall mapping plan.
2. rating=8.6/10 score=0.86 diff=3/5 conf=0.74 vs_base~0.85x | node_id=sequence_wide_short_len_buckets parent_id=sequence_wide_short | Specialize sequence-wide token tiles for lengths 2, 4, 8, 16, and 32
3. rating=5.1/10 score=0.35 diff=2/5 conf=0.96 vs_base~? | node_id=node_mla_paged_decode_h16_ckv512_kpe64_ps1_r24_cont_1 parent_id=node_mla_paged_decode_h16_ckv512_kpe64_ps1_r15_adaptive_warps | Next-step refinement: target the top bottleneck operation — Propose one small change that targets the primary bottleneck operation indicated by the latest eval (e.g., reduce sync, reduce redundant loads, or improve locality), without changing the overall mapping plan.
4. rating=4.3/10 score=0.35 diff=2/5 conf=0.58 vs_base~? | node_id=node_mla_paged_decode_h16_ckv512_kpe64_ps1_r47_cont_1 parent_id=node_actual_launch_hg2_w4_literal_repair | Next-step refinement: target the top bottleneck operation — Propose one small change that targets the primary bottleneck operation indicated by the latest eval (e.g., reduce sync, reduce redundant loads, or improve locality), without changing the overall mapping plan.
5. rating=4.1/10 score=0.31 diff=4/5 conf=0.43 vs_base~0.92x | node_id=node_best_cont_r16_hg4_short_dispatch parent_id=node_best_cont_r16_1 | Dispatch four-head groups for short contexts
6. rating=3.1/10 score=0.18 diff=2/5 conf=0.87 vs_base~1.18x | node_id=independent_head parent_id=root | Independent attention row per batch and query head — Implement one online-attention program per batch/head row so long contexts and small batches expose 16-way head parallelism with a simple FP32 state.
World Model: Chosen Next Action (from decision tree node)
- node_id: sequence_wide_short_len_buckets
- base_node_id: sequence_wide_short
- title: Specialize sequence-wide token tiles for lengths 2, 4, 8, 16, and 32
- difficulty_1_to_5: 3
- expected_vs_baseline_factor: 0.85x

=== Optimization Round 61/100 ===
[CYCLE] action_node=13 action_node_id=sequence_wide_short_len_buckets attempt=1 parent_is_root=no base_code=yes

[STAGE] codegen: attempt 1 (round 61) no_improve_streak=0/5 no_improve_over_base=0/5

[STAGE] create Solution object from current code (round 61)

[STAGE] evaluate solution (round 61)
Round summary: passed 5/5 | mean_vs_baseline=- | mean_speedup=36.50x | mean_latency=0.2902 ms

=== Optimization Round 62/100 ===
[CYCLE] action_node=13 action_node_id=sequence_wide_short_len_buckets attempt=2 parent_is_root=no base_code=yes

[STAGE] codegen: attempt 2 (round 62) no_improve_streak=0/5 no_improve_over_base=1/5

[STAGE] create Solution object from current code (round 62)

[STAGE] evaluate solution (round 62)
Round summary: passed 5/5 | mean_vs_baseline=- | mean_speedup=36.53x | mean_latency=0.2901 ms

=== Optimization Round 63/100 ===
[CYCLE] action_node=13 action_node_id=sequence_wide_short_len_buckets attempt=3 parent_is_root=no base_code=yes

[STAGE] codegen: attempt 3 (round 63) no_improve_streak=0/5 no_improve_over_base=2/5

[STAGE] create Solution object from current code (round 63)

[STAGE] evaluate solution (round 63)
Round summary: passed 5/5 | mean_vs_baseline=- | mean_speedup=36.01x | mean_latency=0.2926 ms

=== Optimization Round 64/100 ===
[CYCLE] action_node=13 action_node_id=sequence_wide_short_len_buckets attempt=4 parent_is_root=no base_code=yes

[STAGE] codegen: attempt 4 (round 64) no_improve_streak=1/5 no_improve_over_base=3/5

[STAGE] create Solution object from current code (round 64)

[STAGE] evaluate solution (round 64)
Round summary: passed 5/5 | mean_vs_baseline=- | mean_speedup=35.74x | mean_latency=0.2911 ms

=== Optimization Round 65/100 ===
[CYCLE] action_node=13 action_node_id=sequence_wide_short_len_buckets attempt=5 parent_is_root=no base_code=yes

[STAGE] codegen: attempt 5 (round 65) no_improve_streak=2/5 no_improve_over_base=4/5

[STAGE] create Solution object from current code (round 65)

[STAGE] evaluate solution (round 65)
Round summary: passed 5/5 | mean_vs_baseline=- | mean_speedup=36.40x | mean_latency=0.2916 ms

[STAGE] cycle end: attach+refine best PASSED (round 62, score=36.529)
WM status: nodes=19 attached_solutions=13 active_leaf_id=sequence_wide_short_len_buckets depth=2
  last_trace: status=passed speedup=36.75x latency=0.2899ms
  active_path: root:<root> | sequence_wide_short:program_ownership_family->sequence_wide_short_context | sequence_wide_short_len_buckets:short_context_token_tile_specialization->bucket_lengths_2_4_8_16_32
  nodes_preview: root:<root> | sequence_head_group:program_ownership_family→sequence_owned_head_group | sequence_wide_short:program_ownership_family→sequence_wide_short_context | independent_head:program_ownership_family→independent_head_rows | sequence_head_group_prefetch:load_schedule_refinement→software_pipelined_page_prefetch | prefetch_context_bucketed_group4:head_gro ... e_refinement→context_bucketed_group4 | node_mla_paged_decode_h16_ckv512_kpe64_ps1_r14_cont_1:Continue→Next-step refinement | node_best_cont_r16_1:Continue from best→Next-step refine ... est solution | ...
[WM] apply_edit_ops: ops=3 updates=2 inserts=0 split_children=0 deletes=0 new_nodes_added=0/3 skipped_cap=0 skipped_missing_parent=0 skipped_parent_solution_id_mismatch=1 skipped_update_missing_node=0 skipped_insert_invalid_node=0 skipped_split_invalid_children=0 skipped_delete_not_allowed=0
[WM][WARN] edit-ops had skipped operations; refine will retry if this was a refine call.
[WM] apply_edit_ops: ops=3 updates=2 inserts=0 split_children=0 deletes=0 new_nodes_added=0/3 skipped_cap=0 skipped_missing_parent=0 skipped_parent_solution_id_mismatch=1 skipped_update_missing_node=0 skipped_insert_invalid_node=0 skipped_split_invalid_children=0 skipped_delete_not_allowed=0
[WM][WARN] edit-ops had skipped operations; refine will retry if this was a refine call.
[WM] apply_edit_ops: ops=3 updates=2 inserts=0 split_children=0 deletes=0 new_nodes_added=0/3 skipped_cap=0 skipped_missing_parent=0 skipped_parent_solution_id_mismatch=1 skipped_update_missing_node=0 skipped_insert_invalid_node=0 skipped_split_invalid_children=0 skipped_delete_not_allowed=0
[WM][WARN] edit-ops had skipped operations; refine will retry if this was a refine call.
WM status: nodes=20 attached_solutions=13 active_leaf_id=sequence_wide_short_len_buckets depth=2
  last_trace: status=passed speedup=36.53x latency=0.2901ms
  active_path: root:<root> | sequence_wide_short:program_ownership_family->sequence_wide_short_context | sequence_wide_short_len_buckets:short_context_token_tile_specialization->bucket_lengths_2_4_8_16_32
  nodes_preview: root:<root> | sequence_head_group:program_ownership_family→sequence_owned_head_group | sequence_wide_short:program_ownership_family→sequence_wide_short_context | independent_head:program_ownership_family→independent_head_rows | sequence_head_group_prefetch:load_schedule_refinement→software_pipelined_page_prefetch | prefetch_context_bucketed_group4:head_gro ... e_refinement→context_bucketed_group4 | node_mla_paged_decode_h16_ckv512_kpe64_ps1_r14_cont_1:Continue→Next-step refinement | node_best_cont_r16_1:Continue from best→Next-step refine ... est solution | ...

[STAGE] world model: select next action (cycle start @ round 66)
[WM] apply_edit_ops: ops=3 updates=2 inserts=1 split_children=0 deletes=0 new_nodes_added=1/3 skipped_cap=0 skipped_missing_parent=0 skipped_parent_solution_id_mismatch=0 skipped_update_missing_node=0 skipped_insert_invalid_node=0 skipped_split_invalid_children=0 skipped_delete_not_allowed=0
WM status: nodes=21 attached_solutions=13 active_leaf_id=sequence_wide_short_warp_tune depth=2
  last_trace: status=passed speedup=36.53x latency=0.2901ms
  active_path: root:<root> | sequence_wide_short:program_ownership_family->sequence_wide_short_context | sequence_wide_short_warp_tune:short_context_program_scheduling->compare_four_vs_eight_warps_with_fixed_dispatch
  nodes_preview: root:<root> | sequence_head_group:program_ownership_family→sequence_owned_head_group | sequence_wide_short:program_ownership_family→sequence_wide_short_context | independent_head:program_ownership_family→independent_head_rows | sequence_head_group_prefetch:load_schedule_refinement→software_pipelined_page_prefetch | prefetch_context_bucketed_group4:head_gro ... e_refinement→context_bucketed_group4 | node_mla_paged_decode_h16_ckv512_kpe64_ps1_r14_cont_1:Continue→Next-step refinement | node_best_cont_r16_1:Continue from best→Next-step refine ... est solution | ...
World Model: Open Action Nodes (candidates) frontier=7 total_open=7
1. rating=9.9/10 score=0.35 diff=2/5 conf=0.99 vs_base~? | node_id=node_mla_paged_decode_h16_ckv512_kpe64_ps1_r54_cont_1 parent_id=node_best_cont_r36_1 | Next-step refinement: target the top bottleneck operation — Propose one small change that targets the primary bottleneck operation indicated by the latest eval (e.g., reduce sync, reduce redundant loads, or improve locality), without changing the overall mapping plan.
2. rating=7.4/10 score=0.72 diff=2/5 conf=0.68 vs_base~0.98x | node_id=sequence_wide_short_warp_tune parent_id=sequence_wide_short | Benchmark four versus eight warps for the unchanged sequence-wide short kernel
3. rating=5.1/10 score=0.35 diff=2/5 conf=0.96 vs_base~? | node_id=node_mla_paged_decode_h16_ckv512_kpe64_ps1_r24_cont_1 parent_id=node_mla_paged_decode_h16_ckv512_kpe64_ps1_r15_adaptive_warps | Next-step refinement: target the top bottleneck operation — Propose one small change that targets the primary bottleneck operation indicated by the latest eval (e.g., reduce sync, reduce redundant loads, or improve locality), without changing the overall mapping plan.
4. rating=4.3/10 score=0.35 diff=2/5 conf=0.58 vs_base~? | node_id=node_mla_paged_decode_h16_ckv512_kpe64_ps1_r47_cont_1 parent_id=node_actual_launch_hg2_w4_literal_repair | Next-step refinement: target the top bottleneck operation — Propose one small change that targets the primary bottleneck operation indicated by the latest eval (e.g., reduce sync, reduce redundant loads, or improve locality), without changing the overall mapping plan.
5. rating=4.1/10 score=0.31 diff=4/5 conf=0.43 vs_base~0.92x | node_id=node_best_cont_r16_hg4_short_dispatch parent_id=node_best_cont_r16_1 | Dispatch four-head groups for short contexts
6. rating=3.2/10 score=0.35 diff=2/5 conf=0.42 vs_base~? | node_id=node_mla_paged_decode_h16_ckv512_kpe64_ps1_r62_cont_1 parent_id=sequence_wide_short_len_buckets | Next-step refinement: target the top bottleneck operation — Propose one small change that targets the primary bottleneck operation indicated by the latest eval (e.g., reduce sync, reduce redundant loads, or improve locality), without changing the overall mapping plan.
7. rating=3.1/10 score=0.18 diff=2/5 conf=0.87 vs_base~1.18x | node_id=independent_head parent_id=root | Independent attention row per batch and query head — Implement one online-attention program per batch/head row so long contexts and small batches expose 16-way head parallelism with a simple FP32 state.
World Model: Chosen Next Action (from decision tree node)
- node_id: sequence_wide_short_warp_tune
- base_node_id: sequence_wide_short
- title: Benchmark four versus eight warps for the unchanged sequence-wide short kernel
- difficulty_1_to_5: 2
- expected_vs_baseline_factor: 0.98x

=== Optimization Round 66/100 ===
[CYCLE] action_node=14 action_node_id=sequence_wide_short_warp_tune attempt=1 parent_is_root=no base_code=yes

[STAGE] codegen: attempt 1 (round 66) no_improve_streak=0/5 no_improve_over_base=0/5

[STAGE] create Solution object from current code (round 66)

[STAGE] evaluate solution (round 66)
Round summary: passed 5/5 | mean_vs_baseline=- | mean_speedup=36.47x | mean_latency=0.2900 ms

=== Optimization Round 67/100 ===
[CYCLE] action_node=14 action_node_id=sequence_wide_short_warp_tune attempt=2 parent_is_root=no base_code=yes

[STAGE] codegen: attempt 2 (round 67) no_improve_streak=0/5 no_improve_over_base=1/5

[STAGE] create Solution object from current code (round 67)

[STAGE] evaluate solution (round 67)
Round summary: passed 5/5 | mean_vs_baseline=- | mean_speedup=36.52x | mean_latency=0.2909 ms

=== Optimization Round 68/100 ===
[CYCLE] action_node=14 action_node_id=sequence_wide_short_warp_tune attempt=3 parent_is_root=no base_code=yes

[STAGE] codegen: attempt 3 (round 68) no_improve_streak=0/5 no_improve_over_base=2/5

[STAGE] create Solution object from current code (round 68)

[STAGE] evaluate solution (round 68)
Round summary: passed 5/5 | mean_vs_baseline=- | mean_speedup=36.64x | mean_latency=0.2894 ms

=== Optimization Round 69/100 ===
[CYCLE] action_node=14 action_node_id=sequence_wide_short_warp_tune attempt=4 parent_is_root=no base_code=yes

[STAGE] codegen: attempt 4 (round 69) no_improve_streak=0/5 no_improve_over_base=3/5

[STAGE] create Solution object from current code (round 69)

[STAGE] evaluate solution (round 69)
Round summary: passed 5/5 | mean_vs_baseline=- | mean_speedup=36.24x | mean_latency=0.2920 ms

=== Optimization Round 70/100 ===
[CYCLE] action_node=14 action_node_id=sequence_wide_short_warp_tune attempt=5 parent_is_root=no base_code=yes

[STAGE] codegen: attempt 5 (round 70) no_improve_streak=1/5 no_improve_over_base=4/5

[STAGE] create Solution object from current code (round 70)

[STAGE] evaluate solution (round 70)
Round summary: passed 5/5 | mean_vs_baseline=- | mean_speedup=36.72x | mean_latency=0.2887 ms

[STAGE] cycle end: attach+refine best PASSED (round 70, score=36.724)
WM status: nodes=21 attached_solutions=14 active_leaf_id=sequence_wide_short_warp_tune depth=2
  last_trace: status=passed speedup=36.53x latency=0.2901ms
  active_path: root:<root> | sequence_wide_short:program_ownership_family->sequence_wide_short_context | sequence_wide_short_warp_tune:short_context_program_scheduling->compare_four_vs_eight_warps_with_fixed_dispatch
  nodes_preview: root:<root> | sequence_head_group:program_ownership_family→sequence_owned_head_group | sequence_wide_short:program_ownership_family→sequence_wide_short_context | independent_head:program_ownership_family→independent_head_rows | sequence_head_group_prefetch:load_schedule_refinement→software_pipelined_page_prefetch | prefetch_context_bucketed_group4:head_gro ... e_refinement→context_bucketed_group4 | node_mla_paged_decode_h16_ckv512_kpe64_ps1_r14_cont_1:Continue→Next-step refinement | node_best_cont_r16_1:Continue from best→Next-step refine ... est solution | ...
[WM] apply_edit_ops: ops=3 updates=2 inserts=0 split_children=0 deletes=0 new_nodes_added=0/3 skipped_cap=0 skipped_missing_parent=0 skipped_parent_solution_id_mismatch=1 skipped_update_missing_node=0 skipped_insert_invalid_node=0 skipped_split_invalid_children=0 skipped_delete_not_allowed=0
[WM][WARN] edit-ops had skipped operations; refine will retry if this was a refine call.
[WM] apply_edit_ops: ops=2 updates=1 inserts=0 split_children=0 deletes=0 new_nodes_added=0/3 skipped_cap=0 skipped_missing_parent=0 skipped_parent_solution_id_mismatch=1 skipped_update_missing_node=0 skipped_insert_invalid_node=0 skipped_split_invalid_children=0 skipped_delete_not_allowed=0
[WM][WARN] edit-ops had skipped operations; refine will retry if this was a refine call.
[WM] apply_edit_ops: ops=3 updates=2 inserts=0 split_children=0 deletes=0 new_nodes_added=0/3 skipped_cap=0 skipped_missing_parent=0 skipped_parent_solution_id_mismatch=1 skipped_update_missing_node=0 skipped_insert_invalid_node=0 skipped_split_invalid_children=0 skipped_delete_not_allowed=0
[WM][WARN] edit-ops had skipped operations; refine will retry if this was a refine call.
WM status: nodes=22 attached_solutions=14 active_leaf_id=sequence_wide_short_warp_tune depth=2
  last_trace: status=passed speedup=36.72x latency=0.2887ms
  active_path: root:<root> | sequence_wide_short:program_ownership_family->sequence_wide_short_context | sequence_wide_short_warp_tune:short_context_program_scheduling->compare_four_vs_eight_warps_with_fixed_dispatch
  nodes_preview: root:<root> | sequence_head_group:program_ownership_family→sequence_owned_head_group | sequence_wide_short:program_ownership_family→sequence_wide_short_context | independent_head:program_ownership_family→independent_head_rows | sequence_head_group_prefetch:load_schedule_refinement→software_pipelined_page_prefetch | prefetch_context_bucketed_group4:head_gro ... e_refinement→context_bucketed_group4 | node_mla_paged_decode_h16_ckv512_kpe64_ps1_r14_cont_1:Continue→Next-step refinement | node_best_cont_r16_1:Continue from best→Next-step refine ... est solution | ...

[STAGE] world model: select next action (cycle start @ round 71)
[WM] apply_edit_ops: ops=5 updates=4 inserts=1 split_children=0 deletes=0 new_nodes_added=1/3 skipped_cap=0 skipped_missing_parent=0 skipped_parent_solution_id_mismatch=0 skipped_update_missing_node=0 skipped_insert_invalid_node=0 skipped_split_invalid_children=0 skipped_delete_not_allowed=0
WM status: nodes=23 attached_solutions=14 active_leaf_id=sequence_wide_short_singleton_warp_tune depth=2
  last_trace: status=passed speedup=36.72x latency=0.2887ms
  active_path: root:<root> | sequence_wide_short:program_ownership_family->sequence_wide_short_context | sequence_wide_short_singleton_warp_tune:short_context_refinement_axis->singleton_four_vs_eight_warps
  nodes_preview: root:<root> | sequence_head_group:program_ownership_family→sequence_owned_head_group | sequence_wide_short:program_ownership_family→sequence_wide_short_context | independent_head:program_ownership_family→independent_head_rows | sequence_head_group_prefetch:load_schedule_refinement→software_pipelined_page_prefetch | prefetch_context_bucketed_group4:head_gro ... e_refinement→context_bucketed_group4 | node_mla_paged_decode_h16_ckv512_kpe64_ps1_r14_cont_1:Continue→Next-step refinement | node_best_cont_r16_1:Continue from best→Next-step refine ... est solution | ...
World Model: Open Action Nodes (candidates) frontier=8 total_open=8
1. rating=9.9/10 score=0.35 diff=2/5 conf=0.99 vs_base~? | node_id=node_mla_paged_decode_h16_ckv512_kpe64_ps1_r54_cont_1 parent_id=node_best_cont_r36_1 | Next-step refinement: target the top bottleneck operation — Propose one small change that targets the primary bottleneck operation indicated by the latest eval (e.g., reduce sync, reduce redundant loads, or improve locality), without changing the overall mapping plan.
2. rating=7.2/10 score=0.35 diff=2/5 conf=0.99 vs_base~? | node_id=node_mla_paged_decode_h16_ckv512_kpe64_ps1_r70_cont_1 parent_id=sequence_wide_short_warp_tune | Next-step refinement: target the top bottleneck operation — Propose one small change that targets the primary bottleneck operation indicated by the latest eval (e.g., reduce sync, reduce redundant loads, or improve locality), without changing the overall mapping plan.
3. rating=6.9/10 score=0.67 diff=2/5 conf=0.68 vs_base~0.99x | node_id=sequence_wide_short_singleton_warp_tune parent_id=sequence_wide_short | Benchmark four warps for the singleton kernel against the existing eight-warp launch
4. rating=5.1/10 score=0.35 diff=2/5 conf=0.96 vs_base~? | node_id=node_mla_paged_decode_h16_ckv512_kpe64_ps1_r24_cont_1 parent_id=node_mla_paged_decode_h16_ckv512_kpe64_ps1_r15_adaptive_warps | Next-step refinement: target the top bottleneck operation — Propose one small change that targets the primary bottleneck operation indicated by the latest eval (e.g., reduce sync, reduce redundant loads, or improve locality), without changing the overall mapping plan.
5. rating=4.3/10 score=0.35 diff=2/5 conf=0.58 vs_base~? | node_id=node_mla_paged_decode_h16_ckv512_kpe64_ps1_r47_cont_1 parent_id=node_actual_launch_hg2_w4_literal_repair | Next-step refinement: target the top bottleneck operation — Propose one small change that targets the primary bottleneck operation indicated by the latest eval (e.g., reduce sync, reduce redundant loads, or improve locality), without changing the overall mapping plan.
6. rating=4.1/10 score=0.31 diff=4/5 conf=0.43 vs_base~0.92x | node_id=node_best_cont_r16_hg4_short_dispatch parent_id=node_best_cont_r16_1 | Dispatch four-head groups for short contexts
7. rating=3.2/10 score=0.35 diff=2/5 conf=0.42 vs_base~? | node_id=node_mla_paged_decode_h16_ckv512_kpe64_ps1_r62_cont_1 parent_id=sequence_wide_short_len_buckets | Next-step refinement: target the top bottleneck operation — Propose one small change that targets the primary bottleneck operation indicated by the latest eval (e.g., reduce sync, reduce redundant loads, or improve locality), without changing the overall mapping plan.
8. rating=3.2/10 score=0.24 diff=3/5 conf=0.86 vs_base~1.08x | node_id=independent_head parent_id=root | Assign each batch-head row to an independent attention program — Implement one online-attention program per batch/head row so long contexts and small batches expose 16-way head parallelism with a simple FP32 state.
World Model: Chosen Next Action (from decision tree node)
- node_id: sequence_wide_short_singleton_warp_tune
- base_node_id: sequence_wide_short
- title: Benchmark four warps for the singleton kernel against the existing eight-warp launch
- difficulty_1_to_5: 2
- expected_vs_baseline_factor: 0.99x

=== Optimization Round 71/100 ===
[CYCLE] action_node=15 action_node_id=sequence_wide_short_singleton_warp_tune attempt=1 parent_is_root=no base_code=yes

[STAGE] codegen: attempt 1 (round 71) no_improve_streak=0/5 no_improve_over_base=0/5

[STAGE] create Solution object from current code (round 71)

[STAGE] evaluate solution (round 71)
Round summary: passed 5/5 | mean_vs_baseline=- | mean_speedup=36.21x | mean_latency=0.2903 ms

=== Optimization Round 72/100 ===
[CYCLE] action_node=15 action_node_id=sequence_wide_short_singleton_warp_tune attempt=2 parent_is_root=no base_code=yes

[STAGE] codegen: attempt 2 (round 72) no_improve_streak=0/5 no_improve_over_base=1/5

[STAGE] create Solution object from current code (round 72)

[STAGE] evaluate solution (round 72)
Round summary: passed 5/5 | mean_vs_baseline=- | mean_speedup=36.13x | mean_latency=0.2920 ms

=== Optimization Round 73/100 ===
[CYCLE] action_node=15 action_node_id=sequence_wide_short_singleton_warp_tune attempt=3 parent_is_root=no base_code=yes

[STAGE] codegen: attempt 3 (round 73) no_improve_streak=1/5 no_improve_over_base=2/5

[STAGE] create Solution object from current code (round 73)

[STAGE] evaluate solution (round 73)
Round summary: passed 5/5 | mean_vs_baseline=- | mean_speedup=36.27x | mean_latency=0.2924 ms

=== Optimization Round 74/100 ===
[CYCLE] action_node=15 action_node_id=sequence_wide_short_singleton_warp_tune attempt=4 parent_is_root=no base_code=yes

[STAGE] codegen: attempt 4 (round 74) no_improve_streak=0/5 no_improve_over_base=3/5

[STAGE] create Solution object from current code (round 74)

[STAGE] evaluate solution (round 74)
Round summary: passed 5/5 | mean_vs_baseline=- | mean_speedup=36.01x | mean_latency=0.2933 ms

=== Optimization Round 75/100 ===
[CYCLE] action_node=15 action_node_id=sequence_wide_short_singleton_warp_tune attempt=5 parent_is_root=no base_code=yes

[STAGE] codegen: attempt 5 (round 75) no_improve_streak=1/5 no_improve_over_base=4/5

[STAGE] create Solution object from current code (round 75)

[STAGE] evaluate solution (round 75)
Round summary: passed 5/5 | mean_vs_baseline=- | mean_speedup=36.08x | mean_latency=0.2917 ms

[STAGE] cycle end: attach+refine best PASSED (round 73, score=36.268)
WM status: nodes=23 attached_solutions=15 active_leaf_id=sequence_wide_short_singleton_warp_tune depth=2
  last_trace: status=passed speedup=36.72x latency=0.2887ms
  active_path: root:<root> | sequence_wide_short:program_ownership_family->sequence_wide_short_context | sequence_wide_short_singleton_warp_tune:short_context_refinement_axis->singleton_four_vs_eight_warps
  nodes_preview: root:<root> | sequence_head_group:program_ownership_family→sequence_owned_head_group | sequence_wide_short:program_ownership_family→sequence_wide_short_context | independent_head:program_ownership_family→independent_head_rows | sequence_head_group_prefetch:load_schedule_refinement→software_pipelined_page_prefetch | prefetch_context_bucketed_group4:head_gro ... e_refinement→context_bucketed_group4 | node_mla_paged_decode_h16_ckv512_kpe64_ps1_r14_cont_1:Continue→Next-step refinement | node_best_cont_r16_1:Continue from best→Next-step refine ... est solution | ...
[WM] apply_edit_ops: ops=3 updates=2 inserts=0 split_children=0 deletes=0 new_nodes_added=0/3 skipped_cap=0 skipped_missing_parent=0 skipped_parent_solution_id_mismatch=1 skipped_update_missing_node=0 skipped_insert_invalid_node=0 skipped_split_invalid_children=0 skipped_delete_not_allowed=0
[WM][WARN] edit-ops had skipped operations; refine will retry if this was a refine call.
[WM] apply_edit_ops: ops=3 updates=2 inserts=1 split_children=0 deletes=0 new_nodes_added=1/3 skipped_cap=0 skipped_missing_parent=0 skipped_parent_solution_id_mismatch=0 skipped_update_missing_node=0 skipped_insert_invalid_node=0 skipped_split_invalid_children=0 skipped_delete_not_allowed=0
WM status: nodes=24 attached_solutions=15 active_leaf_id=sequence_wide_short_singleton_stage_tune depth=3
  last_trace: status=passed speedup=36.27x latency=0.2924ms
  active_path: root:<root> | sequence_wide_short:program_ownership_family->sequence_wide_short_context | sequence_wide_short_singleton_warp_tune:short_context_refinement_axis->singleton_four_vs_eight_warps | sequence_wide_short_singleton_stage_tune:singleton_pipeline_refinement->eight_warps_one_stage
  nodes_preview: root:<root> | sequence_head_group:program_ownership_family→sequence_owned_head_group | sequence_wide_short:program_ownership_family→sequence_wide_short_context | independent_head:program_ownership_family→independent_head_rows | sequence_head_group_prefetch:load_schedule_refinement→software_pipelined_page_prefetch | prefetch_context_bucketed_group4:head_gro ... e_refinement→context_bucketed_group4 | node_mla_paged_decode_h16_ckv512_kpe64_ps1_r14_cont_1:Continue→Next-step refinement | node_best_cont_r16_1:Continue from best→Next-step refine ... est solution | ...

[STAGE] world model: select next action (cycle start @ round 76)
[WM] apply_edit_ops: ops=6 updates=5 inserts=1 split_children=0 deletes=0 new_nodes_added=1/3 skipped_cap=0 skipped_missing_parent=0 skipped_parent_solution_id_mismatch=0 skipped_update_missing_node=0 skipped_insert_invalid_node=0 skipped_split_invalid_children=0 skipped_delete_not_allowed=0
WM status: nodes=25 attached_solutions=15 active_leaf_id=sequence_wide_short_stage_tune depth=2
  last_trace: status=passed speedup=36.27x latency=0.2924ms
  active_path: root:<root> | sequence_wide_short:program_ownership_family->sequence_wide_short_context | sequence_wide_short_stage_tune:short_context_refinement_axis->generic_short_num_stages_one
  nodes_preview: root:<root> | sequence_head_group:program_ownership_family→sequence_owned_head_group | sequence_wide_short:program_ownership_family→sequence_wide_short_context | independent_head:program_ownership_family→independent_head_rows | sequence_head_group_prefetch:load_schedule_refinement→software_pipelined_page_prefetch | prefetch_context_bucketed_group4:head_gro ... e_refinement→context_bucketed_group4 | node_mla_paged_decode_h16_ckv512_kpe64_ps1_r14_cont_1:Continue→Next-step refinement | node_best_cont_r16_1:Continue from best→Next-step refine ... est solution | ...
World Model: Open Action Nodes (candidates) frontier=9 total_open=9
1. rating=9.9/10 score=0.35 diff=2/5 conf=0.99 vs_base~? | node_id=node_mla_paged_decode_h16_ckv512_kpe64_ps1_r54_cont_1 parent_id=node_best_cont_r36_1 | Next-step refinement: target the top bottleneck operation — Propose one small change that targets the primary bottleneck operation indicated by the latest eval (e.g., reduce sync, reduce redundant loads, or improve locality), without changing the overall mapping plan.
2. rating=7.2/10 score=0.35 diff=2/5 conf=0.99 vs_base~? | node_id=node_mla_paged_decode_h16_ckv512_kpe64_ps1_r70_cont_1 parent_id=sequence_wide_short_warp_tune | Next-step refinement: target the top bottleneck operation — Propose one small change that targets the primary bottleneck operation indicated by the latest eval (e.g., reduce sync, reduce redundant loads, or improve locality), without changing the overall mapping plan.
3. rating=7.1/10 score=0.68 diff=2/5 conf=0.72 vs_base~0.98x | node_id=sequence_wide_short_stage_tune parent_id=sequence_wide_short | Benchmark one pipeline stage for the length-2-to-32 sequence-wide kernel
4. rating=5.1/10 score=0.35 diff=2/5 conf=0.96 vs_base~? | node_id=node_mla_paged_decode_h16_ckv512_kpe64_ps1_r24_cont_1 parent_id=node_mla_paged_decode_h16_ckv512_kpe64_ps1_r15_adaptive_warps | Next-step refinement: target the top bottleneck operation — Propose one small change that targets the primary bottleneck operation indicated by the latest eval (e.g., reduce sync, reduce redundant loads, or improve locality), without changing the overall mapping plan.
5. rating=4.3/10 score=0.35 diff=2/5 conf=0.58 vs_base~? | node_id=node_mla_paged_decode_h16_ckv512_kpe64_ps1_r47_cont_1 parent_id=node_actual_launch_hg2_w4_literal_repair | Next-step refinement: target the top bottleneck operation — Propose one small change that targets the primary bottleneck operation indicated by the latest eval (e.g., reduce sync, reduce redundant loads, or improve locality), without changing the overall mapping plan.
6. rating=4.1/10 score=0.31 diff=4/5 conf=0.43 vs_base~0.92x | node_id=node_best_cont_r16_hg4_short_dispatch parent_id=node_best_cont_r16_1 | Dispatch four-head groups for short contexts
7. rating=3.4/10 score=0.27 diff=2/5 conf=0.46 vs_base~0.99x | node_id=sequence_wide_short_singleton_stage_tune parent_id=sequence_wide_short_singleton_warp_tune | Benchmark an eight-warp, one-stage singleton launch
8. rating=3.2/10 score=0.35 diff=2/5 conf=0.42 vs_base~? | node_id=node_mla_paged_decode_h16_ckv512_kpe64_ps1_r62_cont_1 parent_id=sequence_wide_short_len_buckets | Next-step refinement: target the top bottleneck operation — Propose one small change that targets the primary bottleneck operation indicated by the latest eval (e.g., reduce sync, reduce redundant loads, or improve locality), without changing the overall mapping plan.
World Model: Chosen Next Action (from decision tree node)
- node_id: sequence_wide_short_stage_tune
- base_node_id: sequence_wide_short
- title: Benchmark one pipeline stage for the length-2-to-32 sequence-wide kernel
- difficulty_1_to_5: 2
- expected_vs_baseline_factor: 0.98x

=== Optimization Round 76/100 ===
[CYCLE] action_node=16 action_node_id=sequence_wide_short_stage_tune attempt=1 parent_is_root=no base_code=yes

[STAGE] codegen: attempt 1 (round 76) no_improve_streak=0/5 no_improve_over_base=0/5

[STAGE] create Solution object from current code (round 76)

[STAGE] evaluate solution (round 76)
Round summary: passed 5/5 | mean_vs_baseline=- | mean_speedup=36.57x | mean_latency=0.2903 ms

=== Optimization Round 77/100 ===
[CYCLE] action_node=16 action_node_id=sequence_wide_short_stage_tune attempt=2 parent_is_root=no base_code=yes

[STAGE] codegen: attempt 2 (round 77) no_improve_streak=0/5 no_improve_over_base=1/5

[STAGE] create Solution object from current code (round 77)

[STAGE] evaluate solution (round 77)
Round summary: passed 5/5 | mean_vs_baseline=- | mean_speedup=36.43x | mean_latency=0.2893 ms

=== Optimization Round 78/100 ===
[CYCLE] action_node=16 action_node_id=sequence_wide_short_stage_tune attempt=3 parent_is_root=no base_code=yes

[STAGE] codegen: attempt 3 (round 78) no_improve_streak=1/5 no_improve_over_base=2/5

[STAGE] create Solution object from current code (round 78)

[STAGE] evaluate solution (round 78)
Round summary: passed 5/5 | mean_vs_baseline=- | mean_speedup=36.12x | mean_latency=0.2916 ms

=== Optimization Round 79/100 ===
[CYCLE] action_node=16 action_node_id=sequence_wide_short_stage_tune attempt=4 parent_is_root=no base_code=yes

[STAGE] codegen: attempt 4 (round 79) no_improve_streak=2/5 no_improve_over_base=3/5

[STAGE] create Solution object from current code (round 79)

[STAGE] evaluate solution (round 79)
Round summary: passed 5/5 | mean_vs_baseline=- | mean_speedup=36.47x | mean_latency=0.2896 ms

=== Optimization Round 80/100 ===
[CYCLE] action_node=16 action_node_id=sequence_wide_short_stage_tune attempt=5 parent_is_root=no base_code=yes

[STAGE] codegen: attempt 5 (round 80) no_improve_streak=3/5 no_improve_over_base=4/5

[STAGE] create Solution object from current code (round 80)

[STAGE] evaluate solution (round 80)
Round summary: passed 5/5 | mean_vs_baseline=- | mean_speedup=36.74x | mean_latency=0.2891 ms

[STAGE] cycle end: attach+refine best PASSED (round 80, score=36.743)
WM status: nodes=25 attached_solutions=16 active_leaf_id=sequence_wide_short_stage_tune depth=2
  last_trace: status=passed speedup=36.27x latency=0.2924ms
  active_path: root:<root> | sequence_wide_short:program_ownership_family->sequence_wide_short_context | sequence_wide_short_stage_tune:short_context_refinement_axis->generic_short_num_stages_one
  nodes_preview: root:<root> | sequence_head_group:program_ownership_family→sequence_owned_head_group | sequence_wide_short:program_ownership_family→sequence_wide_short_context | independent_head:program_ownership_family→independent_head_rows | sequence_head_group_prefetch:load_schedule_refinement→software_pipelined_page_prefetch | prefetch_context_bucketed_group4:head_gro ... e_refinement→context_bucketed_group4 | node_mla_paged_decode_h16_ckv512_kpe64_ps1_r14_cont_1:Continue→Next-step refinement | node_best_cont_r16_1:Continue from best→Next-step refine ... est solution | ...
[WM] apply_edit_ops: ops=3 updates=2 inserts=0 split_children=0 deletes=0 new_nodes_added=0/3 skipped_cap=0 skipped_missing_parent=0 skipped_parent_solution_id_mismatch=1 skipped_update_missing_node=0 skipped_insert_invalid_node=0 skipped_split_invalid_children=0 skipped_delete_not_allowed=0
[WM][WARN] edit-ops had skipped operations; refine will retry if this was a refine call.
[WM] apply_edit_ops: ops=3 updates=2 inserts=0 split_children=1 deletes=0 new_nodes_added=1/3 skipped_cap=0 skipped_missing_parent=0 skipped_parent_solution_id_mismatch=0 skipped_update_missing_node=0 skipped_insert_invalid_node=0 skipped_split_invalid_children=0 skipped_delete_not_allowed=0
WM status: nodes=26 attached_solutions=16 active_leaf_id=sequence_wide_short_stage1_block16_gate depth=3
  last_trace: status=passed speedup=36.74x latency=0.2891ms
  active_path: root:<root> | sequence_wide_short:program_ownership_family->sequence_wide_short_context | sequence_wide_short_stage_tune:short_context_refinement_axis->generic_short_num_stages_one | sequence_wide_short_stage1_block16_gate:short_context_stage_gating->stage_one_only_for_block_n16
  nodes_preview: root:<root> | sequence_head_group:program_ownership_family→sequence_owned_head_group | sequence_wide_short:program_ownership_family→sequence_wide_short_context | independent_head:program_ownership_family→independent_head_rows | sequence_head_group_prefetch:load_schedule_refinement→software_pipelined_page_prefetch | prefetch_context_bucketed_group4:head_gro ... e_refinement→context_bucketed_group4 | node_mla_paged_decode_h16_ckv512_kpe64_ps1_r14_cont_1:Continue→Next-step refinement | node_best_cont_r16_1:Continue from best→Next-step refine ... est solution | ...

[STAGE] world model: select next action (cycle start @ round 81)
[WM] apply_edit_ops: ops=6 updates=5 inserts=1 split_children=0 deletes=0 new_nodes_added=1/3 skipped_cap=0 skipped_missing_parent=0 skipped_parent_solution_id_mismatch=0 skipped_update_missing_node=0 skipped_insert_invalid_node=0 skipped_split_invalid_children=0 skipped_delete_not_allowed=0
WM status: nodes=27 attached_solutions=16 active_leaf_id=sequence_wide_short_singleton_warp4 depth=2
  last_trace: status=passed speedup=36.74x latency=0.2891ms
  active_path: root:<root> | sequence_wide_short:program_ownership_family->sequence_wide_short_context | sequence_wide_short_singleton_warp4:short_context_refinement_axis->singleton_num_warps_four
  nodes_preview: root:<root> | sequence_head_group:program_ownership_family→sequence_owned_head_group | sequence_wide_short:program_ownership_family→sequence_wide_short_context | independent_head:program_ownership_family→independent_head_rows | sequence_head_group_prefetch:load_schedule_refinement→software_pipelined_page_prefetch | prefetch_context_bucketed_group4:head_gro ... e_refinement→context_bucketed_group4 | node_mla_paged_decode_h16_ckv512_kpe64_ps1_r14_cont_1:Continue→Next-step refinement | node_best_cont_r16_1:Continue from best→Next-step refine ... est solution | ...
World Model: Open Action Nodes (candidates) frontier=10 total_open=10
1. rating=9.9/10 score=0.35 diff=2/5 conf=0.99 vs_base~? | node_id=node_mla_paged_decode_h16_ckv512_kpe64_ps1_r54_cont_1 parent_id=node_best_cont_r36_1 | Next-step refinement: target the top bottleneck operation — Propose one small change that targets the primary bottleneck operation indicated by the latest eval (e.g., reduce sync, reduce redundant loads, or improve locality), without changing the overall mapping plan.
2. rating=7.2/10 score=0.71 diff=1/5 conf=0.72 vs_base~1.00x | node_id=sequence_wide_short_singleton_warp4 parent_id=sequence_wide_short | Benchmark four warps for the dedicated singleton kernel
3. rating=7.2/10 score=0.35 diff=2/5 conf=0.99 vs_base~? | node_id=node_mla_paged_decode_h16_ckv512_kpe64_ps1_r70_cont_1 parent_id=sequence_wide_short_warp_tune | Next-step refinement: target the top bottleneck operation — Propose one small change that targets the primary bottleneck operation indicated by the latest eval (e.g., reduce sync, reduce redundant loads, or improve locality), without changing the overall mapping plan.
4. rating=5.1/10 score=0.35 diff=2/5 conf=0.96 vs_base~? | node_id=node_mla_paged_decode_h16_ckv512_kpe64_ps1_r24_cont_1 parent_id=node_mla_paged_decode_h16_ckv512_kpe64_ps1_r15_adaptive_warps | Next-step refinement: target the top bottleneck operation — Propose one small change that targets the primary bottleneck operation indicated by the latest eval (e.g., reduce sync, reduce redundant loads, or improve locality), without changing the overall mapping plan.
5. rating=4.3/10 score=0.35 diff=2/5 conf=0.58 vs_base~? | node_id=node_mla_paged_decode_h16_ckv512_kpe64_ps1_r47_cont_1 parent_id=node_actual_launch_hg2_w4_literal_repair | Next-step refinement: target the top bottleneck operation — Propose one small change that targets the primary bottleneck operation indicated by the latest eval (e.g., reduce sync, reduce redundant loads, or improve locality), without changing the overall mapping plan.
6. rating=4.3/10 score=0.34 diff=2/5 conf=0.55 vs_base~1.00x | node_id=sequence_wide_short_stage1_block16_gate parent_id=sequence_wide_short_stage_tune | Use one pipeline stage only for the BLOCK_N=16 short-context launch
7. rating=4.1/10 score=0.31 diff=4/5 conf=0.43 vs_base~0.92x | node_id=node_best_cont_r16_hg4_short_dispatch parent_id=node_best_cont_r16_1 | Dispatch four-head groups for short contexts
8. rating=3.4/10 score=0.27 diff=2/5 conf=0.46 vs_base~0.99x | node_id=sequence_wide_short_singleton_stage_tune parent_id=sequence_wide_short_singleton_warp_tune | Benchmark an eight-warp, one-stage singleton launch
World Model: Chosen Next Action (from decision tree node)
- node_id: sequence_wide_short_singleton_warp4
- base_node_id: sequence_wide_short
- title: Benchmark four warps for the dedicated singleton kernel
- difficulty_1_to_5: 1
- expected_vs_baseline_factor: 1.00x

=== Optimization Round 81/100 ===
[CYCLE] action_node=17 action_node_id=sequence_wide_short_singleton_warp4 attempt=1 parent_is_root=no base_code=yes

[STAGE] codegen: attempt 1 (round 81) no_improve_streak=0/5 no_improve_over_base=0/5

[STAGE] create Solution object from current code (round 81)

[STAGE] evaluate solution (round 81)
Round summary: passed 5/5 | mean_vs_baseline=- | mean_speedup=36.43x | mean_latency=0.2934 ms

=== Optimization Round 82/100 ===
[CYCLE] action_node=17 action_node_id=sequence_wide_short_singleton_warp4 attempt=2 parent_is_root=no base_code=yes

[STAGE] codegen: attempt 2 (round 82) no_improve_streak=0/5 no_improve_over_base=1/5

[STAGE] create Solution object from current code (round 82)

[STAGE] evaluate solution (round 82)
Round summary: passed 5/5 | mean_vs_baseline=- | mean_speedup=36.09x | mean_latency=0.2918 ms

=== Optimization Round 83/100 ===
[CYCLE] action_node=17 action_node_id=sequence_wide_short_singleton_warp4 attempt=3 parent_is_root=no base_code=yes

[STAGE] codegen: attempt 3 (round 83) no_improve_streak=1/5 no_improve_over_base=2/5

[STAGE] create Solution object from current code (round 83)

[STAGE] evaluate solution (round 83)
Round summary: passed 5/5 | mean_vs_baseline=- | mean_speedup=36.57x | mean_latency=0.2895 ms

=== Optimization Round 84/100 ===
[CYCLE] action_node=17 action_node_id=sequence_wide_short_singleton_warp4 attempt=4 parent_is_root=no base_code=yes

[STAGE] codegen: attempt 4 (round 84) no_improve_streak=0/5 no_improve_over_base=3/5

[STAGE] create Solution object from current code (round 84)

[STAGE] evaluate solution (round 84)
Round summary: passed 5/5 | mean_vs_baseline=- | mean_speedup=36.20x | mean_latency=0.2942 ms

=== Optimization Round 85/100 ===
[CYCLE] action_node=17 action_node_id=sequence_wide_short_singleton_warp4 attempt=5 parent_is_root=no base_code=yes

[STAGE] codegen: attempt 5 (round 85) no_improve_streak=1/5 no_improve_over_base=4/5

[STAGE] create Solution object from current code (round 85)

[STAGE] evaluate solution (round 85)
Round summary: passed 5/5 | mean_vs_baseline=- | mean_speedup=36.68x | mean_latency=0.2892 ms

[STAGE] cycle end: attach+refine best PASSED (round 85, score=36.684)
WM status: nodes=27 attached_solutions=17 active_leaf_id=sequence_wide_short_singleton_warp4 depth=2
  last_trace: status=passed speedup=36.74x latency=0.2891ms
  active_path: root:<root> | sequence_wide_short:program_ownership_family->sequence_wide_short_context | sequence_wide_short_singleton_warp4:short_context_refinement_axis->singleton_num_warps_four
  nodes_preview: root:<root> | sequence_head_group:program_ownership_family→sequence_owned_head_group | sequence_wide_short:program_ownership_family→sequence_wide_short_context | independent_head:program_ownership_family→independent_head_rows | sequence_head_group_prefetch:load_schedule_refinement→software_pipelined_page_prefetch | prefetch_context_bucketed_group4:head_gro ... e_refinement→context_bucketed_group4 | node_mla_paged_decode_h16_ckv512_kpe64_ps1_r14_cont_1:Continue→Next-step refinement | node_best_cont_r16_1:Continue from best→Next-step refine ... est solution | ...
[WM] apply_edit_ops: ops=3 updates=2 inserts=0 split_children=0 deletes=0 new_nodes_added=0/3 skipped_cap=0 skipped_missing_parent=0 skipped_parent_solution_id_mismatch=1 skipped_update_missing_node=0 skipped_insert_invalid_node=0 skipped_split_invalid_children=0 skipped_delete_not_allowed=0
[WM][WARN] edit-ops had skipped operations; refine will retry if this was a refine call.
[WM] apply_edit_ops: ops=2 updates=1 inserts=0 split_children=0 deletes=0 new_nodes_added=0/3 skipped_cap=0 skipped_missing_parent=0 skipped_parent_solution_id_mismatch=1 skipped_update_missing_node=0 skipped_insert_invalid_node=0 skipped_split_invalid_children=0 skipped_delete_not_allowed=0
[WM][WARN] edit-ops had skipped operations; refine will retry if this was a refine call.
[WM] apply_edit_ops: ops=3 updates=2 inserts=0 split_children=0 deletes=0 new_nodes_added=0/3 skipped_cap=0 skipped_missing_parent=0 skipped_parent_solution_id_mismatch=1 skipped_update_missing_node=0 skipped_insert_invalid_node=0 skipped_split_invalid_children=0 skipped_delete_not_allowed=0
[WM][WARN] edit-ops had skipped operations; refine will retry if this was a refine call.
WM status: nodes=28 attached_solutions=17 active_leaf_id=sequence_wide_short_singleton_warp4 depth=2
  last_trace: status=passed speedup=36.68x latency=0.2892ms
  active_path: root:<root> | sequence_wide_short:program_ownership_family->sequence_wide_short_context | sequence_wide_short_singleton_warp4:short_context_refinement_axis->singleton_num_warps_four
  nodes_preview: root:<root> | sequence_head_group:program_ownership_family→sequence_owned_head_group | sequence_wide_short:program_ownership_family→sequence_wide_short_context | independent_head:program_ownership_family→independent_head_rows | sequence_head_group_prefetch:load_schedule_refinement→software_pipelined_page_prefetch | prefetch_context_bucketed_group4:head_gro ... e_refinement→context_bucketed_group4 | node_mla_paged_decode_h16_ckv512_kpe64_ps1_r14_cont_1:Continue→Next-step refinement | node_best_cont_r16_1:Continue from best→Next-step refine ... est solution | ...

[STAGE] world model: select next action (cycle start @ round 86)
[WM] apply_edit_ops: ops=3 updates=2 inserts=1 split_children=0 deletes=0 new_nodes_added=1/3 skipped_cap=0 skipped_missing_parent=0 skipped_parent_solution_id_mismatch=0 skipped_update_missing_node=0 skipped_insert_invalid_node=0 skipped_split_invalid_children=0 skipped_delete_not_allowed=0
WM status: nodes=29 attached_solutions=17 active_leaf_id=sequence_wide_short_stage1 depth=2
  last_trace: status=passed speedup=36.68x latency=0.2892ms
  active_path: root:<root> | sequence_wide_short:program_ownership_family->sequence_wide_short_context | sequence_wide_short_stage1:short_context_refinement_axis->sequence_wide_num_stages_one
  nodes_preview: root:<root> | sequence_head_group:program_ownership_family→sequence_owned_head_group | sequence_wide_short:program_ownership_family→sequence_wide_short_context | independent_head:program_ownership_family→independent_head_rows | sequence_head_group_prefetch:load_schedule_refinement→software_pipelined_page_prefetch | prefetch_context_bucketed_group4:head_gro ... e_refinement→context_bucketed_group4 | node_mla_paged_decode_h16_ckv512_kpe64_ps1_r14_cont_1:Continue→Next-step refinement | node_best_cont_r16_1:Continue from best→Next-step refine ... est solution | ...
World Model: Open Action Nodes (candidates) frontier=11 total_open=11
1. rating=9.9/10 score=0.35 diff=2/5 conf=0.99 vs_base~? | node_id=node_mla_paged_decode_h16_ckv512_kpe64_ps1_r54_cont_1 parent_id=node_best_cont_r36_1 | Next-step refinement: target the top bottleneck operation — Propose one small change that targets the primary bottleneck operation indicated by the latest eval (e.g., reduce sync, reduce redundant loads, or improve locality), without changing the overall mapping plan.
2. rating=7.2/10 score=0.35 diff=2/5 conf=0.99 vs_base~? | node_id=node_mla_paged_decode_h16_ckv512_kpe64_ps1_r70_cont_1 parent_id=sequence_wide_short_warp_tune | Next-step refinement: target the top bottleneck operation — Propose one small change that targets the primary bottleneck operation indicated by the latest eval (e.g., reduce sync, reduce redundant loads, or improve locality), without changing the overall mapping plan.
3. rating=6.4/10 score=0.63 diff=1/5 conf=0.58 vs_base~0.99x | node_id=sequence_wide_short_stage1 parent_id=sequence_wide_short | Benchmark num_stages=1 for the sequence-wide short kernel
4. rating=5.1/10 score=0.35 diff=2/5 conf=0.96 vs_base~? | node_id=node_mla_paged_decode_h16_ckv512_kpe64_ps1_r24_cont_1 parent_id=node_mla_paged_decode_h16_ckv512_kpe64_ps1_r15_adaptive_warps | Next-step refinement: target the top bottleneck operation — Propose one small change that targets the primary bottleneck operation indicated by the latest eval (e.g., reduce sync, reduce redundant loads, or improve locality), without changing the overall mapping plan.
5. rating=4.3/10 score=0.35 diff=2/5 conf=0.58 vs_base~? | node_id=node_mla_paged_decode_h16_ckv512_kpe64_ps1_r47_cont_1 parent_id=node_actual_launch_hg2_w4_literal_repair | Next-step refinement: target the top bottleneck operation — Propose one small change that targets the primary bottleneck operation indicated by the latest eval (e.g., reduce sync, reduce redundant loads, or improve locality), without changing the overall mapping plan.
6. rating=4.3/10 score=0.34 diff=2/5 conf=0.55 vs_base~1.00x | node_id=sequence_wide_short_stage1_block16_gate parent_id=sequence_wide_short_stage_tune | Use one pipeline stage only for the BLOCK_N=16 short-context launch
7. rating=4.1/10 score=0.31 diff=4/5 conf=0.43 vs_base~0.92x | node_id=node_best_cont_r16_hg4_short_dispatch parent_id=node_best_cont_r16_1 | Dispatch four-head groups for short contexts
8. rating=3.4/10 score=0.27 diff=2/5 conf=0.46 vs_base~0.99x | node_id=sequence_wide_short_singleton_stage_tune parent_id=sequence_wide_short_singleton_warp_tune | Benchmark an eight-warp, one-stage singleton launch
World Model: Chosen Next Action (from decision tree node)
- node_id: sequence_wide_short_stage1
- base_node_id: sequence_wide_short
- title: Benchmark num_stages=1 for the sequence-wide short kernel
- difficulty_1_to_5: 1
- expected_vs_baseline_factor: 0.99x

=== Optimization Round 86/100 ===
[CYCLE] action_node=18 action_node_id=sequence_wide_short_stage1 attempt=1 parent_is_root=no base_code=yes

[STAGE] codegen: attempt 1 (round 86) no_improve_streak=0/5 no_improve_over_base=0/5

[STAGE] create Solution object from current code (round 86)

[STAGE] evaluate solution (round 86)
Round summary: passed 5/5 | mean_vs_baseline=- | mean_speedup=36.13x | mean_latency=0.2921 ms

=== Optimization Round 87/100 ===
[CYCLE] action_node=18 action_node_id=sequence_wide_short_stage1 attempt=2 parent_is_root=no base_code=yes

[STAGE] codegen: attempt 2 (round 87) no_improve_streak=0/5 no_improve_over_base=1/5

[STAGE] create Solution object from current code (round 87)

[STAGE] evaluate solution (round 87)
Round summary: passed 5/5 | mean_vs_baseline=- | mean_speedup=36.46x | mean_latency=0.2901 ms

=== Optimization Round 88/100 ===
[CYCLE] action_node=18 action_node_id=sequence_wide_short_stage1 attempt=3 parent_is_root=no base_code=yes

[STAGE] codegen: attempt 3 (round 88) no_improve_streak=0/5 no_improve_over_base=2/5

[STAGE] create Solution object from current code (round 88)

[STAGE] evaluate solution (round 88)
Round summary: passed 5/5 | mean_vs_baseline=- | mean_speedup=36.66x | mean_latency=0.2896 ms

=== Optimization Round 89/100 ===
[CYCLE] action_node=18 action_node_id=sequence_wide_short_stage1 attempt=4 parent_is_root=no base_code=yes

[STAGE] codegen: attempt 4 (round 89) no_improve_streak=0/5 no_improve_over_base=3/5

[STAGE] create Solution object from current code (round 89)

[STAGE] evaluate solution (round 89)
Round summary: passed 5/5 | mean_vs_baseline=- | mean_speedup=36.36x | mean_latency=0.2931 ms

=== Optimization Round 90/100 ===
[CYCLE] action_node=18 action_node_id=sequence_wide_short_stage1 attempt=5 parent_is_root=no base_code=yes

[STAGE] codegen: attempt 5 (round 90) no_improve_streak=1/5 no_improve_over_base=4/5

[STAGE] create Solution object from current code (round 90)

[STAGE] evaluate solution (round 90)
Round summary: passed 5/5 | mean_vs_baseline=- | mean_speedup=35.58x | mean_latency=0.3032 ms

[STAGE] cycle end: attach+refine best PASSED (round 88, score=36.656)
WM status: nodes=29 attached_solutions=18 active_leaf_id=sequence_wide_short_stage1 depth=2
  last_trace: status=passed speedup=36.68x latency=0.2892ms
  active_path: root:<root> | sequence_wide_short:program_ownership_family->sequence_wide_short_context | sequence_wide_short_stage1:short_context_refinement_axis->sequence_wide_num_stages_one
  nodes_preview: root:<root> | sequence_head_group:program_ownership_family→sequence_owned_head_group | sequence_wide_short:program_ownership_family→sequence_wide_short_context | independent_head:program_ownership_family→independent_head_rows | sequence_head_group_prefetch:load_schedule_refinement→software_pipelined_page_prefetch | prefetch_context_bucketed_group4:head_gro ... e_refinement→context_bucketed_group4 | node_mla_paged_decode_h16_ckv512_kpe64_ps1_r14_cont_1:Continue→Next-step refinement | node_best_cont_r16_1:Continue from best→Next-step refine ... est solution | ...
[WM] apply_edit_ops: ops=2 updates=1 inserts=0 split_children=0 deletes=0 new_nodes_added=0/3 skipped_cap=0 skipped_missing_parent=0 skipped_parent_solution_id_mismatch=1 skipped_update_missing_node=0 skipped_insert_invalid_node=0 skipped_split_invalid_children=0 skipped_delete_not_allowed=0
[WM][WARN] edit-ops had skipped operations; refine will retry if this was a refine call.
[WM] apply_edit_ops: ops=3 updates=2 inserts=0 split_children=1 deletes=0 new_nodes_added=1/3 skipped_cap=0 skipped_missing_parent=0 skipped_parent_solution_id_mismatch=0 skipped_update_missing_node=0 skipped_insert_invalid_node=0 skipped_split_invalid_children=0 skipped_delete_not_allowed=0
WM status: nodes=30 attached_solutions=18 active_leaf_id=sequence_wide_short_stage1_warp4 depth=3
  last_trace: status=passed speedup=36.66x latency=0.2896ms
  active_path: root:<root> | sequence_wide_short:program_ownership_family->sequence_wide_short_context | sequence_wide_short_stage1:short_context_refinement_axis->sequence_wide_num_stages_one | sequence_wide_short_stage1_warp4:short_context_warp_count_after_stage1->num_warps_4
  nodes_preview: root:<root> | sequence_head_group:program_ownership_family→sequence_owned_head_group | sequence_wide_short:program_ownership_family→sequence_wide_short_context | independent_head:program_ownership_family→independent_head_rows | sequence_head_group_prefetch:load_schedule_refinement→software_pipelined_page_prefetch | prefetch_context_bucketed_group4:head_gro ... e_refinement→context_bucketed_group4 | node_mla_paged_decode_h16_ckv512_kpe64_ps1_r14_cont_1:Continue→Next-step refinement | node_best_cont_r16_1:Continue from best→Next-step refine ... est solution | ...

[STAGE] world model: select next action (cycle start @ round 91)
[WM] apply_edit_ops: ops=6 updates=5 inserts=1 split_children=0 deletes=0 new_nodes_added=1/3 skipped_cap=0 skipped_missing_parent=0 skipped_parent_solution_id_mismatch=0 skipped_update_missing_node=0 skipped_insert_invalid_node=0 skipped_split_invalid_children=0 skipped_delete_not_allowed=0
WM status: nodes=31 attached_solutions=18 active_leaf_id=sequence_wide_short_blockd64 depth=2
  last_trace: status=passed speedup=36.66x latency=0.2896ms
  active_path: root:<root> | sequence_wide_short:program_ownership_family->sequence_wide_short_context | sequence_wide_short_blockd64:short_context_refinement_axis->output_tile_width_64
  nodes_preview: root:<root> | sequence_head_group:program_ownership_family→sequence_owned_head_group | sequence_wide_short:program_ownership_family→sequence_wide_short_context | independent_head:program_ownership_family→independent_head_rows | sequence_head_group_prefetch:load_schedule_refinement→software_pipelined_page_prefetch | prefetch_context_bucketed_group4:head_gro ... e_refinement→context_bucketed_group4 | node_mla_paged_decode_h16_ckv512_kpe64_ps1_r14_cont_1:Continue→Next-step refinement | node_best_cont_r16_1:Continue from best→Next-step refine ... est solution | ...
World Model: Open Action Nodes (candidates) frontier=12 total_open=12
1. rating=9.9/10 score=0.35 diff=2/5 conf=0.99 vs_base~? | node_id=node_mla_paged_decode_h16_ckv512_kpe64_ps1_r54_cont_1 parent_id=node_best_cont_r36_1 | Next-step refinement: target the top bottleneck operation — Propose one small change that targets the primary bottleneck operation indicated by the latest eval (e.g., reduce sync, reduce redundant loads, or improve locality), without changing the overall mapping plan.
2. rating=7.2/10 score=0.35 diff=2/5 conf=0.99 vs_base~? | node_id=node_mla_paged_decode_h16_ckv512_kpe64_ps1_r70_cont_1 parent_id=sequence_wide_short_warp_tune | Next-step refinement: target the top bottleneck operation — Propose one small change that targets the primary bottleneck operation indicated by the latest eval (e.g., reduce sync, reduce redundant loads, or improve locality), without changing the overall mapping plan.
3. rating=6.3/10 score=0.59 diff=2/5 conf=0.58 vs_base~1.00x | node_id=sequence_wide_short_blockd64 parent_id=sequence_wide_short | Benchmark 64-wide short-context output tiles
4. rating=5.1/10 score=0.35 diff=2/5 conf=0.96 vs_base~? | node_id=node_mla_paged_decode_h16_ckv512_kpe64_ps1_r24_cont_1 parent_id=node_mla_paged_decode_h16_ckv512_kpe64_ps1_r15_adaptive_warps | Next-step refinement: target the top bottleneck operation — Propose one small change that targets the primary bottleneck operation indicated by the latest eval (e.g., reduce sync, reduce redundant loads, or improve locality), without changing the overall mapping plan.
5. rating=4.3/10 score=0.35 diff=2/5 conf=0.58 vs_base~? | node_id=node_mla_paged_decode_h16_ckv512_kpe64_ps1_r47_cont_1 parent_id=node_actual_launch_hg2_w4_literal_repair | Next-step refinement: target the top bottleneck operation — Propose one small change that targets the primary bottleneck operation indicated by the latest eval (e.g., reduce sync, reduce redundant loads, or improve locality), without changing the overall mapping plan.
6. rating=4.3/10 score=0.34 diff=2/5 conf=0.55 vs_base~1.00x | node_id=sequence_wide_short_stage1_block16_gate parent_id=sequence_wide_short_stage_tune | Use one pipeline stage only for the BLOCK_N=16 short-context launch
7. rating=4.1/10 score=0.31 diff=4/5 conf=0.43 vs_base~0.92x | node_id=node_best_cont_r16_hg4_short_dispatch parent_id=node_best_cont_r16_1 | Dispatch four-head groups for short contexts
8. rating=3.4/10 score=0.27 diff=2/5 conf=0.46 vs_base~0.99x | node_id=sequence_wide_short_singleton_stage_tune parent_id=sequence_wide_short_singleton_warp_tune | Benchmark an eight-warp, one-stage singleton launch
World Model: Chosen Next Action (from decision tree node)
- node_id: sequence_wide_short_blockd64
- base_node_id: sequence_wide_short
- title: Benchmark 64-wide short-context output tiles
- difficulty_1_to_5: 2
- expected_vs_baseline_factor: 1.00x

=== Optimization Round 91/100 ===
[CYCLE] action_node=19 action_node_id=sequence_wide_short_blockd64 attempt=1 parent_is_root=no base_code=yes

[STAGE] codegen: attempt 1 (round 91) no_improve_streak=0/5 no_improve_over_base=0/5

[STAGE] create Solution object from current code (round 91)

[STAGE] evaluate solution (round 91)
Round summary: passed 5/5 | mean_vs_baseline=- | mean_speedup=36.58x | mean_latency=0.2897 ms

=== Optimization Round 92/100 ===
[CYCLE] action_node=19 action_node_id=sequence_wide_short_blockd64 attempt=2 parent_is_root=no base_code=yes

[STAGE] codegen: attempt 2 (round 92) no_improve_streak=0/5 no_improve_over_base=1/5

[STAGE] create Solution object from current code (round 92)

[STAGE] evaluate solution (round 92)
Round summary: passed 5/5 | mean_vs_baseline=- | mean_speedup=34.69x | mean_latency=0.3006 ms

=== Optimization Round 93/100 ===
[CYCLE] action_node=19 action_node_id=sequence_wide_short_blockd64 attempt=3 parent_is_root=no base_code=yes

[STAGE] codegen: attempt 3 (round 93) no_improve_streak=1/5 no_improve_over_base=2/5

[STAGE] create Solution object from current code (round 93)

[STAGE] evaluate solution (round 93)
Round summary: passed 5/5 | mean_vs_baseline=- | mean_speedup=34.99x | mean_latency=0.3003 ms

=== Optimization Round 94/100 ===
[CYCLE] action_node=19 action_node_id=sequence_wide_short_blockd64 attempt=4 parent_is_root=no base_code=yes

[STAGE] codegen: attempt 4 (round 94) no_improve_streak=2/5 no_improve_over_base=3/5

[STAGE] create Solution object from current code (round 94)

[STAGE] evaluate solution (round 94)
Round summary: passed 5/5 | mean_vs_baseline=- | mean_speedup=35.15x | mean_latency=0.2983 ms

=== Optimization Round 95/100 ===
[CYCLE] action_node=19 action_node_id=sequence_wide_short_blockd64 attempt=5 parent_is_root=no base_code=yes

[STAGE] codegen: attempt 5 (round 95) no_improve_streak=3/5 no_improve_over_base=4/5

[STAGE] create Solution object from current code (round 95)

[STAGE] evaluate solution (round 95)
Round summary: passed 5/5 | mean_vs_baseline=- | mean_speedup=34.44x | mean_latency=0.3078 ms

[STAGE] cycle end: attach+refine best PASSED (round 91, score=36.577)
WM status: nodes=31 attached_solutions=19 active_leaf_id=sequence_wide_short_blockd64 depth=2
  last_trace: status=passed speedup=36.66x latency=0.2896ms
  active_path: root:<root> | sequence_wide_short:program_ownership_family->sequence_wide_short_context | sequence_wide_short_blockd64:short_context_refinement_axis->output_tile_width_64
  nodes_preview: root:<root> | sequence_head_group:program_ownership_family→sequence_owned_head_group | sequence_wide_short:program_ownership_family→sequence_wide_short_context | independent_head:program_ownership_family→independent_head_rows | sequence_head_group_prefetch:load_schedule_refinement→software_pipelined_page_prefetch | prefetch_context_bucketed_group4:head_gro ... e_refinement→context_bucketed_group4 | node_mla_paged_decode_h16_ckv512_kpe64_ps1_r14_cont_1:Continue→Next-step refinement | node_best_cont_r16_1:Continue from best→Next-step refine ... est solution | ...
[WM] apply_edit_ops: ops=3 updates=2 inserts=0 split_children=0 deletes=0 new_nodes_added=0/3 skipped_cap=0 skipped_missing_parent=0 skipped_parent_solution_id_mismatch=1 skipped_update_missing_node=0 skipped_insert_invalid_node=0 skipped_split_invalid_children=0 skipped_delete_not_allowed=0
[WM][WARN] edit-ops had skipped operations; refine will retry if this was a refine call.
[WM] apply_edit_ops: ops=2 updates=1 inserts=0 split_children=1 deletes=0 new_nodes_added=1/3 skipped_cap=0 skipped_missing_parent=0 skipped_parent_solution_id_mismatch=0 skipped_update_missing_node=0 skipped_insert_invalid_node=0 skipped_split_invalid_children=0 skipped_delete_not_allowed=0
WM status: nodes=32 attached_solutions=19 active_leaf_id=sequence_wide_short_blockd64_warp4 depth=3
  last_trace: status=passed speedup=36.58x latency=0.2897ms
  active_path: root:<root> | sequence_wide_short:program_ownership_family->sequence_wide_short_context | sequence_wide_short_blockd64:short_context_refinement_axis->output_tile_width_64 | sequence_wide_short_blockd64_warp4:short_context_warp_count->num_warps_4
  nodes_preview: root:<root> | sequence_head_group:program_ownership_family→sequence_owned_head_group | sequence_wide_short:program_ownership_family→sequence_wide_short_context | independent_head:program_ownership_family→independent_head_rows | sequence_head_group_prefetch:load_schedule_refinement→software_pipelined_page_prefetch | prefetch_context_bucketed_group4:head_gro ... e_refinement→context_bucketed_group4 | node_mla_paged_decode_h16_ckv512_kpe64_ps1_r14_cont_1:Continue→Next-step refinement | node_best_cont_r16_1:Continue from best→Next-step refine ... est solution | ...

[STAGE] world model: select next action (cycle start @ round 96)
[WM] apply_edit_ops: ops=4 updates=3 inserts=1 split_children=0 deletes=0 new_nodes_added=1/3 skipped_cap=0 skipped_missing_parent=0 skipped_parent_solution_id_mismatch=0 skipped_update_missing_node=0 skipped_insert_invalid_node=0 skipped_split_invalid_children=0 skipped_delete_not_allowed=0
WM status: nodes=33 attached_solutions=19 active_leaf_id=sequence_wide_short_blockd128 depth=2
  last_trace: status=passed speedup=36.58x latency=0.2897ms
  active_path: root:<root> | sequence_wide_short:program_ownership_family->sequence_wide_short_context | sequence_wide_short_blockd128:short_context_refinement_axis->output_tile_width_128
  nodes_preview: root:<root> | sequence_head_group:program_ownership_family→sequence_owned_head_group | sequence_wide_short:program_ownership_family→sequence_wide_short_context | independent_head:program_ownership_family→independent_head_rows | sequence_head_group_prefetch:load_schedule_refinement→software_pipelined_page_prefetch | prefetch_context_bucketed_group4:head_gro ... e_refinement→context_bucketed_group4 | node_mla_paged_decode_h16_ckv512_kpe64_ps1_r14_cont_1:Continue→Next-step refinement | node_best_cont_r16_1:Continue from best→Next-step refine ... est solution | ...
World Model: Open Action Nodes (candidates) frontier=13 total_open=13
1. rating=9.9/10 score=0.35 diff=2/5 conf=0.99 vs_base~? | node_id=node_mla_paged_decode_h16_ckv512_kpe64_ps1_r54_cont_1 parent_id=node_best_cont_r36_1 | Next-step refinement: target the top bottleneck operation — Propose one small change that targets the primary bottleneck operation indicated by the latest eval (e.g., reduce sync, reduce redundant loads, or improve locality), without changing the overall mapping plan.
2. rating=7.4/10 score=0.74 diff=2/5 conf=0.72 vs_base~0.98x | node_id=sequence_wide_short_blockd128 parent_id=sequence_wide_short | Benchmark 128-wide short-context output tiles
3. rating=7.2/10 score=0.35 diff=2/5 conf=0.99 vs_base~? | node_id=node_mla_paged_decode_h16_ckv512_kpe64_ps1_r70_cont_1 parent_id=sequence_wide_short_warp_tune | Next-step refinement: target the top bottleneck operation — Propose one small change that targets the primary bottleneck operation indicated by the latest eval (e.g., reduce sync, reduce redundant loads, or improve locality), without changing the overall mapping plan.
4. rating=5.1/10 score=0.35 diff=2/5 conf=0.96 vs_base~? | node_id=node_mla_paged_decode_h16_ckv512_kpe64_ps1_r24_cont_1 parent_id=node_mla_paged_decode_h16_ckv512_kpe64_ps1_r15_adaptive_warps | Next-step refinement: target the top bottleneck operation — Propose one small change that targets the primary bottleneck operation indicated by the latest eval (e.g., reduce sync, reduce redundant loads, or improve locality), without changing the overall mapping plan.
5. rating=4.3/10 score=0.35 diff=2/5 conf=0.58 vs_base~? | node_id=node_mla_paged_decode_h16_ckv512_kpe64_ps1_r47_cont_1 parent_id=node_actual_launch_hg2_w4_literal_repair | Next-step refinement: target the top bottleneck operation — Propose one small change that targets the primary bottleneck operation indicated by the latest eval (e.g., reduce sync, reduce redundant loads, or improve locality), without changing the overall mapping plan.
6. rating=4.3/10 score=0.34 diff=2/5 conf=0.55 vs_base~1.00x | node_id=sequence_wide_short_stage1_block16_gate parent_id=sequence_wide_short_stage_tune | Use one pipeline stage only for the BLOCK_N=16 short-context launch
7. rating=4.1/10 score=0.31 diff=4/5 conf=0.43 vs_base~0.92x | node_id=node_best_cont_r16_hg4_short_dispatch parent_id=node_best_cont_r16_1 | Dispatch four-head groups for short contexts
8. rating=3.4/10 score=0.27 diff=2/5 conf=0.46 vs_base~0.99x | node_id=sequence_wide_short_singleton_stage_tune parent_id=sequence_wide_short_singleton_warp_tune | Benchmark an eight-warp, one-stage singleton launch
World Model: Chosen Next Action (from decision tree node)
- node_id: sequence_wide_short_blockd128
- base_node_id: sequence_wide_short
- title: Benchmark 128-wide short-context output tiles
- difficulty_1_to_5: 2
- expected_vs_baseline_factor: 0.98x

=== Optimization Round 96/100 ===
[CYCLE] action_node=20 action_node_id=sequence_wide_short_blockd128 attempt=1 parent_is_root=no base_code=yes

[STAGE] codegen: attempt 1 (round 96) no_improve_streak=0/5 no_improve_over_base=0/5

[STAGE] create Solution object from current code (round 96)

[STAGE] evaluate solution (round 96)
Round summary: passed 5/5 | mean_vs_baseline=- | mean_speedup=36.30x | mean_latency=0.2914 ms

=== Optimization Round 97/100 ===
[CYCLE] action_node=20 action_node_id=sequence_wide_short_blockd128 attempt=2 parent_is_root=no base_code=yes

[STAGE] codegen: attempt 2 (round 97) no_improve_streak=0/5 no_improve_over_base=1/5

[STAGE] create Solution object from current code (round 97)

[STAGE] evaluate solution (round 97)
Round summary: passed 5/5 | mean_vs_baseline=- | mean_speedup=35.94x | mean_latency=0.2933 ms

=== Optimization Round 98/100 ===
[CYCLE] action_node=20 action_node_id=sequence_wide_short_blockd128 attempt=3 parent_is_root=no base_code=yes

[STAGE] codegen: attempt 3 (round 98) no_improve_streak=1/5 no_improve_over_base=2/5

[STAGE] create Solution object from current code (round 98)

[STAGE] evaluate solution (round 98)
Round summary: passed 5/5 | mean_vs_baseline=- | mean_speedup=36.70x | mean_latency=0.2888 ms

=== Optimization Round 99/100 ===
[CYCLE] action_node=20 action_node_id=sequence_wide_short_blockd128 attempt=4 parent_is_root=no base_code=yes

[STAGE] codegen: attempt 4 (round 99) no_improve_streak=0/5 no_improve_over_base=3/5

[STAGE] create Solution object from current code (round 99)

[STAGE] evaluate solution (round 99)
Round summary: passed 5/5 | mean_vs_baseline=- | mean_speedup=36.79x | mean_latency=0.2886 ms

=== Optimization Round 100/100 ===
[CYCLE] action_node=20 action_node_id=sequence_wide_short_blockd128 attempt=5 parent_is_root=no base_code=yes

[STAGE] codegen: attempt 5 (round 100) no_improve_streak=0/5 no_improve_over_base=0/5

[STAGE] create Solution object from current code (round 100)

[STAGE] evaluate solution (round 100)
Round summary: passed 5/5 | mean_vs_baseline=- | mean_speedup=36.10x | mean_latency=0.2931 ms

[STAGE] cycle end: attach+refine best PASSED (round 99, score=36.789)
WM status: nodes=33 attached_solutions=20 active_leaf_id=sequence_wide_short_blockd128 depth=2
  last_trace: status=passed speedup=36.58x latency=0.2897ms
  active_path: root:<root> | sequence_wide_short:program_ownership_family->sequence_wide_short_context | sequence_wide_short_blockd128:short_context_refinement_axis->output_tile_width_128
  nodes_preview: root:<root> | sequence_head_group:program_ownership_family→sequence_owned_head_group | sequence_wide_short:program_ownership_family→sequence_wide_short_context | independent_head:program_ownership_family→independent_head_rows | sequence_head_group_prefetch:load_schedule_refinement→software_pipelined_page_prefetch | prefetch_context_bucketed_group4:head_gro ... e_refinement→context_bucketed_group4 | node_mla_paged_decode_h16_ckv512_kpe64_ps1_r14_cont_1:Continue→Next-step refinement | node_best_cont_r16_1:Continue from best→Next-step refine ... est solution | ...
[WM] apply_edit_ops: ops=3 updates=2 inserts=0 split_children=0 deletes=0 new_nodes_added=0/3 skipped_cap=0 skipped_missing_parent=0 skipped_parent_solution_id_mismatch=1 skipped_update_missing_node=0 skipped_insert_invalid_node=0 skipped_split_invalid_children=0 skipped_delete_not_allowed=0
[WM][WARN] edit-ops had skipped operations; refine will retry if this was a refine call.
[WM] apply_edit_ops: ops=3 updates=2 inserts=0 split_children=0 deletes=0 new_nodes_added=0/3 skipped_cap=0 skipped_missing_parent=0 skipped_parent_solution_id_mismatch=1 skipped_update_missing_node=0 skipped_insert_invalid_node=0 skipped_split_invalid_children=0 skipped_delete_not_allowed=0
[WM][WARN] edit-ops had skipped operations; refine will retry if this was a refine call.
[WM] apply_edit_ops: ops=2 updates=1 inserts=0 split_children=0 deletes=0 new_nodes_added=0/3 skipped_cap=0 skipped_missing_parent=0 skipped_parent_solution_id_mismatch=1 skipped_update_missing_node=0 skipped_insert_invalid_node=0 skipped_split_invalid_children=0 skipped_delete_not_allowed=0
[WM][WARN] edit-ops had skipped operations; refine will retry if this was a refine call.
WM status: nodes=34 attached_solutions=20 active_leaf_id=sequence_wide_short_blockd128 depth=2
  last_trace: status=passed speedup=36.79x latency=0.2886ms
  active_path: root:<root> | sequence_wide_short:program_ownership_family->sequence_wide_short_context | sequence_wide_short_blockd128:short_context_refinement_axis->output_tile_width_128
  nodes_preview: root:<root> | sequence_head_group:program_ownership_family→sequence_owned_head_group | sequence_wide_short:program_ownership_family→sequence_wide_short_context | independent_head:program_ownership_family→independent_head_rows | sequence_head_group_prefetch:load_schedule_refinement→software_pipelined_page_prefetch | prefetch_context_bucketed_group4:head_gro ... e_refinement→context_bucketed_group4 | node_mla_paged_decode_h16_ckv512_kpe64_ps1_r14_cont_1:Continue→Next-step refinement | node_best_cont_r16_1:Continue from best→Next-step refine ... est solution | ...
  ✓ Saved solution to: /data1/workspace/weihongren/baseline/ksearch/experiments/formal_20260914/mla_paged_decode_h16_ckv512_kpe64_ps1/run_seed0/ksearch-artifacts/mla_paged_decode_h16_ckv512_kpe64_ps1/solutions/mla_paged_decode_h16_ckv512_kpe64_ps1/AWS-GPT-5.6-Sol_mla_paged_decode_h16_ckv512_kpe64_ps1_triton_optimized_r99_20260914_164407_7569a579.json
[mla_paged_decode_h16_ckv512_kpe64_ps1] Generated solution: AWS-GPT-5.6-Sol_mla_paged_decode_h16_ckv512_kpe64_ps1_triton_optimized_r99_20260914_164407_7569a579
[mla_paged_decode_h16_ckv512_kpe64_ps1] Skipping final evaluation (--skip-final-eval); optimization feedback evaluation already ran.
